{"test/presicion_label_意見":0.8762626051902771,"val/f1score_label_その他":0.886904776096344,"test/multilabelaccuracy":0.954815149307251,"val/accuracy_label_繰り返し応答":0.9093032479286194,"val/f1score_label_同意":0.9102990031242371,"train/presicion_label_言い換え":0.9700928926467896,"val/multilabelrecall":0.890844464302063,"test/accuracy_label_同意":0.9338521361351013,"test/presicion_label_考えている最中":0.8944723606109619,"train/recall_label_想起":0.9800994992256165,"val/f1score_label_繰り返し応答":0.9311262369155884,"test/multilabelf1score":0.8821179866790771,"val/recall_label_意見":0.8443271517753601,"val/recall_label_驚き":0.8752108216285706,"val/multilabelprecision":0.899045467376709,"val/recall_label_不同意":0.9147287011146545,"val/f1score_label_感心":0.9869638085365295,"test/accuracy_label_その他":0.9159532785415649,"train/accuracy_label_考えている最中":0.9975189566612244,"val/f1score_label_納得":0.8818076252937317,"test/presicion_label_言い換え":0.8481308221817017,"train/f1score_label_評価":0.9855442047119141,"train/accuracy_label_納得":0.988762378692627,"val/presicion_label_不同意":0.791946291923523,"train/accuracy_label_驚きといぶかり":0.99956214427948,"test/f1score_label_あいさつ":0.8407643437385559,"test/accuracy_label_あいさつ":0.9902724027633667,"test/accuracy_label_納得":0.924124538898468,"test/presicion_label_同意":0.8911204934120178,"val/presicion_label_考えている最中":0.8970588445663452,"val/f1score_label_あいさつ":0.8756219148635864,"val/presicion_label_あいさつ":0.907216489315033,"train/f1score_label_言い換え":0.9713159799575806,"val/presicion_label_同意":0.9072847962379456,"test/presicion_label_あいづち":0.9928486347198486,"train/accuracy_label_想起":0.9996594786643982,"test/recall_label_不同意":0.8823529481887817,"val/recall_label_言い換え":0.8735920190811157,"test/accuracy_label_想起":0.997276246547699,"train/recall_label_不同意":0.977977991104126,"test/accuracy_label_驚きといぶかり":0.9964980483055115,"test_loss":0.16919876635074615,"val/multilabelmatthewscorrcoef":0.8988062143325806,"val/f1score_label_想起":0.9019607901573181,"train/recall_label_あいづち":0.9984464049339294,"test/f1score_label_評価":0.9050228595733643,"train/accuracy_label_評価":0.9884218573570251,"val/accuracy_label_考えている最中":0.9785909056663513,"val/accuracy_label_言い換え":0.9202024340629578,"test/accuracy_label_補完":0.9463034868240356,"train/presicion_label_評価":0.9859035015106201,"train/multilabelprecision":0.9837209582328796,"train/recall_label_補完":0.9831200838088989,"val/accuracy_label_その他":0.9112495183944702,"val/recall_label_あいづち":0.9943479895591736,"val/accuracy_label_驚きといぶかり":0.9968859553337097,"val/f1score_label_あいづち":0.9921450018882751,"test/recall_label_意見":0.8546798229217529,"train/loss":0.022311154752969742,"test/accuracy_label_不同意":0.9770427942276001,"test/presicion_label_評価":0.8968325853347778,"test/recall_label_驚きといぶかり":0.7272727489471436,"test/f1score_label_繰り返し応答":0.9330617189407349,"val/presicion_label_その他":0.8473933935165405,"train/presicion_label_驚きといぶかり":0.9659863710403442,"test/f1score_label_考えている最中":0.8337236642837524,"train/presicion_label_その他":0.9863048791885376,"test/accuracy_label_評価":0.9190661311149597,"test/accuracy_label_言い換え":0.9116731286048889,"val/accuracy_label_評価":0.9326586127281189,"train/recall_label_感心":0.9983718395233154,"train/multilabelf1score":0.9838840961456299,"test/recall_label_言い換え":0.8821384906768799,"test/recall_label_同意":0.9263736009597778,"val/presicion_label_言い換え":0.8703241944313049,"train/f1score_label_あいさつ":0.9741439819335938,"train/recall_label_意見":0.9822860956192017,"val/f1score_label_考えている最中":0.8693586587905884,"test/accuracy_label_感心":0.9809338450431824,"val/recall_label_その他":0.9302809834480286,"train/f1score_label_想起":0.9825436472892761,"train/recall_label_評価":0.9851852059364319,"val/accuracy_label_補完":0.9532892107963562,"test/f1score_label_意見":0.8653366565704346,"test/f1score_label_同意":0.9084051847457886,"val/recall_label_同意":0.9133333563804626,"train/recall_label_驚き":0.9872597455978394,"test/presicion_label_あいさつ":0.8684210777282715,"test/f1score_label_その他":0.8970447778701782,"train/presicion_label_想起":0.9850000143051147,"train/f1score_label_不同意":0.977977991104126,"val/f1score_label_驚き":0.8849104642868042,"train/f1score_label_あいづち":0.9985215067863464,"val/presicion_label_繰り返し応答":0.9465144276618958,"train/multilabelrecall":0.9840506315231323,"test/f1score_label_不同意":0.8206686973571777,"test/presicion_label_感心":0.9859387874603271,"test/accuracy_label_意見":0.9579766392707825,"test/recall_label_考えている最中":0.780701756477356,"val/f1score_label_不同意":0.8489208817481995,"val/f1score_label_意見":0.855614960193634,"train/presicion_label_あいさつ":0.976190447807312,"test/recall_label_感心":0.9937474131584167,"train/accuracy_label_言い換え":0.9822922945022583,"_runtime":4443.747717205,"val/f1score_label_評価":0.9165460467338562,"val/accuracy_label_想起":0.9980537295341492,"val/accuracy_label_同意":0.9369404315948486,"train/f1score_label_納得":0.9840127229690552,"train/accuracy_label_感心":0.9966433048248291,"test/accuracy_label_繰り返し応答":0.9105058312416077,"val/accuracy_label_感心":0.9758660793304443,"val/accuracy_label_あいさつ":0.9902685880661011,"val/f1score_label_言い換え":0.8719550371170044,"val/presicion_label_感心":0.9836546778678894,"test/presicion_label_想起":0.9047619104385376,"train/accuracy_label_あいづち":0.9971297979354858,"test/presicion_label_補完":0.873913049697876,"test/f1score_label_補完":0.8535031676292419,"val/multilabelaccuracy":0.9561113119125366,"test/multilabelmatthewscorrcoef":0.8970822095870972,"train/multilabelmatthewscorrcoef":0.9851936101913452,"val/recall_label_驚きといぶかり":0.7916666865348816,"val/recall_label_補完":0.855555534362793,"train/multilabelaccuracy":0.9935724139213562,"val_loss":0.17279545962810516,"test/f1score_label_驚きといぶかり":0.7804877758026123,"val/accuracy_label_驚き":0.9474503993988037,"test/presicion_label_驚き":0.9118704795837402,"train/f1score_label_補完":0.9817835688591003,"test/recall_label_あいづち":0.998401939868927,"test/f1score_label_想起":0.8444444537162781,"test/recall_label_その他":0.938185453414917,"test/accuracy_label_考えている最中":0.9723735451698303,"train/f1score_label_同意":0.9862654209136963,"train/recall_label_同意":0.9867421388626099,"train/f1score_label_考えている最中":0.9850921034812927,"val/accuracy_label_不同意":0.9836512207984924,"val/multilabelf1score":0.8940869569778442,"train/presicion_label_同意":0.9857891798019409,"train_loss":0.019624926149845123,"trainer/global_step":2022,"_step":52,"train/f1score_label_感心":0.9981883764266968,"train/f1score_label_驚きといぶかり":0.9692832827568054,"test/recall_label_補完":0.8340249061584473,"test/f1score_label_あいづち":0.9956175088882446,"train/f1score_label_意見":0.9831075668334961,"train/accuracy_label_その他":0.9891029596328735,"train/recall_label_その他":0.9850441217422485,"train/accuracy_label_不同意":0.9978594779968262,"val/presicion_label_あいづち":0.9899517893791199,"epoch":6,"test/presicion_label_納得":0.8936651349067688,"train/presicion_label_感心":0.9980049133300781,"val/recall_label_考えている最中":0.843317985534668,"train/presicion_label_納得":0.9829922318458557,"val/presicion_label_納得":0.8787528872489929,"test/recall_label_あいさつ":0.8148148059844971,"train/f1score_label_繰り返し応答":0.9918569922447205,"train/accuracy_label_驚き":0.99406498670578,"val/presicion_label_補完":0.875,"val/recall_label_感心":0.9902953505516052,"train/recall_label_あいさつ":0.9721059799194336,"_timestamp":1.727806271723976e+09,"val/presicion_label_意見":0.8672086596488953,"val/recall_label_想起":0.8518518805503845,"test/multilabelrecall":0.8765150308609009,"test/multilabelprecision":0.8902610540390015,"train/accuracy_label_あいさつ":0.9982000589370728,"train/recall_label_考えている最中":0.9853801131248474,"test/f1score_label_感心":0.9898276925086975,"val/presicion_label_評価":0.9056243896484375,"val/presicion_label_想起":0.9583333134651184,"test/accuracy_label_あいづち":0.991439700126648,"test/recall_label_納得":0.8866442441940308,"train/presicion_label_繰り返し応答":0.9911037087440491,"train/presicion_label_補完":0.9804506897926331,"val/accuracy_label_意見":0.957960307598114,"test/recall_label_評価":0.913364052772522,"test/recall_label_想起":0.7916666865348816,"train/presicion_label_意見":0.9839303493499756,