{"val_loss": 0.6549383997917175, "val/multilabelaccuracy": 0.6318120360374451, "val/multilabelprecision": 0.4336947798728943, "val/multilabelrecall": 0.5154092311859131, "val/multilabelf1score": 0.44282659888267517, "val/multilabelmatthewscorrcoef": 0.2721473276615143, "val/accuracy_label_\u3042\u3044\u3065\u3061": 0.9536784887313843, "val/presicion_label_\u3042\u3044\u3065\u3061": 0.9526462554931641, "val/recall_label_\u3042\u3044\u3065\u3061": 1.0, "val/f1score_label_\u3042\u3044\u3065\u3061": 0.9757489562034607, "val/accuracy_label_\u611f\u5fc3": 0.14713896811008453, "val/presicion_label_\u611f\u5fc3": 0.0, "val/recall_label_\u611f\u5fc3": 0.0, "val/f1score_label_\u611f\u5fc3": 0.0, "val/accuracy_label_\u8a55\u4fa1": 0.6267030239105225, "val/presicion_label_\u8a55\u4fa1": 0.4910714328289032, "val/recall_label_\u8a55\u4fa1": 0.8270676732063293, "val/f1score_label_\u8a55\u4fa1": 0.6162465214729309, "val/accuracy_label_\u7e70\u308a\u8fd4\u3057\u5fdc\u7b54": 0.6730245351791382, "val/presicion_label_\u7e70\u308a\u8fd4\u3057\u5fdc\u7b54": 0.6445783376693726, "val/recall_label_\u7e70\u308a\u8fd4\u3057\u5fdc\u7b54": 0.9907407164573669, "val/f1score_label_\u7e70\u308a\u8fd4\u3057\u5fdc\u7b54": 0.7810218930244446, "val/accuracy_label_\u540c\u610f": 0.7111716866493225, "val/presicion_label_\u540c\u610f": 0.5923076868057251, "val/recall_label_\u540c\u610f": 0.5923076868057251, "val/f1score_label_\u540c\u610f": 0.5923076868057251, "val/accuracy_label_\u7d0d\u5f97": 0.6594005227088928, "val/presicion_label_\u7d0d\u5f97": 0.45562130212783813, "val/recall_label_\u7d0d\u5f97": 0.699999988079071, "val/f1score_label_\u7d0d\u5f97": 0.5519713163375854, "val/accuracy_label_\u9a5a\u304d": 0.7901907563209534, "val/presicion_label_\u9a5a\u304d": 0.3333333432674408, "val/recall_label_\u9a5a\u304d": 0.01315789483487606, "val/f1score_label_\u9a5a\u304d": 0.025316456332802773, "val/accuracy_label_\u305d\u306e\u4ed6": 0.4931880235671997, "val/presicion_label_\u305d\u306e\u4ed6": 0.0, "val/recall_label_\u305d\u306e\u4ed6": 0.0, "val/f1score_label_\u305d\u306e\u4ed6": 0.0, "epoch": 4, "trainer/global_step": 184, "_timestamp": 1705461962.1807704, "_runtime": 96.96295738220215, "_step": 11, "train_loss": 0.6569928526878357, "train/multilabelaccuracy": 0.6019781827926636, "train/multilabelprecision": 0.4140591621398926, "train/multilabelrecall": 0.5001738667488098, "train/multilabelf1score": 0.4198106527328491, "train/multilabelmatthewscorrcoef": 0.20868216454982758, "train/accuracy_label_\u3042\u3044\u3065\u3061": 0.9536153078079224, "train/presicion_label_\u3042\u3044\u3065\u3061": 0.954325258731842, "train/recall_label_\u3042\u3044\u3065\u3061": 0.9985517859458923, "train/f1score_label_\u3042\u3044\u3065\u3061": 0.9759377241134644, "train/accuracy_label_\u611f\u5fc3": 0.16643929481506348, "train/presicion_label_\u611f\u5fc3": 0.0, "train/recall_label_\u611f\u5fc3": 0.0, "train/f1score_label_\u611f\u5fc3": 0.0, "train/accuracy_label_\u8a55\u4fa1": 0.5784447193145752, "train/presicion_label_\u8a55\u4fa1": 0.4567078948020935, "train/recall_label_\u8a55\u4fa1": 0.910815954208374, "train/f1score_label_\u8a55\u4fa1": 0.608364999294281, "train/accuracy_label_\u7e70\u308a\u8fd4\u3057\u5fdc\u7b54": 0.6412005424499512, "train/presicion_label_\u7e70\u308a\u8fd4\u3057\u5fdc\u7b54": 0.6180757880210876, "train/recall_label_\u7e70\u308a\u8fd4\u3057\u5fdc\u7b54": 0.9976470470428467, "train/f1score_label_\u7e70\u308a\u8fd4\u3057\u5fdc\u7b54": 0.7632763385772705, "train/accuracy_label_\u540c\u610f": 0.6739426851272583, "train/presicion_label_\u540c\u610f": 0.48945146799087524, "train/recall_label_\u540c\u610f": 0.2452431321144104, "train/f1score_label_\u540c\u610f": 0.32676056027412415, "train/accuracy_label_\u7d0d\u5f97": 0.5920873284339905, "train/presicion_label_\u7d0d\u5f97": 0.39748427271842957, "train/recall_label_\u7d0d\u5f97": 0.7264367938041687, "train/f1score_label_\u7d0d\u5f97": 0.5138211250305176, "train/accuracy_label_\u9a5a\u304d": 0.74283766746521, "train/presicion_label_\u9a5a\u304d": 0.27142858505249023, "train/recall_label_\u9a5a\u304d": 0.12140575051307678, "train/f1score_label_\u9a5a\u304d": 0.1677704155445099, "train/accuracy_label_\u305d\u306e\u4ed6": 0.46725785732269287, "train/presicion_label_\u305d\u306e\u4ed6": 0.125, "train/recall_label_\u305d\u306e\u4ed6": 0.0012903226306661963, "train/f1score_label_\u305d\u306e\u4ed6": 0.0025542783550918102, "train/loss": 0.6564726829528809, "test_loss": 0.6537942886352539, "test/multilabelaccuracy": 0.6160714626312256, "test/multilabelprecision": 0.4166378378868103, "test/multilabelrecall": 0.5296382308006287, "test/multilabelf1score": 0.4387884736061096, "test/multilabelmatthewscorrcoef": 0.2361224889755249, "_wandb": {"runtime": 96}}