{"val_loss": 0.49180692434310913, "val/multilabelaccuracy": 0.7465940117835999, "val/multilabelprecision": 0.5837246775627136, "val/multilabelrecall": 0.6644610166549683, "val/multilabelf1score": 0.5958958268165588, "val/multilabelmatthewscorrcoef": 0.49339544773101807, "val/accuracy_label_\u3042\u3044\u3065\u3061": 0.9536784887313843, "val/presicion_label_\u3042\u3044\u3065\u3061": 0.9551820755004883, "val/recall_label_\u3042\u3044\u3065\u3061": 0.9970760345458984, "val/f1score_label_\u3042\u3044\u3065\u3061": 0.9756795167922974, "val/accuracy_label_\u611f\u5fc3": 0.8855586051940918, "val/presicion_label_\u611f\u5fc3": 0.8816901445388794, "val/recall_label_\u611f\u5fc3": 1.0, "val/f1score_label_\u611f\u5fc3": 0.9371257424354553, "val/accuracy_label_\u8a55\u4fa1": 0.667574942111969, "val/presicion_label_\u8a55\u4fa1": 0.5297297239303589, "val/recall_label_\u8a55\u4fa1": 0.7368420958518982, "val/f1score_label_\u8a55\u4fa1": 0.6163522005081177, "val/accuracy_label_\u7e70\u308a\u8fd4\u3057\u5fdc\u7b54": 0.6948229074478149, "val/presicion_label_\u7e70\u308a\u8fd4\u3057\u5fdc\u7b54": 0.6710526347160339, "val/recall_label_\u7e70\u308a\u8fd4\u3057\u5fdc\u7b54": 0.9444444179534912, "val/f1score_label_\u7e70\u308a\u8fd4\u3057\u5fdc\u7b54": 0.7846153974533081, "val/accuracy_label_\u540c\u610f": 0.6457765698432922, "val/presicion_label_\u540c\u610f": 0.0, "val/recall_label_\u540c\u610f": 0.0, "val/f1score_label_\u540c\u610f": 0.0, "val/accuracy_label_\u7d0d\u5f97": 0.6839237213134766, "val/presicion_label_\u7d0d\u5f97": 0.4821428656578064, "val/recall_label_\u7d0d\u5f97": 0.7363636493682861, "val/f1score_label_\u7d0d\u5f97": 0.5827338099479675, "val/accuracy_label_\u9a5a\u304d": 0.7956403493881226, "val/presicion_label_\u9a5a\u304d": 0.5333333611488342, "val/recall_label_\u9a5a\u304d": 0.10526315867900848, "val/f1score_label_\u9a5a\u304d": 0.17582418024539948, "val/accuracy_label_\u8a00\u3044\u63db\u3048": 0.6457765698432922, "val/presicion_label_\u8a00\u3044\u63db\u3048": 0.6166666746139526, "val/recall_label_\u8a00\u3044\u63db\u3048": 0.7956989407539368, "val/f1score_label_\u8a00\u3044\u63db\u3048": 0.6948356628417969, "epoch": 8, "trainer/global_step": 368, "_timestamp": 1704952420.5144205, "_runtime": 180.53790760040283, "_step": 23, "train_loss": 0.4962711036205292, "train/multilabelaccuracy": 0.7423260807991028, "train/multilabelprecision": 0.5578662157058716, "train/multilabelrecall": 0.7209672331809998, "train/multilabelf1score": 0.6203252077102661, "train/multilabelmatthewscorrcoef": 0.4906575679779053, "train/accuracy_label_\u3042\u3044\u3065\u3061": 0.9563437700271606, "train/presicion_label_\u3042\u3044\u3065\u3061": 0.9576094746589661, "train/recall_label_\u3042\u3044\u3065\u3061": 0.9978276491165161, "train/f1score_label_\u3042\u3044\u3065\u3061": 0.9773049354553223, "train/accuracy_label_\u611f\u5fc3": 0.8499317765235901, "train/presicion_label_\u611f\u5fc3": 0.8508403301239014, "train/recall_label_\u611f\u5fc3": 0.9942716956138611, "train/f1score_label_\u611f\u5fc3": 0.9169811606407166, "train/accuracy_label_\u8a55\u4fa1": 0.6384720206260681, "train/presicion_label_\u8a55\u4fa1": 0.49840933084487915, "train/recall_label_\u8a55\u4fa1": 0.8918406367301941, "train/f1score_label_\u8a55\u4fa1": 0.6394557952880859, "train/accuracy_label_\u7e70\u308a\u8fd4\u3057\u5fdc\u7b54": 0.7012278437614441, "train/presicion_label_\u7e70\u308a\u8fd4\u3057\u5fdc\u7b54": 0.6647999882698059, "train/recall_label_\u7e70\u308a\u8fd4\u3057\u5fdc\u7b54": 0.977647066116333, "train/f1score_label_\u7e70\u308a\u8fd4\u3057\u5fdc\u7b54": 0.7914285659790039, "train/accuracy_label_\u540c\u610f": 0.6773533225059509, "train/presicion_label_\u540c\u610f": 0.0, "train/recall_label_\u540c\u610f": 0.0, "train/f1score_label_\u540c\u610f": 0.0, "train/accuracy_label_\u7d0d\u5f97": 0.6712141633033752, "train/presicion_label_\u7d0d\u5f97": 0.4674965441226959, "train/recall_label_\u7d0d\u5f97": 0.777011513710022, "train/f1score_label_\u7d0d\u5f97": 0.5837650895118713, "train/accuracy_label_\u9a5a\u304d": 0.7435197830200195, "train/presicion_label_\u9a5a\u304d": 0.35874438285827637, "train/recall_label_\u9a5a\u304d": 0.2555910646915436, "train/f1score_label_\u9a5a\u304d": 0.2985074520111084, "train/accuracy_label_\u8a00\u3044\u63db\u3048": 0.7005457282066345, "train/presicion_label_\u8a00\u3044\u63db\u3048": 0.6650294661521912, "train/recall_label_\u8a00\u3044\u63db\u3048": 0.8735483884811401, "train/f1score_label_\u8a00\u3044\u63db\u3048": 0.7551589608192444, "train/loss": 0.46947652101516724, "test_loss": 0.4894894063472748, "test/multilabelaccuracy": 0.7472826242446899, "test/multilabelprecision": 0.5712155699729919, "test/multilabelrecall": 0.6995426416397095, "test/multilabelf1score": 0.6156802773475647, "test/multilabelmatthewscorrcoef": 0.49812406301498413, "_wandb": {"runtime": 180}}