{"val_loss": 0.4903331398963928, "val/multilabelaccuracy": 0.7363760471343994, "val/multilabelprecision": 0.5641771554946899, "val/multilabelrecall": 0.7275907397270203, "val/multilabelf1score": 0.6266252398490906, "val/multilabelmatthewscorrcoef": 0.4799637496471405, "val/accuracy_label_\u3042\u3044\u3065\u3061": 0.9509536623954773, "val/presicion_label_\u3042\u3044\u3065\u3061": 0.9525139927864075, "val/recall_label_\u3042\u3044\u3065\u3061": 0.9970760345458984, "val/f1score_label_\u3042\u3044\u3065\u3061": 0.9742857217788696, "val/accuracy_label_\u611f\u5fc3": 0.8828337788581848, "val/presicion_label_\u611f\u5fc3": 0.8792135119438171, "val/recall_label_\u611f\u5fc3": 1.0, "val/f1score_label_\u611f\u5fc3": 0.9357249736785889, "val/accuracy_label_\u8a55\u4fa1": 0.5640326738357544, "val/presicion_label_\u8a55\u4fa1": 0.4474708139896393, "val/recall_label_\u8a55\u4fa1": 0.8646616339683533, "val/f1score_label_\u8a55\u4fa1": 0.5897436141967773, "val/accuracy_label_\u7e70\u308a\u8fd4\u3057\u5fdc\u7b54": 0.6975476741790771, "val/presicion_label_\u7e70\u308a\u8fd4\u3057\u5fdc\u7b54": 0.6677316427230835, "val/recall_label_\u7e70\u308a\u8fd4\u3057\u5fdc\u7b54": 0.9675925970077515, "val/f1score_label_\u7e70\u308a\u8fd4\u3057\u5fdc\u7b54": 0.7901701331138611, "val/accuracy_label_\u540c\u610f": 0.7029972672462463, "val/presicion_label_\u540c\u610f": 0.5600000023841858, "val/recall_label_\u540c\u610f": 0.7538461685180664, "val/f1score_label_\u540c\u610f": 0.6426229476928711, "val/accuracy_label_\u7d0d\u5f97": 0.7002725005149841, "val/presicion_label_\u7d0d\u5f97": 0.0, "val/recall_label_\u7d0d\u5f97": 0.0, "val/f1score_label_\u7d0d\u5f97": 0.0, "val/accuracy_label_\u9a5a\u304d": 0.7683923840522766, "val/presicion_label_\u9a5a\u304d": 0.4237288236618042, "val/recall_label_\u9a5a\u304d": 0.32894736528396606, "val/f1score_label_\u9a5a\u304d": 0.37037035822868347, "val/accuracy_label_\u8a00\u3044\u63db\u3048": 0.6239781975746155, "val/presicion_label_\u8a00\u3044\u63db\u3048": 0.5827586054801941, "val/recall_label_\u8a00\u3044\u63db\u3048": 0.9086021780967712, "val/f1score_label_\u8a00\u3044\u63db\u3048": 0.7100840210914612, "epoch": 4, "trainer/global_step": 184, "_timestamp": 1704952129.4470227, "_runtime": 94.49601578712463, "_step": 11, "train_loss": 0.4967402219772339, "train/multilabelaccuracy": 0.7199010848999023, "train/multilabelprecision": 0.5379778146743774, "train/multilabelrecall": 0.7420393228530884, "train/multilabelf1score": 0.6128410696983337, "train/multilabelmatthewscorrcoef": 0.4533950388431549, "train/accuracy_label_\u3042\u3044\u3065\u3061": 0.9542974233627319, "train/presicion_label_\u3042\u3044\u3065\u3061": 0.9549861550331116, "train/recall_label_\u3042\u3044\u3065\u3061": 0.9985517859458923, "train/f1score_label_\u3042\u3044\u3065\u3061": 0.9762831926345825, "train/accuracy_label_\u611f\u5fc3": 0.848567545413971, "train/presicion_label_\u611f\u5fc3": 0.8481894135475159, "train/recall_label_\u611f\u5fc3": 0.9967266917228699, "train/f1score_label_\u611f\u5fc3": 0.9164785742759705, "train/accuracy_label_\u8a55\u4fa1": 0.574351966381073, "train/presicion_label_\u8a55\u4fa1": 0.4553817808628082, "train/recall_label_\u8a55\u4fa1": 0.9392789602279663, "train/f1score_label_\u8a55\u4fa1": 0.613382875919342, "train/accuracy_label_\u7e70\u308a\u8fd4\u3057\u5fdc\u7b54": 0.6753069758415222, "train/presicion_label_\u7e70\u308a\u8fd4\u3057\u5fdc\u7b54": 0.6445131301879883, "train/recall_label_\u7e70\u308a\u8fd4\u3057\u5fdc\u7b54": 0.981176495552063, "train/f1score_label_\u7e70\u308a\u8fd4\u3057\u5fdc\u7b54": 0.7779850959777832, "train/accuracy_label_\u540c\u610f": 0.6343792676925659, "train/presicion_label_\u540c\u610f": 0.46349942684173584, "train/recall_label_\u540c\u610f": 0.8456659913063049, "train/f1score_label_\u540c\u610f": 0.598802387714386, "train/accuracy_label_\u7d0d\u5f97": 0.7019099593162537, "train/presicion_label_\u7d0d\u5f97": 0.0, "train/recall_label_\u7d0d\u5f97": 0.0, "train/f1score_label_\u7d0d\u5f97": 0.0, "train/accuracy_label_\u9a5a\u304d": 0.7305593490600586, "train/presicion_label_\u9a5a\u304d": 0.33196720480918884, "train/recall_label_\u9a5a\u304d": 0.2587859332561493, "train/f1score_label_\u9a5a\u304d": 0.29084381461143494, "train/accuracy_label_\u8a00\u3044\u63db\u3048": 0.639836311340332, "train/presicion_label_\u8a00\u3044\u63db\u3048": 0.6052855849266052, "train/recall_label_\u8a00\u3044\u63db\u3048": 0.9161290526390076, "train/f1score_label_\u8a00\u3044\u63db\u3048": 0.7289527654647827, "train/loss": 0.4895096719264984, "test_loss": 0.4891485869884491, "test/multilabelaccuracy": 0.7104037404060364, "test/multilabelprecision": 0.530795693397522, "test/multilabelrecall": 0.7465642690658569, "test/multilabelf1score": 0.6125165224075317, "test/multilabelmatthewscorrcoef": 0.431575208902359, "_wandb": {"runtime": 94}}