{"val_loss": 0.6888774037361145, "val/multilabelaccuracy": 0.9411585330963135, "val/multilabelprecision": 0.09436274319887161, "val/multilabelrecall": 0.0680803582072258, "val/multilabelf1score": 0.06051924079656601, "val/multilabelmatthewscorrcoef": 0.5698238015174866, "epoch": 3, "trainer/global_step": 103, "_timestamp": 1701928679.317062, "_runtime": 180.59998488426208, "_step": 9, "train_loss": 0.6896048784255981, "train/multilabelaccuracy": 0.9310134649276733, "train/multilabelprecision": 0.09527244418859482, "train/multilabelrecall": 0.07019080966711044, "train/multilabelf1score": 0.06216033548116684, "train/multilabelmatthewscorrcoef": 0.512008786201477, "train/accuracy_label_0": 0.6410256624221802, "train/presicion_label_0": 0.6410256624221802, "train/recall_label_0": 1.0, "train/f1score_label_0": 0.78125, "train/accuracy_label_1": 0.6837607026100159, "train/presicion_label_1": 0.46666666865348816, "train/recall_label_1": 0.08203125, "train/f1score_label_1": 0.13953489065170288, "train/accuracy_label_2": 0.9169719219207764, "train/presicion_label_2": 0.0, "train/recall_label_2": 0.0, "train/f1score_label_2": 0.0, "train/accuracy_label_3": 0.9572649598121643, "train/presicion_label_3": 0.0, "train/recall_label_3": 0.0, "train/f1score_label_3": 0.0, "train/accuracy_label_4": 0.9047619104385376, "train/presicion_label_4": 0.0833333358168602, "train/recall_label_4": 0.014705882407724857, "train/f1score_label_4": 0.02500000037252903, "train/accuracy_label_5": 0.9536019563674927, "train/presicion_label_5": 0.0, "train/recall_label_5": 0.0, "train/f1score_label_5": 0.0, "train/accuracy_label_6": 0.9682539701461792, "train/presicion_label_6": 0.0, "train/recall_label_6": 0.0, "train/f1score_label_6": 0.0, "train/accuracy_label_7": 0.990231990814209, "train/presicion_label_7": 0.0, "train/recall_label_7": 0.0, "train/f1score_label_7": 0.0, "train/accuracy_label_8": 0.9755799770355225, "train/presicion_label_8": 0.0, "train/recall_label_8": 0.0, "train/f1score_label_8": 0.0, "train/accuracy_label_9": 0.990231990814209, "train/presicion_label_9": 0.0, "train/recall_label_9": 0.0, "train/f1score_label_9": 0.0, "train/accuracy_label_10": 0.9926739931106567, "train/presicion_label_10": 0.0, "train/recall_label_10": 0.0, "train/f1score_label_10": 0.0, "train/accuracy_label_11": 0.9890109896659851, "train/presicion_label_11": 0.0, "train/recall_label_11": 0.0, "train/f1score_label_11": 0.0, "train/accuracy_label_12": 0.9938949942588806, "train/presicion_label_12": 0.0, "train/recall_label_12": 0.0, "train/f1score_label_12": 0.0, "train/accuracy_label_13": 0.990231990814209, "train/presicion_label_13": 0.0, "train/recall_label_13": 0.0, "train/f1score_label_13": 0.0, "train/accuracy_label_14": 0.9963369965553284, "train/presicion_label_14": 0.0, "train/recall_label_14": 0.0, "train/f1score_label_14": 0.0, "train/accuracy_label_15": 0.9523809552192688, "train/presicion_label_15": 0.3333333432674408, "train/recall_label_15": 0.02631578966975212, "train/f1score_label_15": 0.04878048598766327, "train/loss": 0.6856228113174438, "_wandb": {"runtime": 186}}