{"val_loss": 0.6892532706260681, "val/multilabelaccuracy": 0.9411585330963135, "val/multilabelprecision": 0.07419430464506149, "val/multilabelrecall": 0.0892857164144516, "val/multilabelf1score": 0.07956480979919434, "val/multilabelmatthewscorrcoef": 0.5950790047645569, "epoch": 3, "trainer/global_step": 103, "_timestamp": 1701927941.3762007, "_runtime": 185.14163374900818, "_step": 9, "train_loss": 0.689915657043457, "train/multilabelaccuracy": 0.9328449368476868, "train/multilabelprecision": 0.0980343222618103, "train/multilabelrecall": 0.08957704156637192, "train/multilabelf1score": 0.08212059736251831, "train/multilabelmatthewscorrcoef": 0.5491492748260498, "train/accuracy_label_0": 0.642246663570404, "train/presicion_label_0": 0.6418092846870422, "train/recall_label_0": 1.0, "train/f1score_label_0": 0.7818317413330078, "train/accuracy_label_1": 0.6947497129440308, "train/presicion_label_1": 0.5164835453033447, "train/recall_label_1": 0.3671875, "train/f1score_label_1": 0.4292237460613251, "train/accuracy_label_2": 0.9096459150314331, "train/presicion_label_2": 0.0833333358168602, "train/recall_label_2": 0.015625, "train/f1score_label_2": 0.02631578966975212, "train/accuracy_label_3": 0.9645909667015076, "train/presicion_label_3": 0.0, "train/recall_label_3": 0.0, "train/f1score_label_3": 0.0, "train/accuracy_label_4": 0.9145299196243286, "train/presicion_label_4": 0.25, "train/recall_label_4": 0.014705882407724857, "train/f1score_label_4": 0.02777777798473835, "train/accuracy_label_5": 0.9523809552192688, "train/presicion_label_5": 0.07692307978868484, "train/recall_label_5": 0.0357142873108387, "train/f1score_label_5": 0.04878048598766327, "train/accuracy_label_6": 0.9682539701461792, "train/presicion_label_6": 0.0, "train/recall_label_6": 0.0, "train/f1score_label_6": 0.0, "train/accuracy_label_7": 0.9987789988517761, "train/presicion_label_7": 0.0, "train/recall_label_7": 0.0, "train/f1score_label_7": 0.0, "train/accuracy_label_8": 0.980463981628418, "train/presicion_label_8": 0.0, "train/recall_label_8": 0.0, "train/f1score_label_8": 0.0, "train/accuracy_label_9": 0.9829059839248657, "train/presicion_label_9": 0.0, "train/recall_label_9": 0.0, "train/f1score_label_9": 0.0, "train/accuracy_label_10": 0.9963369965553284, "train/presicion_label_10": 0.0, "train/recall_label_10": 0.0, "train/f1score_label_10": 0.0, "train/accuracy_label_11": 0.9829059839248657, "train/presicion_label_11": 0.0, "train/recall_label_11": 0.0, "train/f1score_label_11": 0.0, "train/accuracy_label_12": 1.0, "train/presicion_label_12": 0.0, "train/recall_label_12": 0.0, "train/f1score_label_12": 0.0, "train/accuracy_label_13": 0.9938949942588806, "train/presicion_label_13": 0.0, "train/recall_label_13": 0.0, "train/f1score_label_13": 0.0, "train/accuracy_label_14": 0.9951159954071045, "train/presicion_label_14": 0.0, "train/recall_label_14": 0.0, "train/f1score_label_14": 0.0, "train/accuracy_label_15": 0.9487179517745972, "train/presicion_label_15": 0.0, "train/recall_label_15": 0.0, "train/f1score_label_15": 0.0, "train/loss": 0.6923379898071289, "_wandb": {"runtime": 190}}