{"val_loss": 0.6673994064331055, "val/multilabelaccuracy": 0.8353201746940613, "val/multilabelprecision": 0.347273588180542, "val/multilabelrecall": 0.4007396996021271, "val/multilabelf1score": 0.34722957015037537, "val/multilabelmatthewscorrcoef": 0.61036616563797, "val/accuracy_label_\u3042\u3044\u3065\u3061": 0.9509536623954773, "val/presicion_label_\u3042\u3044\u3065\u3061": 0.9497206807136536, "val/recall_label_\u3042\u3044\u3065\u3061": 1.0, "val/f1score_label_\u3042\u3044\u3065\u3061": 0.9742120504379272, "val/accuracy_label_\u611f\u5fc3": 0.888283371925354, "val/presicion_label_\u611f\u5fc3": 0.8845070600509644, "val/recall_label_\u611f\u5fc3": 1.0, "val/f1score_label_\u611f\u5fc3": 0.9387145042419434, "val/accuracy_label_\u8a55\u4fa1": 0.6103542447090149, "val/presicion_label_\u8a55\u4fa1": 0.4651162922382355, "val/recall_label_\u8a55\u4fa1": 0.78125, "val/f1score_label_\u8a55\u4fa1": 0.5830903649330139, "val/accuracy_label_\u7e70\u308a\u8fd4\u3057\u5fdc\u7b54": 0.7002725005149841, "val/presicion_label_\u7e70\u308a\u8fd4\u3057\u5fdc\u7b54": 0.6677740812301636, "val/recall_label_\u7e70\u308a\u8fd4\u3057\u5fdc\u7b54": 0.9526066184043884, "val/f1score_label_\u7e70\u308a\u8fd4\u3057\u5fdc\u7b54": 0.78515625, "val/accuracy_label_\u540c\u610f": 0.6457765698432922, "val/presicion_label_\u540c\u610f": 0.5078533887863159, "val/recall_label_\u540c\u610f": 0.7293233275413513, "val/f1score_label_\u540c\u610f": 0.5987654328346252, "val/accuracy_label_\u7d0d\u5f97": 0.6811988949775696, "val/presicion_label_\u7d0d\u5f97": 0.4825174808502197, "val/recall_label_\u7d0d\u5f97": 0.6160714030265808, "val/f1score_label_\u7d0d\u5f97": 0.5411764979362488, "val/accuracy_label_\u9a5a\u304d": 0.7683923840522766, "val/presicion_label_\u9a5a\u304d": 0.44999998807907104, "val/recall_label_\u9a5a\u304d": 0.4675324559211731, "val/f1score_label_\u9a5a\u304d": 0.4585987329483032, "val/accuracy_label_\u8a00\u3044\u63db\u3048": 0.9918256402015686, "val/presicion_label_\u8a00\u3044\u63db\u3048": 0.0, "val/recall_label_\u8a00\u3044\u63db\u3048": 0.0, "val/f1score_label_\u8a00\u3044\u63db\u3048": 0.0, "val/accuracy_label_\u610f\u898b": 0.8719345927238464, "val/presicion_label_\u610f\u898b": 0.0, "val/recall_label_\u610f\u898b": 0.0, "val/f1score_label_\u610f\u898b": 0.0, "val/accuracy_label_\u8003\u3048\u3066\u3044\u308b\u6700\u4e2d": 0.9264305233955383, "val/presicion_label_\u8003\u3048\u3066\u3044\u308b\u6700\u4e2d": 0.20000000298023224, "val/recall_label_\u8003\u3048\u3066\u3044\u308b\u6700\u4e2d": 0.0416666679084301, "val/f1score_label_\u8003\u3048\u3066\u3044\u308b\u6700\u4e2d": 0.06896551698446274, "val/accuracy_label_\u4e0d\u540c\u610f": 0.9564032554626465, "val/presicion_label_\u4e0d\u540c\u610f": 0.0, "val/recall_label_\u4e0d\u540c\u610f": 0.0, "val/f1score_label_\u4e0d\u540c\u610f": 0.0, "val/accuracy_label_\u88dc\u5b8c": 0.8228882551193237, "val/presicion_label_\u88dc\u5b8c": 0.5, "val/recall_label_\u88dc\u5b8c": 0.015384615398943424, "val/f1score_label_\u88dc\u5b8c": 0.02985074557363987, "val/accuracy_label_\u3042\u3044\u3055\u3064": 0.9700272679328918, "val/presicion_label_\u3042\u3044\u3055\u3064": 0.0, "val/recall_label_\u3042\u3044\u3055\u3064": 0.0, "val/f1score_label_\u3042\u3044\u3055\u3064": 0.0, "val/accuracy_label_\u60f3\u8d77": 0.9891008138656616, "val/presicion_label_\u60f3\u8d77": 0.0, "val/recall_label_\u60f3\u8d77": 0.0, "val/f1score_label_\u60f3\u8d77": 0.0, "val/accuracy_label_\u9a5a\u304d\u3068\u3044\u3076\u304b\u308a": 0.9945504069328308, "val/presicion_label_\u9a5a\u304d\u3068\u3044\u3076\u304b\u308a": 0.0, "val/recall_label_\u9a5a\u304d\u3068\u3044\u3076\u304b\u308a": 0.0, "val/f1score_label_\u9a5a\u304d\u3068\u3044\u3076\u304b\u308a": 0.0, "val/accuracy_label_\u305d\u306e\u4ed6": 0.5967302322387695, "val/presicion_label_\u305d\u306e\u4ed6": 0.448888897895813, "val/recall_label_\u305d\u306e\u4ed6": 0.8080000281333923, "val/f1score_label_\u305d\u306e\u4ed6": 0.5771428346633911, "epoch": 8, "trainer/global_step": 368, "_timestamp": 1705471429.4289968, "_runtime": 201.75922775268555, "_step": 23, "train_loss": 0.6687414646148682, "train/multilabelaccuracy": 0.8051620721817017, "train/multilabelprecision": 0.32840079069137573, "train/multilabelrecall": 0.43190640211105347, "train/multilabelf1score": 0.35417863726615906, "train/multilabelmatthewscorrcoef": 0.5594776272773743, "train/accuracy_label_\u3042\u3044\u3065\u3061": 0.9549487829208374, "train/presicion_label_\u3042\u3044\u3065\u3061": 0.9556786417961121, "train/recall_label_\u3042\u3044\u3065\u3061": 0.9985527992248535, "train/f1score_label_\u3042\u3044\u3065\u3061": 0.9766454100608826, "train/accuracy_label_\u611f\u5fc3": 0.8470989465713501, "train/presicion_label_\u611f\u5fc3": 0.8482517600059509, "train/recall_label_\u611f\u5fc3": 0.9942622780799866, "train/f1score_label_\u611f\u5fc3": 0.9154716730117798, "train/accuracy_label_\u8a55\u4fa1": 0.6546075344085693, "train/presicion_label_\u8a55\u4fa1": 0.5146726965904236, "train/recall_label_\u8a55\u4fa1": 0.8571428656578064, "train/f1score_label_\u8a55\u4fa1": 0.6431593894958496, "train/accuracy_label_\u7e70\u308a\u8fd4\u3057\u5fdc\u7b54": 0.6784982681274414, "train/presicion_label_\u7e70\u308a\u8fd4\u3057\u5fdc\u7b54": 0.6481052041053772, "train/recall_label_\u7e70\u308a\u8fd4\u3057\u5fdc\u7b54": 0.9812646508216858, "train/f1score_label_\u7e70\u308a\u8fd4\u3057\u5fdc\u7b54": 0.7806241512298584, "train/accuracy_label_\u540c\u610f": 0.681911289691925, "train/presicion_label_\u540c\u610f": 0.5031948685646057, "train/recall_label_\u540c\u610f": 0.6702127456665039, "train/f1score_label_\u540c\u610f": 0.5748175382614136, "train/accuracy_label_\u7d0d\u5f97": 0.6627986431121826, "train/presicion_label_\u7d0d\u5f97": 0.45558738708496094, "train/recall_label_\u7d0d\u5f97": 0.7361111044883728, "train/f1score_label_\u7d0d\u5f97": 0.5628318786621094, "train/accuracy_label_\u9a5a\u304d": 0.7426621317863464, "train/presicion_label_\u9a5a\u304d": 0.36734694242477417, "train/recall_label_\u9a5a\u304d": 0.2884615361690521, "train/f1score_label_\u9a5a\u304d": 0.323159784078598, "train/accuracy_label_\u8a00\u3044\u63db\u3048": 0.9378839731216431, "train/presicion_label_\u8a00\u3044\u63db\u3048": 0.0, "train/recall_label_\u8a00\u3044\u63db\u3048": 0.0, "train/f1score_label_\u8a00\u3044\u63db\u3048": 0.0, "train/accuracy_label_\u610f\u898b": 0.8607508540153503, "train/presicion_label_\u610f\u898b": 0.0, "train/recall_label_\u610f\u898b": 0.0, "train/f1score_label_\u610f\u898b": 0.0, "train/accuracy_label_\u8003\u3048\u3066\u3044\u308b\u6700\u4e2d": 0.8313993215560913, "train/presicion_label_\u8003\u3048\u3066\u3044\u308b\u6700\u4e2d": 0.1325301229953766, "train/recall_label_\u8003\u3048\u3066\u3044\u308b\u6700\u4e2d": 0.17599999904632568, "train/f1score_label_\u8003\u3048\u3066\u3044\u308b\u6700\u4e2d": 0.1512027531862259, "train/accuracy_label_\u4e0d\u540c\u610f": 0.8976109027862549, "train/presicion_label_\u4e0d\u540c\u610f": 0.06493506580591202, "train/recall_label_\u4e0d\u540c\u610f": 0.0602409653365612, "train/f1score_label_\u4e0d\u540c\u610f": 0.0625, "train/accuracy_label_\u88dc\u5b8c": 0.8116040825843811, "train/presicion_label_\u88dc\u5b8c": 0.2916666567325592, "train/recall_label_\u88dc\u5b8c": 0.02631578966975212, "train/f1score_label_\u88dc\u5b8c": 0.04827586188912392, "train/accuracy_label_\u3042\u3044\u3055\u3064": 0.9651877284049988, "train/presicion_label_\u3042\u3044\u3055\u3064": 0.0, "train/recall_label_\u3042\u3044\u3055\u3064": 0.0, "train/f1score_label_\u3042\u3044\u3055\u3064": 0.0, "train/accuracy_label_\u60f3\u8d77": 0.8238908052444458, "train/presicion_label_\u60f3\u8d77": 0.024096384644508362, "train/recall_label_\u60f3\u8d77": 0.2857142984867096,