{"train/loss": 0.1657274067401886, "epoch": 3, "trainer/global_step": 2283, "_timestamp": 1714027920.8999949, "_runtime": 449.83030891418457, "_step": 52, "val_loss": 0.16596265137195587, "val/multilabelaccuracy": 0.9017996191978455, "val/multilabelprecision": 0.10262798517942429, "val/multilabelrecall": 0.07460136711597443, "val/multilabelf1score": 0.07976420968770981, "val/multilabelmatthewscorrcoef": 0.5607933402061462, "val/accuracy_label_\u3042\u3044\u3065\u3061": 0.9424124360084534, "val/presicion_label_\u3042\u3044\u3065\u3061": 0.9602295756340027, "val/recall_label_\u3042\u3044\u3065\u3061": 0.9786878228187561, "val/f1score_label_\u3042\u3044\u3065\u3061": 0.9693708419799805, "val/accuracy_label_\u611f\u5fc3": 0.3937743306159973, "val/presicion_label_\u611f\u5fc3": 0.0, "val/recall_label_\u611f\u5fc3": 0.0, "val/f1score_label_\u611f\u5fc3": 0.0, "val/accuracy_label_\u8a55\u4fa1": 0.8793774247169495, "val/presicion_label_\u8a55\u4fa1": 0.1818181872367859, "val/recall_label_\u8a55\u4fa1": 0.0066006602719426155, "val/f1score_label_\u8a55\u4fa1": 0.012738853693008423, "val/accuracy_label_\u7e70\u308a\u8fd4\u3057\u5fdc\u7b54": 0.7478598952293396, "val/presicion_label_\u7e70\u308a\u8fd4\u3057\u5fdc\u7b54": 0.5, "val/recall_label_\u7e70\u308a\u8fd4\u3057\u5fdc\u7b54": 0.2083333283662796, "val/f1score_label_\u7e70\u308a\u8fd4\u3057\u5fdc\u7b54": 0.29411765933036804, "val/accuracy_label_\u540c\u610f": 0.8840466737747192, "val/presicion_label_\u540c\u610f": 0.0, "val/recall_label_\u540c\u610f": 0.0, "val/f1score_label_\u540c\u610f": 0.0, "val/accuracy_label_\u7d0d\u5f97": 0.9062256813049316, "val/presicion_label_\u7d0d\u5f97": 0.0, "val/recall_label_\u7d0d\u5f97": 0.0, "val/f1score_label_\u7d0d\u5f97": 0.0, "val/accuracy_label_\u9a5a\u304d": 0.9377431869506836, "val/presicion_label_\u9a5a\u304d": 0.0, "val/recall_label_\u9a5a\u304d": 0.0, "val/f1score_label_\u9a5a\u304d": 0.0, "val/accuracy_label_\u8a00\u3044\u63db\u3048": 1.0, "val/presicion_label_\u8a00\u3044\u63db\u3048": 0.0, "val/recall_label_\u8a00\u3044\u63db\u3048": 0.0, "val/f1score_label_\u8a00\u3044\u63db\u3048": 0.0, "val/accuracy_label_\u610f\u898b": 0.9665369391441345, "val/presicion_label_\u610f\u898b": 0.0, "val/recall_label_\u610f\u898b": 0.0, "val/f1score_label_\u610f\u898b": 0.0, "val/accuracy_label_\u8003\u3048\u3066\u3044\u308b\u6700\u4e2d": 0.9797665476799011, "val/presicion_label_\u8003\u3048\u3066\u3044\u308b\u6700\u4e2d": 0.0, "val/recall_label_\u8003\u3048\u3066\u3044\u308b\u6700\u4e2d": 0.0, "val/f1score_label_\u8003\u3048\u3066\u3044\u308b\u6700\u4e2d": 0.0, "val/accuracy_label_\u4e0d\u540c\u610f": 0.9856030941009521, "val/presicion_label_\u4e0d\u540c\u610f": 0.0, "val/recall_label_\u4e0d\u540c\u610f": 0.0, "val/f1score_label_\u4e0d\u540c\u610f": 0.0, "val/accuracy_label_\u88dc\u5b8c": 0.9509727358818054, "val/presicion_label_\u88dc\u5b8c": 0.0, "val/recall_label_\u88dc\u5b8c": 0.0, "val/f1score_label_\u88dc\u5b8c": 0.0, "val/accuracy_label_\u3042\u3044\u3055\u3064": 0.994163453578949, "val/presicion_label_\u3042\u3044\u3055\u3064": 0.0, "val/recall_label_\u3042\u3044\u3055\u3064": 0.0, "val/f1score_label_\u3042\u3044\u3055\u3064": 0.0, "val/accuracy_label_\u60f3\u8d77": 0.9961089491844177, "val/presicion_label_\u60f3\u8d77": 0.0, "val/recall_label_\u60f3\u8d77": 0.0, "val/f1score_label_\u60f3\u8d77": 0.0, "val/accuracy_label_\u9a5a\u304d\u3068\u3044\u3076\u304b\u308a": 0.994163453578949, "val/presicion_label_\u9a5a\u304d\u3068\u3044\u3076\u304b\u308a": 0.0, "val/recall_label_\u9a5a\u304d\u3068\u3044\u3076\u304b\u308a": 0.0, "val/f1score_label_\u9a5a\u304d\u3068\u3044\u3076\u304b\u308a": 0.0, "val/accuracy_label_\u305d\u306e\u4ed6": 0.8700389266014099, "val/presicion_label_\u305d\u306e\u4ed6": 0.0, "val/recall_label_\u305d\u306e\u4ed6": 0.0, "val/f1score_label_\u305d\u306e\u4ed6": 0.0, "train_loss": 0.16593420505523682, "train/multilabelaccuracy": 0.9007680416107178, "train/multilabelprecision": 0.10865259915590286, "train/multilabelrecall": 0.0791325494647026, "train/multilabelf1score": 0.08433237671852112, "train/multilabelmatthewscorrcoef": 0.5514678359031677, "train/accuracy_label_\u3042\u3044\u3065\u3061": 0.941282331943512, "train/presicion_label_\u3042\u3044\u3065\u3061": 0.9592972993850708, "train/recall_label_\u3042\u3044\u3065\u3061": 0.9786391854286194, "train/f1score_label_\u3042\u3044\u3065\u3061": 0.9688717126846313, "train/accuracy_label_\u611f\u5fc3": 0.3979373276233673, "train/presicion_label_\u611f\u5fc3": 0.0, "train/recall_label_\u611f\u5fc3": 0.0, "train/f1score_label_\u611f\u5fc3": 0.0, "train/accuracy_label_\u8a55\u4fa1": 0.8794999122619629, "train/presicion_label_\u8a55\u4fa1": 0.1806451678276062, "train/recall_label_\u8a55\u4fa1": 0.011774600483477116, "train/f1score_label_\u8a55\u4fa1": 0.0221081729978323, "train/accuracy_label_\u7e70\u308a\u8fd4\u3057\u5fdc\u7b54": 0.7268437147140503, "train/presicion_label_\u7e70\u308a\u8fd4\u3057\u5fdc\u7b54": 0.449158251285553, "train/recall_label_\u7e70\u308a\u8fd4\u3057\u5fdc\u7b54": 0.25108224153518677, "train/f1score_label_\u7e70\u308a\u8fd4\u3057\u5fdc\u7b54": 0.3221055269241333, "train/accuracy_label_\u540c\u610f": 0.8836349248886108, "train/presicion_label_\u540c\u610f": 0.0, "train/recall_label_\u540c\u610f": 0.0, "train/f1score_label_\u540c\u610f": 0.0, "train/accuracy_label_\u7d0d\u5f97": 0.9127262234687805, "train/presicion_label_\u7d0d\u5f97": 0.0, "train/recall_label_\u7d0d\u5f97": 0.0, "train/f1score_label_\u7d0d\u5f97": 0.0, "train/accuracy_label_\u9a5a\u304d": 0.9345690011978149, "train/presicion_label_\u9a5a\u304d": 0.13274335861206055, "train/recall_label_\u9a5a\u304d": 0.011885895393788815, "train/f1score_label_\u9a5a\u304d": 0.02181818149983883, "train/accuracy_label_\u8a00\u3044\u63db\u3048": 1.0, "train/presicion_label_\u8a00\u3044\u63db\u3048": 0.0, "train/recall_label_\u8a00\u3044\u63db\u3048": 0.0, "train/f1score_label_\u8a00\u3044\u63db\u3048": 0.0, "train/accuracy_label_\u610f\u898b": 0.9675034284591675, "train/presicion_label_\u610f\u898b": 0.0, "train/recall_label_\u610f\u898b": 0.0, "train/f1score_label_\u610f\u898b": 0.0, "train/accuracy_label_\u8003\u3048\u3066\u3044\u308b\u6700\u4e2d": 0.9820976853370667, "train/presicion_label_\u8003\u3048\u3066\u3044\u308b\u6700\u4e2d": 0.0, "train/recall_label_\u8003\u3048\u3066\u3044\u308b\u6700\u4e2d": 0.0, "train/f1score_label_\u8003\u3048\u3066\u3044\u308b\u6700\u4e2d": 0.0, "train/accuracy_label_\u4e0d\u540c\u610f": 0.973389744758606, "train/presicion_label_\u4e0d\u540c\u610f": 0.016597511246800423, "train/recall_label_\u4e0d\u540c\u610f": 0.012738853693008423, "train/f1score_label_\u4e0d\u540c\u610f": 0.014414414763450623, "train/accuracy_label_\u88dc\u5b8c": 0.9550982713699341, "train/presicion_label_\u88dc\u5b8c": 0.0, "train/recall_label_\u88dc\u5b8c": 0.0, "train/f1score_label_\u88dc\u5b8c": 0.0, "train/accuracy_label_\u3042\u3044\u3055\u3064": 0.9923136830329895, "train/presicion_label_\u3042\u3044\u3055\u3064": 0.0, "train/recall_label_\u3042\u3044\u3055\u3064": 0.0, "train/f1score_label_\u3042\u3044\u3055\u3064": 0.0, "train/accuracy_label_\u60f3\u8d77": 0.9972270727157593, "train/presicion_label_\u60f3\u8d77": 0.0, "train/recall_label_\u60f3\u8d77": 0.0, "train/f1score_label_\u60f3\u8d77": 0.0, "train/accuracy_label_\u9a5a\u304d\u3068\u3044\u3076\u304b\u308a": 0.9904650449752808, "train/presicion_label_\u9a5a\u304d\u3068\u3044\u3076\u304b\u308a": 0.0, "train/recall_label_\u9a5a\u304d\u3068\u3044\u3076\u304b\u308a": 0.0, "train/f1score_label_\u9a5a\u304d\u3068\u3044\u3076\u304b\u308a": 0.0, "train/accuracy_label_\u305d\u306e\u4ed6": 0.8776999711990356, "train/presicion_label_\u305d\u306e\u4ed6": 0.0, "train/recall_label_\u305d\u306e\u4ed6": 0.0, "train/f1score_label_\u305d\u306e\u4ed6": 0.0, "_wandb": {"runtime": 449}}