{"val_loss": 0.1476915180683136, "val/multilabelaccuracy": 0.7442098259925842, "val/multilabelprecision": 0.5160676836967468, "val/multilabelrecall": 0.6511985063552856, "val/multilabelf1score": 0.572115421295166, "val/multilabelmatthewscorrcoef": 0.4884140193462372, "val/accuracy_label_\u3042\u3044\u3065\u3061": 0.9536784887313843, "val/presicion_label_\u3042\u3044\u3065\u3061": 0.9551820755004883, "val/recall_label_\u3042\u3044\u3065\u3061": 0.9970760345458984, "val/f1score_label_\u3042\u3044\u3065\u3061": 0.9756795167922974, "val/accuracy_label_\u611f\u5fc3": 0.9046321511268616, "val/presicion_label_\u611f\u5fc3": 0.916167676448822, "val/recall_label_\u611f\u5fc3": 0.9776358008384705, "val/f1score_label_\u611f\u5fc3": 0.9459041953086853, "val/accuracy_label_\u8a55\u4fa1": 0.6049046516418457, "val/presicion_label_\u8a55\u4fa1": 0.4722222089767456, "val/recall_label_\u8a55\u4fa1": 0.7669172883033752, "val/f1score_label_\u8a55\u4fa1": 0.5845271944999695, "val/accuracy_label_\u7e70\u308a\u8fd4\u3057\u5fdc\u7b54": 0.7275204062461853, "val/presicion_label_\u7e70\u308a\u8fd4\u3057\u5fdc\u7b54": 0.7042253613471985, "val/recall_label_\u7e70\u308a\u8fd4\u3057\u5fdc\u7b54": 0.9259259104728699, "val/f1score_label_\u7e70\u308a\u8fd4\u3057\u5fdc\u7b54": 0.800000011920929, "val/accuracy_label_\u540c\u610f": 0.6457765698432922, "val/presicion_label_\u540c\u610f": 0.0, "val/recall_label_\u540c\u610f": 0.0, "val/f1score_label_\u540c\u610f": 0.0, "val/accuracy_label_\u7d0d\u5f97": 0.6784741282463074, "val/presicion_label_\u7d0d\u5f97": 0.474683552980423, "val/recall_label_\u7d0d\u5f97": 0.6818181872367859, "val/f1score_label_\u7d0d\u5f97": 0.5597015023231506, "val/accuracy_label_\u9a5a\u304d": 0.7929155230522156, "val/presicion_label_\u9a5a\u304d": 0.0, "val/recall_label_\u9a5a\u304d": 0.0, "val/f1score_label_\u9a5a\u304d": 0.0, "val/accuracy_label_\u8a00\u3044\u63db\u3048": 0.6457765698432922, "val/presicion_label_\u8a00\u3044\u63db\u3048": 0.6060606241226196, "val/recall_label_\u8a00\u3044\u63db\u3048": 0.8602150678634644, "val/f1score_label_\u8a00\u3044\u63db\u3048": 0.7111111283302307, "epoch": 8, "trainer/global_step": 368, "_timestamp": 1705547348.4981368, "_runtime": 180.6297676563263, "_step": 23, "train_loss": 0.1489274501800537, "train/multilabelaccuracy": 0.745907187461853, "train/multilabelprecision": 0.5359330177307129, "train/multilabelrecall": 0.6540988683700562, "train/multilabelf1score": 0.5759115219116211, "train/multilabelmatthewscorrcoef": 0.4925345778465271, "train/accuracy_label_\u3042\u3044\u3065\u3061": 0.9556616544723511, "train/presicion_label_\u3042\u3044\u3065\u3061": 0.9575799703598022, "train/recall_label_\u3042\u3044\u3065\u3061": 0.9971035718917847, "train/f1score_label_\u3042\u3044\u3065\u3061": 0.9769421815872192, "train/accuracy_label_\u611f\u5fc3": 0.8581173419952393, "train/presicion_label_\u611f\u5fc3": 0.8689956068992615, "train/recall_label_\u611f\u5fc3": 0.9770867228507996, "train/f1score_label_\u611f\u5fc3": 0.919876754283905, "train/accuracy_label_\u8a55\u4fa1": 0.6903137564659119, "train/presicion_label_\u8a55\u4fa1": 0.5510489344596863, "train/recall_label_\u8a55\u4fa1": 0.7476280927658081, "train/f1score_label_\u8a55\u4fa1": 0.6344605684280396, "train/accuracy_label_\u7e70\u308a\u8fd4\u3057\u5fdc\u7b54": 0.7128239870071411, "train/presicion_label_\u7e70\u308a\u8fd4\u3057\u5fdc\u7b54": 0.6834901571273804, "train/recall_label_\u7e70\u308a\u8fd4\u3057\u5fdc\u7b54": 0.9399999976158142, "train/f1score_label_\u7e70\u308a\u8fd4\u3057\u5fdc\u7b54": 0.7914809584617615, "train/accuracy_label_\u540c\u610f": 0.6766712069511414, "train/presicion_label_\u540c\u610f": 0.0, "train/recall_label_\u540c\u610f": 0.0, "train/f1score_label_\u540c\u610f": 0.0, "train/accuracy_label_\u7d0d\u5f97": 0.6875852942466736, "train/presicion_label_\u7d0d\u5f97": 0.4825493097305298, "train/recall_label_\u7d0d\u5f97": 0.7310344576835632, "train/f1score_label_\u7d0d\u5f97": 0.5813528299331665, "train/accuracy_label_\u9a5a\u304d": 0.7803546786308289, "train/presicion_label_\u9a5a\u304d": 0.1538461595773697, "train/recall_label_\u9a5a\u304d": 0.00638977624475956, "train/f1score_label_\u9a5a\u304d": 0.012269938364624977, "train/accuracy_label_\u8a00\u3044\u63db\u3048": 0.605729877948761, "train/presicion_label_\u8a00\u3044\u63db\u3048": 0.5899543166160583, "train/recall_label_\u8a00\u3044\u63db\u3048": 0.833548367023468, "train/f1score_label_\u8a00\u3044\u63db\u3048": 0.6909090876579285, "train/loss": 0.1452762484550476, "test_loss": 0.14773596823215485, "test/multilabelaccuracy": 0.7379658222198486, "test/multilabelprecision": 0.5117247104644775, "test/multilabelrecall": 0.6661686897277832, "test/multilabelf1score": 0.5736204981803894, "test/multilabelmatthewscorrcoef": 0.47799989581108093, "test/accuracy_label_\u3042\u3044\u3065\u3061": 0.9503105878829956, "test/presicion_label_\u3042\u3044\u3065\u3061": 0.955974817276001, "test/recall_label_\u3042\u3044\u3065\u3061": 0.9934640526771545, "test/f1score_label_\u3042\u3044\u3065\u3061": 0.9743589758872986, "test/accuracy_label_\u611f\u5fc3": 0.8695651888847351, "test/presicion_label_\u611f\u5fc3": 0.899328887462616, "test/recall_label_\u611f\u5fc3": 0.9571428298950195, "test/f1score_label_\u611f\u5fc3": 0.9273356199264526, "test/accuracy_label_\u8a55\u4fa1": 0.5465838313102722, "test/presicion_label_\u8a55\u4fa1": 0.44392523169517517, "test/recall_label_\u8a55\u4fa1": 0.7786885499954224, "test/f1score_label_\u8a55\u4fa1": 0.5654761791229248, "test/accuracy_label_\u7e70\u308a\u8fd4\u3057\u5fdc\u7b54": 0.7453415989875793, "test/presicion_label_\u7e70\u308a\u8fd4\u3057\u5fdc\u7b54": 0.7132353186607361, "test/recall_label_\u7e70\u308a\u8fd4\u3057\u5fdc\u7b54": 0.9797979593276978, "test/f1score_label_\u7e70\u308a\u8fd4\u3057\u5fdc\u7b54": 0.8255318999290466, "test/accuracy_label_\u540c\u610f": 0.6832298040390015, "test/presicion_label_\u540c\u610f": 0.0, "test/recall_label_\u540c\u610f": 0.0, "test/f1score_label_\u540c\u610f": 0.0, "test/accuracy_label_\u7d0d\u5f97": 0.6739130616188049, "test/presicion_label_\u7d0d\u5f97": 0.5333333611488342, "test/recall_label_\u7d0d\u5f97": 0.7586206793785095, "test/f1score_label_\u7d0d\u5f97": 0.626334547996521, "test/accuracy_label_\u9a5a\u304d": 0.8540372848510742, "test/presicion_label_\u9a5a\u304d": 0.0, "test/recall_label_\u9a5a\u304d": 0.0, "test/f1score_label_\u9a5a\u304d": 0.0, "test/accuracy_label_\u8a00\u3044\u63db\u3048": 0.5807453393936157, "test/presicion_label_\u8a00\u3044\u63db\u3048": 0.5479999780654907, "test/recall_label_\u8a00\u3044\u63db\u3048": 0.8616352081298828, "test/f1score_label_\u8a00\u3044\u63db\u3048": 0.669926643371582, "_wandb": {"runtime": 180}}