{"val_loss": 0.688805103302002, "val/multilabelaccuracy": 0.9393292665481567, "val/multilabelprecision": 0.041771356016397476, "val/multilabelrecall": 0.060235507786273956, "val/multilabelf1score": 0.04933234304189682, "val/multilabelmatthewscorrcoef": 0.546714723110199, "epoch": 4, "trainer/global_step": 104, "_timestamp": 1701930821.9363074, "_runtime": 193.56683254241943, "_step": 11, "train_loss": 0.6895623207092285, "train/multilabelaccuracy": 0.9313950538635254, "train/multilabelprecision": 0.0399969182908535, "train/multilabelrecall": 0.06178571283817291, "train/multilabelf1score": 0.04855913296341896, "train/multilabelmatthewscorrcoef": 0.5020109415054321, "train/accuracy_label_0": 0.6361416578292847, "train/presicion_label_0": 0.639950692653656, "train/recall_label_0": 0.9885714054107666, "train/f1score_label_0": 0.7769461274147034, "train/accuracy_label_1": 0.6849817037582397, "train/presicion_label_1": 0.0, "train/recall_label_1": 0.0, "train/f1score_label_1": 0.0, "train/accuracy_label_2": 0.9157509207725525, "train/presicion_label_2": 0.0, "train/recall_label_2": 0.0, "train/f1score_label_2": 0.0, "train/accuracy_label_3": 0.9609279632568359, "train/presicion_label_3": 0.0, "train/recall_label_3": 0.0, "train/f1score_label_3": 0.0, "train/accuracy_label_4": 0.9035409092903137, "train/presicion_label_4": 0.0, "train/recall_label_4": 0.0, "train/f1score_label_4": 0.0, "train/accuracy_label_5": 0.9572649598121643, "train/presicion_label_5": 0.0, "train/recall_label_5": 0.0, "train/f1score_label_5": 0.0, "train/accuracy_label_6": 0.9682539701461792, "train/presicion_label_6": 0.0, "train/recall_label_6": 0.0, "train/f1score_label_6": 0.0, "train/accuracy_label_7": 0.9987789988517761, "train/presicion_label_7": 0.0, "train/recall_label_7": 0.0, "train/f1score_label_7": 0.0, "train/accuracy_label_8": 0.970695972442627, "train/presicion_label_8": 0.0, "train/recall_label_8": 0.0, "train/f1score_label_8": 0.0, "train/accuracy_label_9": 0.9938949942588806, "train/presicion_label_9": 0.0, "train/recall_label_9": 0.0, "train/f1score_label_9": 0.0, "train/accuracy_label_10": 0.9951159954071045, "train/presicion_label_10": 0.0, "train/recall_label_10": 0.0, "train/f1score_label_10": 0.0, "train/accuracy_label_11": 0.9816849827766418, "train/presicion_label_11": 0.0, "train/recall_label_11": 0.0, "train/f1score_label_11": 0.0, "train/accuracy_label_12": 0.9938949942588806, "train/presicion_label_12": 0.0, "train/recall_label_12": 0.0, "train/f1score_label_12": 0.0, "train/accuracy_label_13": 0.9926739931106567, "train/presicion_label_13": 0.0, "train/recall_label_13": 0.0, "train/f1score_label_13": 0.0, "train/accuracy_label_14": 0.9975579977035522, "train/presicion_label_14": 0.0, "train/recall_label_14": 0.0, "train/f1score_label_14": 0.0, "train/accuracy_label_15": 0.9511599540710449, "train/presicion_label_15": 0.0, "train/recall_label_15": 0.0, "train/f1score_label_15": 0.0, "train/loss": 0.6896603107452393, "test/confusion_matrix_0_table": {"_type": "table-file", "sha256": "a027eff65e263ef748bc67f2313b00788aec3b7ff74d022262340d168d623312", "size": 14272, "artifact_path": "wandb-client-artifact://47pl9sasibz697kmc5js9o4dx18tgdeunsvkzkq0ws6bw6oceug24nnj65h1q1swayz9zkp9g0njr6mrb4hh2ia66hszi4bfa8wuyvq1btl1c1ez6cuuggqwjbke8dj7:latest/test/confusion_matrix_0_table.table.json", "_latest_artifact_path": "wandb-client-artifact://47pl9sasibz697kmc5js9o4dx18tgdeunsvkzkq0ws6bw6oceug24nnj65h1q1swayz9zkp9g0njr6mrb4hh2ia66hszi4bfa8wuyvq1btl1c1ez6cuuggqwjbke8dj7:latest/test/confusion_matrix_0_table.table.json", "path": "media/table/test/confusion_matrix_0_table_10_a027eff65e263ef748bc.table.json", "ncols": 3, "nrows": 256}, "test/confusion_matrix_1_table": {"_type": "table-file", "sha256": "c641d15d1edf369e461514adbee17bac681156dd69f81cd93cbbb544f3eb8939", "size": 14272, "artifact_path": "wandb-client-artifact://qb4nb6bx3e2xwqtnhrjf5g09id9h5q6vsrf4cu58h1rbbcxd79zzhugv8ps1we578zs79sy4jgch7tuytmxz092hzkoy8pccxbxyphtvbr7wb1fwypeg1l9qpo48s6fo:latest/test/confusion_matrix_1_table.table.json", "_latest_artifact_path": "wandb-client-artifact://qb4nb6bx3e2xwqtnhrjf5g09id9h5q6vsrf4cu58h1rbbcxd79zzhugv8ps1we578zs79sy4jgch7tuytmxz092hzkoy8pccxbxyphtvbr7wb1fwypeg1l9qpo48s6fo:latest/test/confusion_matrix_1_table.table.json", "path": "media/table/test/confusion_matrix_1_table_10_c641d15d1edf369e4615.table.json", "ncols": 3, "nrows": 256}, "test/confusion_matrix_2_table": {"_type": "table-file", "sha256": "f887c834b6ad705ce36013d78a2579dc450be31aa4b54986c2fee9f2d8eedede", "size": 14273, "artifact_path": "wandb-client-artifact://bwhivbfyjvggd8gnq8ka6y1i0sow7d93m7efc15202xkz3qkkcdhw5mr75avsy32f26u0120i9fpuwicaqg49g7cb2mv8qe68plxrwzzl729wz85upsj6fjz80g2xeok:latest/test/confusion_matrix_2_table.table.json", "_latest_artifact_path": "wandb-client-artifact://bwhivbfyjvggd8gnq8ka6y1i0sow7d93m7efc15202xkz3qkkcdhw5mr75avsy32f26u0120i9fpuwicaqg49g7cb2mv8qe68plxrwzzl729wz85upsj6fjz80g2xeok:latest/test/confusion_matrix_2_table.table.json", "path": "media/table/test/confusion_matrix_2_table_10_f887c834b6ad705ce360.table.json", "ncols": 3, "nrows": 256}, "test/confusion_matrix_3_table": {"_type": "table-file", "sha256": "026eb326f5a0d43ac749cb067b0bffbc931ac07442f44f10cea4b329a63e4ea1", "size": 14272, "artifact_path": "wandb-client-artifact://ylllufh18dlly69ffwcks0r43cumuk524rnvao7f8njybmwlatbl5ijrzwsaxnwbrgd0aqzdiokyy5r9s0uqu7pd7hl8egbhi05v8cyjp7w4ei4v1vrceoviv1vm27tm:latest/test/confusion_matrix_3_table.table.json", "_latest_artifact_path": "wandb-client-artifact://ylllufh18dlly69ffwcks0r43cumuk524rnvao7f8njybmwlatbl5ijrzwsaxnwbrgd0aqzdiokyy5r9s0uqu7pd7hl8egbhi05v8cyjp7w4ei4v1vrceoviv1vm27tm:latest/test/confusion_matrix_3_table.table.json", "path": "media/table/test/confusion_matrix_3_table_10_026eb326f5a0d43ac749.table.json", "ncols": 3, "nrows": 256}, "test/confusion_matrix_4_table": {"_type": "table-file", "sha256": "421b59d4aff4ea4c9c37071cbf30a2cb904713b91e181dc49812e8d3900fda78", "size": 14273, "artifact_path": "wandb-client-artifact://v5pt9hxw43eqq72s9ahfz3uzb9yoadvbhnltan73vhowztgmmt74abxs25rf3eu7xzm3w1y8mmhbum92kml9totbuzfxrx3pdchq3vxeon7ybgx5ntu7g0qe7jpnyg2z:latest/test/confusion_matrix_4_table.table.json", "_latest_artifact_path": "wandb-client-artifact://v5pt9hxw43eqq72s9ahfz3uzb9yoadvbhnltan73vhowztgmmt74abxs25rf3eu7xzm3w1y8mmhbum92kml9totbuzfxrx3pdchq3vxeon7ybgx5ntu7g0qe7jpnyg2z:latest/test/confusion_matrix_4_table.table.json", "path": "media/table/test/confusion_matrix_4_table_10_421b59d4aff4ea4c9c37.table.json", "ncols": 3, "nrows": 256}, "test/confusion_matrix_5_table": {"_type": "table-file", "sha256": "95a404a09812ff6595bc82c7140248be27cb349c6aebf1a7c477bdfb45e0250b", "size": 14272, "artifact_path": "wandb-client-artifact://yp42xlyw9cfmw1z45z42kxxsihmjtgslb2ob67m73zp07zs5v8occq95nggzgnz9vkvvdxvmdeflncrrkteez8p3i1flfubvvk3dobbtrpk46v5r5us683xmi4absy0b:latest/test/confusion_matrix_5_table.table.json", "_latest_artifact_path": "wandb-client-artifact://yp42xlyw9cfmw1z45z42kxxsihmjtgslb2ob67m73zp07zs5v8occq95nggzgnz9vkvvdxvmdeflncrrkteez8p3i1flfubvvk3dobbtrpk46v5r5us683xmi4absy0b:latest/test/confusion_matrix_5_table.table.json", "path": "media/table/test/confusion_matrix_5_table_10_95a404a09812ff6595bc.table.json", "ncols": 3, "nrows": 256}, "test/confusion_matrix_6_table": {"_type": "table-file", "sha256": "56362edaec100a8272963e5beccb56d2dc59c2d3bcfe3cd64a8bc31bf00596e4", "size": 14272, "artifact_path": "wandb-client-artifact://i77q6sjq5ng9gk6n604gupphbndtprej30irb0mt1ck2ekcn9m6u5pqt3onnmge9k5yyaoagnt2i9z9bac27wp2fwmhfb2wi70tzg25j2aradflp7341l803c44m3j04:latest/test/confusion_matrix_6_table.table.json", "_latest_artifact_path": "wandb-client-artifact://i77q6sjq5ng9gk6n604gupphbndtprej30irb0mt1ck2ekcn9m6u5pqt3onnmge9k5yyaoagnt2i9z9bac27wp2fwmhfb2wi70tzg25j2aradflp7341l803c44m3j04:latest/test/confusion_matrix_6_table.table.json", "path": "media/table/test/confusion_matrix_6_table_10_56362edaec100a827296.table.json", "ncols": 3, "nrows": 256},