{"train/loss": 0.03548860549926758, "epoch": 7, "trainer/global_step": 13703, "_timestamp": 1715237931.2197733, "_runtime": 4980.701085329056, "_step": 775, "val_loss": 0.03703613206744194, "val/multilabelaccuracy": 0.8664041757583618, "val/multilabelprecision": 0.38577255606651306, "val/multilabelrecall": 0.3393722474575043, "val/multilabelf1score": 0.3365481197834015, "val/multilabelmatthewscorrcoef": 0.6736263632774353, "val/accuracy_label_\u3042\u3044\u3065\u3061": 0.9816848039627075, "val/presicion_label_\u3042\u3044\u3065\u3061": 0.9873719811439514, "val/recall_label_\u3042\u3044\u3065\u3061": 0.993844747543335, "val/f1score_label_\u3042\u3044\u3065\u3061": 0.9905977845191956, "val/accuracy_label_\u611f\u5fc3": 0.9692965149879456, "val/presicion_label_\u611f\u5fc3": 0.9742093682289124, "val/recall_label_\u611f\u5fc3": 0.9933214783668518, "val/f1score_label_\u611f\u5fc3": 0.9836726188659668, "val/accuracy_label_\u8a55\u4fa1": 0.7829381823539734, "val/presicion_label_\u8a55\u4fa1": 0.7292276620864868, "val/recall_label_\u8a55\u4fa1": 0.7584308981895447, "val/f1score_label_\u8a55\u4fa1": 0.7435426712036133, "val/accuracy_label_\u7e70\u308a\u8fd4\u3057\u5fdc\u7b54": 0.8199572563171387, "val/presicion_label_\u7e70\u308a\u8fd4\u3057\u5fdc\u7b54": 0.8078200221061707, "val/recall_label_\u7e70\u308a\u8fd4\u3057\u5fdc\u7b54": 0.9577259421348572, "val/f1score_label_\u7e70\u308a\u8fd4\u3057\u5fdc\u7b54": 0.8764089941978455, "val/accuracy_label_\u540c\u610f": 0.7681694626808167, "val/presicion_label_\u540c\u610f": 0.6359400749206543, "val/recall_label_\u540c\u610f": 0.7937145233154297, "val/f1score_label_\u540c\u610f": 0.7061214447021484, "val/accuracy_label_\u7d0d\u5f97": 0.6868441700935364, "val/presicion_label_\u7d0d\u5f97": 0.5667459964752197, "val/recall_label_\u7d0d\u5f97": 0.43135887384414673, "val/f1score_label_\u7d0d\u5f97": 0.48987022042274475, "val/accuracy_label_\u9a5a\u304d": 0.7758452892303467, "val/presicion_label_\u9a5a\u304d": 0.5283018946647644, "val/recall_label_\u9a5a\u304d": 0.006064543966203928, "val/f1score_label_\u9a5a\u304d": 0.01199143473058939, "val/accuracy_label_\u8a00\u3044\u63db\u3048": 0.9725515246391296, "val/presicion_label_\u8a00\u3044\u63db\u3048": 0.0, "val/recall_label_\u8a00\u3044\u63db\u3048": 0.0, "val/f1score_label_\u8a00\u3044\u63db\u3048": 0.0, "val/accuracy_label_\u610f\u898b": 0.852944016456604, "val/presicion_label_\u610f\u898b": 0.03773584961891174, "val/recall_label_\u610f\u898b": 0.0006715916679240763, "val/f1score_label_\u610f\u898b": 0.0013196964282542467, "val/accuracy_label_\u8003\u3048\u3066\u3044\u308b\u6700\u4e2d": 0.9120190143585205, "val/presicion_label_\u8003\u3048\u3066\u3044\u308b\u6700\u4e2d": 0.13333334028720856, "val/recall_label_\u8003\u3048\u3066\u3044\u308b\u6700\u4e2d": 0.009286128915846348, "val/f1score_label_\u8003\u3048\u3066\u3044\u308b\u6700\u4e2d": 0.017362995073199272, "val/accuracy_label_\u4e0d\u540c\u610f": 0.9380586743354797, "val/presicion_label_\u4e0d\u540c\u610f": 0.1494845300912857, "val/recall_label_\u4e0d\u540c\u610f": 0.025460930541157722, "val/f1score_label_\u4e0d\u540c\u610f": 0.04351087659597397, "val/accuracy_label_\u88dc\u5b8c": 0.8154877424240112, "val/presicion_label_\u88dc\u5b8c": 0.0, "val/recall_label_\u88dc\u5b8c": 0.0, "val/f1score_label_\u88dc\u5b8c": 0.0, "val/accuracy_label_\u3042\u3044\u3055\u3064": 0.9648270606994629, "val/presicion_label_\u3042\u3044\u3055\u3064": 0.0, "val/recall_label_\u3042\u3044\u3055\u3064": 0.0, "val/f1score_label_\u3042\u3044\u3055\u3064": 0.0, "val/accuracy_label_\u60f3\u8d77": 0.9874659776687622, "val/presicion_label_\u60f3\u8d77": 0.0, "val/recall_label_\u60f3\u8d77": 0.0, "val/f1score_label_\u60f3\u8d77": 0.0, "val/accuracy_label_\u9a5a\u304d\u3068\u3044\u3076\u304b\u308a": 0.9653128385543823, "val/presicion_label_\u9a5a\u304d\u3068\u3044\u3076\u304b\u308a": 0.017786560580134392, "val/recall_label_\u9a5a\u304d\u3068\u3044\u3076\u304b\u308a": 0.0398230105638504, "val/f1score_label_\u9a5a\u304d\u3068\u3044\u3076\u304b\u308a": 0.02459016442298889, "val/accuracy_label_\u305d\u306e\u4ed6": 0.6690633296966553, "val/presicion_label_\u305d\u306e\u4ed6": 0.604403555393219, "val/recall_label_\u305d\u306e\u4ed6": 0.4202534854412079, "val/f1score_label_\u305d\u306e\u4ed6": 0.49578091502189636, "train_loss": 0.036470070481300354, "train/multilabelaccuracy": 0.8994636535644531, "train/multilabelprecision": 0.46807631850242615, "train/multilabelrecall": 0.40718239545822144, "train/multilabelf1score": 0.39486730098724365, "train/multilabelmatthewscorrcoef": 0.7558385729789734, "train/accuracy_label_\u3042\u3044\u3065\u3061": 0.9948920011520386, "train/presicion_label_\u3042\u3044\u3065\u3061": 0.9973938465118408, "train/recall_label_\u3042\u3044\u3065\u3061": 0.997343897819519, "train/f1score_label_\u3042\u3044\u3065\u3061": 0.9973688721656799, "train/accuracy_label_\u611f\u5fc3": 0.988275945186615, "train/presicion_label_\u611f\u5fc3": 0.9898889660835266, "train/recall_label_\u611f\u5fc3": 0.997531533241272, "train/f1score_label_\u611f\u5fc3": 0.9936955571174622, "train/accuracy_label_\u8a55\u4fa1": 0.8741486668586731, "train/presicion_label_\u8a55\u4fa1": 0.8041137456893921, "train/recall_label_\u8a55\u4fa1": 0.9067395329475403, "train/f1score_label_\u8a55\u4fa1": 0.8523486256599426, "train/accuracy_label_\u7e70\u308a\u8fd4\u3057\u5fdc\u7b54": 0.9286826252937317, "train/presicion_label_\u7e70\u308a\u8fd4\u3057\u5fdc\u7b54": 0.9170553684234619, "train/recall_label_\u7e70\u308a\u8fd4\u3057\u5fdc\u7b54": 0.9826874136924744, "train/f1score_label_\u7e70\u308a\u8fd4\u3057\u5fdc\u7b54": 0.9487376809120178, "train/accuracy_label_\u540c\u610f": 0.8748784065246582, "train/presicion_label_\u540c\u610f": 0.7953194379806519, "train/recall_label_\u540c\u610f": 0.8682502508163452, "train/f1score_label_\u540c\u610f": 0.8301861882209778, "train/accuracy_label_\u7d0d\u5f97": 0.7670753002166748, "train/presicion_label_\u7d0d\u5f97": 0.6574206352233887, "train/recall_label_\u7d0d\u5f97": 0.702785074710846, "train/f1score_label_\u7d0d\u5f97": 0.6793463826179504, "train/accuracy_label_\u9a5a\u304d": 0.7757832407951355, "train/presicion_label_\u9a5a\u304d": 0.5585106611251831, "train/recall_label_\u9a5a\u304d": 0.022673288360238075, "train/f1score_label_\u9a5a\u304d": 0.04357750713825226, "train/accuracy_label_\u8a00\u3044\u63db\u3048": 0.9630764722824097, "train/presicion_label_\u8a00\u3044\u63db\u3048": 0.0, "train/recall_label_\u8a00\u3044\u63db\u3048": 0.0, "train/f1score_label_\u8a00\u3044\u63db\u3048": 0.0, "train/accuracy_label_\u610f\u898b": 0.8528896570205688, "train/presicion_label_\u610f\u898b": 0.25, "train/recall_label_\u610f\u898b": 0.005347593687474728, "train/f1score_label_\u610f\u898b": 0.010471204295754433, "train/accuracy_label_\u8003\u3048\u3066\u3044\u308b\u6700\u4e2d": 0.9118505716323853, "train/presicion_label_\u8003\u3048\u3066\u3044\u308b\u6700\u4e2d": 0.2801724076271057, "train/recall_label_\u8003\u3048\u3066\u3044\u308b\u6700\u4e2d": 0.03801169618964195, "train/f1score_label_\u8003\u3048\u3066\u3044\u308b\u6700\u4e2d": 0.06694129854440689, "train/accuracy_label_\u4e0d\u540c\u610f": 0.9417688250541687, "train/presicion_label_\u4e0d\u540c\u610f": 0.1981707364320755, "train/recall_label_\u4e0d\u540c\u610f": 0.06506506353616714, "train/f1score_label_\u4e0d\u540c\u610f": 0.09796533733606339, "train/accuracy_label_\u88dc\u5b8c": 0.8212200999259949, "train/presicion_label_\u88dc\u5b8c": 0.25, "train/recall_label_\u88dc\u5b8c": 0.00027225702069699764, "train/f1score_label_\u88dc\u5b8c": 0.0005439216620288789, "train/accuracy_label_\u3042\u3044\u3055\u3064": 0.9646332263946533, "train/presicion_label_\u3042\u3044\u3055\u3064": 0.0833333358168602, "train/recall_label_\u3042\u3044\u3055\u3064": 0.0013947001425549388, "train/f1score_label_\u3042\u3044\u3055\u3064": 0.0027434842195361853, "train/accuracy_label_\u60f3\u8d77": 0.9884218573570251, "train/presicion_label_\u60f3\u8d77": 0.0, "train/recall_label_\u60f3\u8d77": 0.0,