{"train/loss": 0.6756884455680847, "epoch": 4, "trainer/global_step": 3716, "_timestamp": 1704864321.9790664, "_runtime": 918.672785282135, "_step": 82, "val_loss": 0.6838780641555786, "val/multilabelaccuracy": 0.8872879147529602, "val/multilabelprecision": 0.15648527443408966, "val/multilabelrecall": 0.1554366648197174, "val/multilabelf1score": 0.15307846665382385, "val/multilabelmatthewscorrcoef": 0.5383409261703491, "val/accuracy_label_\u3042\u3044\u3065\u3061": 0.6692701578140259, "val/presicion_label_\u3042\u3044\u3065\u3061": 0.7002025842666626, "val/recall_label_\u3042\u3044\u3065\u3061": 0.8591549396514893, "val/f1score_label_\u3042\u3044\u3065\u3061": 0.7715773582458496, "val/accuracy_label_\u611f\u5fc3": 0.722326934337616, "val/presicion_label_\u611f\u5fc3": 0.5516796112060547, "val/recall_label_\u611f\u5fc3": 0.3843384385108948, "val/f1score_label_\u611f\u5fc3": 0.4530504047870636, "val/accuracy_label_\u8a55\u4fa1": 0.957177460193634, "val/presicion_label_\u8a55\u4fa1": 0.0, "val/recall_label_\u8a55\u4fa1": 0.0, "val/f1score_label_\u8a55\u4fa1": 0.0, "val/accuracy_label_\u7e70\u308a\u8fd4\u3057\u5fdc\u7b54": 0.9240506291389465, "val/presicion_label_\u7e70\u308a\u8fd4\u3057\u5fdc\u7b54": 0.0, "val/recall_label_\u7e70\u308a\u8fd4\u3057\u5fdc\u7b54": 0.0, "val/f1score_label_\u7e70\u308a\u8fd4\u3057\u5fdc\u7b54": 0.0, "val/accuracy_label_\u540c\u610f": 0.9539455771446228, "val/presicion_label_\u540c\u610f": 0.0, "val/recall_label_\u540c\u610f": 0.0, "val/f1score_label_\u540c\u610f": 0.0, "val/accuracy_label_\u7d0d\u5f97": 0.9711823463439941, "val/presicion_label_\u7d0d\u5f97": 0.0, "val/recall_label_\u7d0d\u5f97": 0.0, "val/f1score_label_\u7d0d\u5f97": 0.0, "val/accuracy_label_\u9a5a\u304d": 0.9709129929542542, "val/presicion_label_\u9a5a\u304d": 0.0, "val/recall_label_\u9a5a\u304d": 0.0, "val/f1score_label_\u9a5a\u304d": 0.0, "val/accuracy_label_\u305d\u306e\u4ed6": 0.9294371008872986, "val/presicion_label_\u305d\u306e\u4ed6": 0.0, "val/recall_label_\u305d\u306e\u4ed6": 0.0, "val/f1score_label_\u305d\u306e\u4ed6": 0.0, "train_loss": 0.6842213273048401, "train/multilabelaccuracy": 0.8847643136978149, "train/multilabelprecision": 0.21136510372161865, "train/multilabelrecall": 0.16529476642608643, "train/multilabelf1score": 0.16722187399864197, "train/multilabelmatthewscorrcoef": 0.5321666598320007, "train/accuracy_label_\u3042\u3044\u3065\u3061": 0.671784520149231, "train/presicion_label_\u3042\u3044\u3065\u3061": 0.70128333568573, "train/recall_label_\u3042\u3044\u3065\u3061": 0.8614395260810852, "train/f1score_label_\u3042\u3044\u3065\u3061": 0.773154616355896, "train/accuracy_label_\u611f\u5fc3": 0.7318518757820129, "train/presicion_label_\u611f\u5fc3": 0.5730782151222229, "train/recall_label_\u611f\u5fc3": 0.39254236221313477, "train/f1score_label_\u611f\u5fc3": 0.4659334719181061, "train/accuracy_label_\u8a55\u4fa1": 0.95279461145401, "train/presicion_label_\u8a55\u4fa1": 0.13978494703769684, "train/recall_label_\u8a55\u4fa1": 0.020504731684923172, "train/f1score_label_\u8a55\u4fa1": 0.03576341271400452, "train/accuracy_label_\u7e70\u308a\u8fd4\u3057\u5fdc\u7b54": 0.9222895503044128, "train/presicion_label_\u7e70\u308a\u8fd4\u3057\u5fdc\u7b54": 0.09677419066429138, "train/recall_label_\u7e70\u308a\u8fd4\u3057\u5fdc\u7b54": 0.002657218836247921, "train/f1score_label_\u7e70\u308a\u8fd4\u3057\u5fdc\u7b54": 0.005172413773834705, "train/accuracy_label_\u540c\u610f": 0.9510437846183777, "train/presicion_label_\u540c\u610f": 0.0, "train/recall_label_\u540c\u610f": 0.0, "train/f1score_label_\u540c\u610f": 0.0, "train/accuracy_label_\u7d0d\u5f97": 0.9723905920982361, "train/presicion_label_\u7d0d\u5f97": 0.0, "train/recall_label_\u7d0d\u5f97": 0.0, "train/f1score_label_\u7d0d\u5f97": 0.0, "train/accuracy_label_\u9a5a\u304d": 0.9600673317909241, "train/presicion_label_\u9a5a\u304d": 0.04363636299967766, "train/recall_label_\u9a5a\u304d": 0.035087719559669495, "train/f1score_label_\u9a5a\u304d": 0.03889789432287216, "train/accuracy_label_\u305d\u306e\u4ed6": 0.9158922433853149, "train/presicion_label_\u305d\u306e\u4ed6": 0.13636364042758942, "train/recall_label_\u305d\u306e\u4ed6": 0.010126582346856594, "train/f1score_label_\u305d\u306e\u4ed6": 0.01885310374200344, "test_loss": 0.685135006904602, "test/multilabelaccuracy": 0.8907915353775024, "test/multilabelprecision": 0.16032543778419495, "test/multilabelrecall": 0.1608915776014328, "test/multilabelf1score": 0.15684810280799866, "test/multilabelmatthewscorrcoef": 0.5462613105773926, "_wandb": {"runtime": 919}}