{"val_loss": 0.17324978113174438, "val/multilabelaccuracy": 0.9231707453727722, "val/multilabelprecision": 0.1088709682226181, "val/multilabelrecall": 0.0115327388048172, "val/multilabelf1score": 0.019204817712306976, "val/multilabelmatthewscorrcoef": 0.23423783481121063, "val/accuracy_label_\u3042\u3044\u3065\u3061": 0.4000000059604645, "val/presicion_label_\u3042\u3044\u3065\u3061": 0.7419354915618896, "val/recall_label_\u3042\u3044\u3065\u3061": 0.1666666716337204, "val/f1score_label_\u3042\u3044\u3065\u3061": 0.27218934893608093, "val/accuracy_label_\u611f\u5fc3": 0.7317073345184326, "val/presicion_label_\u611f\u5fc3": 1.0, "val/recall_label_\u611f\u5fc3": 0.01785714365541935, "val/f1score_label_\u611f\u5fc3": 0.035087719559669495, "val/accuracy_label_\u8a55\u4fa1": 0.8926829099655151, "val/presicion_label_\u8a55\u4fa1": 0.0, "val/recall_label_\u8a55\u4fa1": 0.0, "val/f1score_label_\u8a55\u4fa1": 0.0, "val/accuracy_label_\u7e70\u308a\u8fd4\u3057\u5fdc\u7b54": 0.9609755873680115, "val/presicion_label_\u7e70\u308a\u8fd4\u3057\u5fdc\u7b54": 0.0, "val/recall_label_\u7e70\u308a\u8fd4\u3057\u5fdc\u7b54": 0.0, "val/f1score_label_\u7e70\u308a\u8fd4\u3057\u5fdc\u7b54": 0.0, "val/accuracy_label_\u540c\u610f": 0.9219512343406677, "val/presicion_label_\u540c\u610f": 0.0, "val/recall_label_\u540c\u610f": 0.0, "val/f1score_label_\u540c\u610f": 0.0, "val/accuracy_label_\u7d0d\u5f97": 0.9512194991111755, "val/presicion_label_\u7d0d\u5f97": 0.0, "val/recall_label_\u7d0d\u5f97": 0.0, "val/f1score_label_\u7d0d\u5f97": 0.0, "val/accuracy_label_\u9a5a\u304d": 0.9707317352294922, "val/presicion_label_\u9a5a\u304d": 0.0, "val/recall_label_\u9a5a\u304d": 0.0, "val/f1score_label_\u9a5a\u304d": 0.0, "val/accuracy_label_\u8a00\u3044\u63db\u3048": 1.0, "val/presicion_label_\u8a00\u3044\u63db\u3048": 0.0, "val/recall_label_\u8a00\u3044\u63db\u3048": 0.0, "val/f1score_label_\u8a00\u3044\u63db\u3048": 0.0, "val/accuracy_label_\u610f\u898b": 0.9902439117431641, "val/presicion_label_\u610f\u898b": 0.0, "val/recall_label_\u610f\u898b": 0.0, "val/f1score_label_\u610f\u898b": 0.0, "val/accuracy_label_\u8003\u3048\u3066\u3044\u308b\u6700\u4e2d": 1.0, "val/presicion_label_\u8003\u3048\u3066\u3044\u308b\u6700\u4e2d": 0.0, "val/recall_label_\u8003\u3048\u3066\u3044\u308b\u6700\u4e2d": 0.0, "val/f1score_label_\u8003\u3048\u3066\u3044\u308b\u6700\u4e2d": 0.0, "val/accuracy_label_\u4e0d\u540c\u610f": 1.0, "val/presicion_label_\u4e0d\u540c\u610f": 0.0, "val/recall_label_\u4e0d\u540c\u610f": 0.0, "val/f1score_label_\u4e0d\u540c\u610f": 0.0, "val/accuracy_label_\u88dc\u5b8c": 0.9902439117431641, "val/presicion_label_\u88dc\u5b8c": 0.0, "val/recall_label_\u88dc\u5b8c": 0.0, "val/f1score_label_\u88dc\u5b8c": 0.0, "val/accuracy_label_\u3042\u3044\u3055\u3064": 0.995121955871582, "val/presicion_label_\u3042\u3044\u3055\u3064": 0.0, "val/recall_label_\u3042\u3044\u3055\u3064": 0.0, "val/f1score_label_\u3042\u3044\u3055\u3064": 0.0, "val/accuracy_label_\u60f3\u8d77": 1.0, "val/presicion_label_\u60f3\u8d77": 0.0, "val/recall_label_\u60f3\u8d77": 0.0, "val/f1score_label_\u60f3\u8d77": 0.0, "val/accuracy_label_\u9a5a\u304d\u3068\u3044\u3076\u304b\u308a": 1.0, "val/presicion_label_\u9a5a\u304d\u3068\u3044\u3076\u304b\u308a": 0.0, "val/recall_label_\u9a5a\u304d\u3068\u3044\u3076\u304b\u308a": 0.0, "val/f1score_label_\u9a5a\u304d\u3068\u3044\u3076\u304b\u308a": 0.0, "val/accuracy_label_\u305d\u306e\u4ed6": 0.9658536314964294, "val/presicion_label_\u305d\u306e\u4ed6": 0.0, "val/recall_label_\u305d\u306e\u4ed6": 0.0, "val/f1score_label_\u305d\u306e\u4ed6": 0.0, "epoch": 2, "trainer/global_step": 57, "_timestamp": 1703050581.7032685, "_runtime": 111.19186162948608, "_step": 5, "train_loss": 0.17330783605575562, "train/multilabelaccuracy": 0.9155219793319702, "train/multilabelprecision": 0.08783343434333801, "train/multilabelrecall": 0.011903977021574974, "train/multilabelf1score": 0.020468056201934814, "train/multilabelmatthewscorrcoef": 0.12823204696178436, "train/accuracy_label_\u3042\u3044\u3065\u3061": 0.380952388048172, "train/presicion_label_\u3042\u3044\u3065\u3061": 0.5882353186607361, "train/recall_label_\u3042\u3044\u3065\u3061": 0.11428571492433548, "train/f1score_label_\u3042\u3044\u3065\u3061": 0.19138756394386292, "train/accuracy_label_\u611f\u5fc3": 0.6849817037582397, "train/presicion_label_\u611f\u5fc3": 0.4166666567325592, "train/recall_label_\u611f\u5fc3": 0.01953125, "train/f1score_label_\u611f\u5fc3": 0.03731343150138855, "train/accuracy_label_\u8a55\u4fa1": 0.910866916179657, "train/presicion_label_\u8a55\u4fa1": 0.09090909361839294, "train/recall_label_\u8a55\u4fa1": 0.015625, "train/f1score_label_\u8a55\u4fa1": 0.02666666731238365, "train/accuracy_label_\u7e70\u308a\u8fd4\u3057\u5fdc\u7b54": 0.9511599540710449, "train/presicion_label_\u7e70\u308a\u8fd4\u3057\u5fdc\u7b54": 0.0, "train/recall_label_\u7e70\u308a\u8fd4\u3057\u5fdc\u7b54": 0.0, "train/f1score_label_\u7e70\u308a\u8fd4\u3057\u5fdc\u7b54": 0.0, "train/accuracy_label_\u540c\u610f": 0.910866916179657, "train/presicion_label_\u540c\u610f": 0.1428571492433548, "train/recall_label_\u540c\u610f": 0.014705882407724857, "train/f1score_label_\u540c\u610f": 0.02666666731238365, "train/accuracy_label_\u7d0d\u5f97": 0.9658119678497314, "train/presicion_label_\u7d0d\u5f97": 0.0, "train/recall_label_\u7d0d\u5f97": 0.0, "train/f1score_label_\u7d0d\u5f97": 0.0, "train/accuracy_label_\u9a5a\u304d": 0.9694749712944031, "train/presicion_label_\u9a5a\u304d": 0.0, "train/recall_label_\u9a5a\u304d": 0.0, "train/f1score_label_\u9a5a\u304d": 0.0, "train/accuracy_label_\u8a00\u3044\u63db\u3048": 0.9987789988517761, "train/presicion_label_\u8a00\u3044\u63db\u3048": 0.0, "train/recall_label_\u8a00\u3044\u63db\u3048": 0.0, "train/f1score_label_\u8a00\u3044\u63db\u3048": 0.0, "train/accuracy_label_\u610f\u898b": 0.9816849827766418, "train/presicion_label_\u610f\u898b": 0.0, "train/recall_label_\u610f\u898b": 0.0, "train/f1score_label_\u610f\u898b": 0.0, "train/accuracy_label_\u8003\u3048\u3066\u3044\u308b\u6700\u4e2d": 0.9877899885177612, "train/presicion_label_\u8003\u3048\u3066\u3044\u308b\u6700\u4e2d": 0.0, "train/recall_label_\u8003\u3048\u3066\u3044\u308b\u6700\u4e2d": 0.0, "train/f1score_label_\u8003\u3048\u3066\u3044\u308b\u6700\u4e2d": 0.0, "train/accuracy_label_\u4e0d\u540c\u610f": 0.9951159954071045, "train/presicion_label_\u4e0d\u540c\u610f": 0.0, "train/recall_label_\u4e0d\u540c\u610f": 0.0, "train/f1score_label_\u4e0d\u540c\u610f": 0.0, "train/accuracy_label_\u88dc\u5b8c": 0.9841269850730896, "train/presicion_label_\u88dc\u5b8c": 0.0, "train/recall_label_\u88dc\u5b8c": 0.0, "train/f1score_label_\u88dc\u5b8c": 0.0, "train/accuracy_label_\u3042\u3044\u3055\u3064": 0.9914529919624329, "train/presicion_label_\u3042\u3044\u3055\u3064": 0.0, "train/recall_label_\u3042\u3044\u3055\u3064": 0.0, "train/f1score_label_\u3042\u3044\u3055\u3064": 0.0, "train/accuracy_label_\u60f3\u8d77": 0.9963369965553284, "train/presicion_label_\u60f3\u8d77": 0.0, "train/recall_label_\u60f3\u8d77": 0.0, "train/f1score_label_\u60f3\u8d77": 0.0, "train/accuracy_label_\u9a5a\u304d\u3068\u3044\u3076\u304b\u308a": 0.990231990814209, "train/presicion_label_\u9a5a\u304d\u3068\u3044\u3076\u304b\u308a": 0.0, "train/recall_label_\u9a5a\u304d\u3068\u3044\u3076\u304b\u308a": 0.0, "train/f1score_label_\u9a5a\u304d\u3068\u3044\u3076\u304b\u308a": 0.0, "train/accuracy_label_\u305d\u306e\u4ed6": 0.9487179517745972, "train/presicion_label_\u305d\u306e\u4ed6": 0.1666666716337204, "train/recall_label_\u305d\u306e\u4ed6": 0.02631578966975212, "train/f1score_label_\u305d\u306e\u4ed6": 0.04545454680919647, "train/loss": 0.17329545319080353, "test_loss": 0.17321446537971497, "test/multilabelaccuracy": 0.91650390625, "test/multilabelprecision": 0.04398148134350777, "test/multilabelrecall": 0.01522435899823904, "test/multilabelf1score": 0.02261904813349247, "test/multilabelmatthewscorrcoef": 0.2356875091791153, "_wandb": {"runtime": 111}}