{"val_loss": 0.6384012699127197, "val/multilabelaccuracy": 0.7220708727836609, "val/multilabelprecision": 0.5071903467178345, "val/multilabelrecall": 0.6225666999816895, "val/multilabelf1score": 0.5572236776351929, "val/multilabelmatthewscorrcoef": 0.4443262815475464, "val/accuracy_label_\u3042\u3044\u3065\u3061": 0.9536784887313843, "val/presicion_label_\u3042\u3044\u3065\u3061": 0.9551820755004883, "val/recall_label_\u3042\u3044\u3065\u3061": 0.9970760345458984, "val/f1score_label_\u3042\u3044\u3065\u3061": 0.9756795167922974, "val/accuracy_label_\u611f\u5fc3": 0.8855586051940918, "val/presicion_label_\u611f\u5fc3": 0.8816901445388794, "val/recall_label_\u611f\u5fc3": 1.0, "val/f1score_label_\u611f\u5fc3": 0.9371257424354553, "val/accuracy_label_\u8a55\u4fa1": 0.6866484880447388, "val/presicion_label_\u8a55\u4fa1": 0.5535714030265808, "val/recall_label_\u8a55\u4fa1": 0.6992481350898743, "val/f1score_label_\u8a55\u4fa1": 0.6179401874542236, "val/accuracy_label_\u7e70\u308a\u8fd4\u3057\u5fdc\u7b54": 0.41144412755966187, "val/presicion_label_\u7e70\u308a\u8fd4\u3057\u5fdc\u7b54": 0.0, "val/recall_label_\u7e70\u308a\u8fd4\u3057\u5fdc\u7b54": 0.0, "val/f1score_label_\u7e70\u308a\u8fd4\u3057\u5fdc\u7b54": 0.0, "val/accuracy_label_\u540c\u610f": 0.7002725005149841, "val/presicion_label_\u540c\u610f": 0.5581395626068115, "val/recall_label_\u540c\u610f": 0.7384615540504456, "val/f1score_label_\u540c\u610f": 0.6357616186141968, "val/accuracy_label_\u7d0d\u5f97": 0.7057220935821533, "val/presicion_label_\u7d0d\u5f97": 0.5066666603088379, "val/recall_label_\u7d0d\u5f97": 0.6909090876579285, "val/f1score_label_\u7d0d\u5f97": 0.5846154093742371, "val/accuracy_label_\u9a5a\u304d": 0.7929155230522156, "val/presicion_label_\u9a5a\u304d": 0.0, "val/recall_label_\u9a5a\u304d": 0.0, "val/f1score_label_\u9a5a\u304d": 0.0, "val/accuracy_label_\u305d\u306e\u4ed6": 0.640326976776123, "val/presicion_label_\u305d\u306e\u4ed6": 0.6022727489471436, "val/recall_label_\u305d\u306e\u4ed6": 0.8548387289047241, "val/f1score_label_\u305d\u306e\u4ed6": 0.7066666483879089, "epoch": 8, "trainer/global_step": 368, "_timestamp": 1705545893.2820432, "_runtime": 181.58968019485474, "_step": 23, "train_loss": 0.6407703161239624, "train/multilabelaccuracy": 0.7049795389175415, "train/multilabelprecision": 0.623895525932312, "train/multilabelrecall": 0.6789007186889648, "train/multilabelf1score": 0.5867632031440735, "train/multilabelmatthewscorrcoef": 0.4102010130882263, "train/accuracy_label_\u3042\u3044\u3065\u3061": 0.9556616544723511, "train/presicion_label_\u3042\u3044\u3065\u3061": 0.956944465637207, "train/recall_label_\u3042\u3044\u3065\u3061": 0.9978276491165161, "train/f1score_label_\u3042\u3044\u3065\u3061": 0.9769585132598877, "train/accuracy_label_\u611f\u5fc3": 0.8492496609687805, "train/presicion_label_\u611f\u5fc3": 0.8497554063796997, "train/recall_label_\u611f\u5fc3": 0.9950900077819824, "train/f1score_label_\u611f\u5fc3": 0.9166980981826782, "train/accuracy_label_\u8a55\u4fa1": 0.6841745972633362, "train/presicion_label_\u8a55\u4fa1": 0.5443213582038879, "train/recall_label_\u8a55\u4fa1": 0.7457305788993835, "train/f1score_label_\u8a55\u4fa1": 0.6293034553527832, "train/accuracy_label_\u7e70\u308a\u8fd4\u3057\u5fdc\u7b54": 0.4242837727069855, "train/presicion_label_\u7e70\u308a\u8fd4\u3057\u5fdc\u7b54": 0.800000011920929, "train/recall_label_\u7e70\u308a\u8fd4\u3057\u5fdc\u7b54": 0.009411764331161976, "train/f1score_label_\u7e70\u308a\u8fd4\u3057\u5fdc\u7b54": 0.01860465109348297, "train/accuracy_label_\u540c\u610f": 0.6793997287750244, "train/presicion_label_\u540c\u610f": 0.5020242929458618, "train/recall_label_\u540c\u610f": 0.7864693403244019, "train/f1score_label_\u540c\u610f": 0.6128500699996948, "train/accuracy_label_\u7d0d\u5f97": 0.6787176132202148, "train/presicion_label_\u7d0d\u5f97": 0.47534245252609253, "train/recall_label_\u7d0d\u5f97": 0.7977011203765869, "train/f1score_label_\u7d0d\u5f97": 0.5957081317901611, "train/accuracy_label_\u9a5a\u304d": 0.7094133496284485, "train/presicion_label_\u9a5a\u304d": 0.24434389173984528, "train/recall_label_\u9a5a\u304d": 0.17252396047115326, "train/f1score_label_\u9a5a\u304d": 0.20224718749523163, "train/accuracy_label_\u305d\u306e\u4ed6": 0.6589359045028687, "train/presicion_label_\u305d\u306e\u4ed6": 0.6184324026107788, "train/recall_label_\u305d\u306e\u4ed6": 0.9264516234397888, "train/f1score_label_\u305d\u306e\u4ed6": 0.7417355179786682, "train/loss": 0.6325201988220215, "test_loss": 0.6385416388511658, "test/multilabelaccuracy": 0.7010869979858398, "test/multilabelprecision": 0.48738378286361694, "test/multilabelrecall": 0.649488091468811, "test/multilabelf1score": 0.5519164800643921, "test/multilabelmatthewscorrcoef": 0.40111005306243896, "test/accuracy_label_\u3042\u3044\u3065\u3061": 0.9503105878829956, "test/presicion_label_\u3042\u3044\u3065\u3061": 0.955974817276001, "test/recall_label_\u3042\u3044\u3065\u3061": 0.9934640526771545, "test/f1score_label_\u3042\u3044\u3065\u3061": 0.9743589758872986, "test/accuracy_label_\u611f\u5fc3": 0.8757764101028442, "test/presicion_label_\u611f\u5fc3": 0.8773584961891174, "test/recall_label_\u611f\u5fc3": 0.9964285492897034, "test/f1score_label_\u611f\u5fc3": 0.9331103563308716, "test/accuracy_label_\u8a55\u4fa1": 0.6211180090904236, "test/presicion_label_\u8a55\u4fa1": 0.5, "test/recall_label_\u8a55\u4fa1": 0.7049180269241333, "test/f1score_label_\u8a55\u4fa1": 0.5850340127944946, "test/accuracy_label_\u7e70\u308a\u8fd4\u3057\u5fdc\u7b54": 0.38509318232536316, "test/presicion_label_\u7e70\u308a\u8fd4\u3057\u5fdc\u7b54": 0.0, "test/recall_label_\u7e70\u308a\u8fd4\u3057\u5fdc\u7b54": 0.0, "test/f1score_label_\u7e70\u308a\u8fd4\u3057\u5fdc\u7b54": 0.0, "test/accuracy_label_\u540c\u610f": 0.6397515535354614, "test/presicion_label_\u540c\u610f": 0.4615384638309479, "test/recall_label_\u540c\u610f": 0.8235294222831726, "test/f1score_label_\u540c\u610f": 0.591549277305603, "test/accuracy_label_\u7d0d\u5f97": 0.6801242232322693, "test/presicion_label_\u7d0d\u5f97": 0.5384615659713745, "test/recall_label_\u7d0d\u5f97": 0.7844827771186829, "test/f1score_label_\u7d0d\u5f97": 0.6385964751243591, "test/accuracy_label_\u9a5a\u304d": 0.8478260636329651, "test/presicion_label_\u9a5a\u304d": 0.0, "test/recall_label_\u9a5a\u304d": 0.0, "test/f1score_label_\u9a5a\u304d": 0.0, "test/accuracy_label_\u305d\u306e\u4ed6": 0.6086956262588501, "test/presicion_label_\u305d\u306e\u4ed6": 0.5657370686531067, "test/recall_label_\u305d\u306e\u4ed6": 0.893081784248352, "test/f1score_label_\u305d\u306e\u4ed6": 0.6926829218864441, "_wandb": {"runtime": 181}}