{"val_loss": 0.9022740721702576, "epoch": 1, "trainer/global_step": 15, "_timestamp": 1687413646.2344704, "_runtime": 677.510160446167, "_step": 1, "_wandb": {"runtime": 684}}