{"train/loss": 0.6842793226242065, "epoch": 4, "trainer/global_step": 2184, "_timestamp": 1704852837.1482425, "_runtime": 993.2445194721222, "_step": 51, "val_loss": 0.6882662177085876, "val/multilabelaccuracy": 0.9422647356987, "val/multilabelprecision": 0.07669442892074585, "val/multilabelrecall": 0.08302713185548782, "val/multilabelf1score": 0.07785779237747192, "val/multilabelmatthewscorrcoef": 0.5774481296539307, "val/accuracy_label_\u3042\u3044\u3065\u3061": 0.6584249138832092, "val/presicion_label_\u3042\u3044\u3065\u3061": 0.6700284481048584, "val/recall_label_\u3042\u3044\u3065\u3061": 0.9230495095252991, "val/f1score_label_\u3042\u3044\u3065\u3061": 0.7764459252357483, "val/accuracy_label_\u611f\u5fc3": 0.7271062135696411, "val/presicion_label_\u611f\u5fc3": 0.55708247423172, "val/recall_label_\u611f\u5fc3": 0.4053846299648285, "val/f1score_label_\u611f\u5fc3": 0.4692787230014801, "val/accuracy_label_\u8a55\u4fa1": 0.9555860757827759, "val/presicion_label_\u8a55\u4fa1": 0.0, "val/recall_label_\u8a55\u4fa1": 0.0, "val/f1score_label_\u8a55\u4fa1": 0.0, "val/accuracy_label_\u7e70\u308a\u8fd4\u3057\u5fdc\u7b54": 0.9175823926925659, "val/presicion_label_\u7e70\u308a\u8fd4\u3057\u5fdc\u7b54": 0.0, "val/recall_label_\u7e70\u308a\u8fd4\u3057\u5fdc\u7b54": 0.0, "val/f1score_label_\u7e70\u308a\u8fd4\u3057\u5fdc\u7b54": 0.0, "val/accuracy_label_\u540c\u610f": 0.9558150172233582, "val/presicion_label_\u540c\u610f": 0.0, "val/recall_label_\u540c\u610f": 0.0, "val/f1score_label_\u540c\u610f": 0.0, "val/accuracy_label_\u7d0d\u5f97": 0.9686355590820312, "val/presicion_label_\u7d0d\u5f97": 0.0, "val/recall_label_\u7d0d\u5f97": 0.0, "val/f1score_label_\u7d0d\u5f97": 0.0, "val/accuracy_label_\u9a5a\u304d": 0.9736721515655518, "val/presicion_label_\u9a5a\u304d": 0.0, "val/recall_label_\u9a5a\u304d": 0.0, "val/f1score_label_\u9a5a\u304d": 0.0, "val/accuracy_label_\u8a00\u3044\u63db\u3048": 1.0, "val/presicion_label_\u8a00\u3044\u63db\u3048": 0.0, "val/recall_label_\u8a00\u3044\u63db\u3048": 0.0, "val/f1score_label_\u8a00\u3044\u63db\u3048": 0.0, "val/accuracy_label_\u610f\u898b": 0.9913003444671631, "val/presicion_label_\u610f\u898b": 0.0, "val/recall_label_\u610f\u898b": 0.0, "val/f1score_label_\u610f\u898b": 0.0, "val/accuracy_label_\u8003\u3048\u3066\u3044\u308b\u6700\u4e2d": 0.997710645198822, "val/presicion_label_\u8003\u3048\u3066\u3044\u308b\u6700\u4e2d": 0.0, "val/recall_label_\u8003\u3048\u3066\u3044\u308b\u6700\u4e2d": 0.0, "val/f1score_label_\u8003\u3048\u3066\u3044\u308b\u6700\u4e2d": 0.0, "val/accuracy_label_\u4e0d\u540c\u610f": 0.9926739931106567, "val/presicion_label_\u4e0d\u540c\u610f": 0.0, "val/recall_label_\u4e0d\u540c\u610f": 0.0, "val/f1score_label_\u4e0d\u540c\u610f": 0.0, "val/accuracy_label_\u88dc\u5b8c": 0.9919871687889099, "val/presicion_label_\u88dc\u5b8c": 0.0, "val/recall_label_\u88dc\u5b8c": 0.0, "val/f1score_label_\u88dc\u5b8c": 0.0, "val/accuracy_label_\u3042\u3044\u3055\u3064": 0.997710645198822, "val/presicion_label_\u3042\u3044\u3055\u3064": 0.0, "val/recall_label_\u3042\u3044\u3055\u3064": 0.0, "val/f1score_label_\u3042\u3044\u3055\u3064": 0.0, "val/accuracy_label_\u60f3\u8d77": 0.9988552927970886, "val/presicion_label_\u60f3\u8d77": 0.0, "val/recall_label_\u60f3\u8d77": 0.0, "val/f1score_label_\u60f3\u8d77": 0.0, "val/accuracy_label_\u9a5a\u304d\u3068\u3044\u3076\u304b\u308a": 0.9990842342376709, "val/presicion_label_\u9a5a\u304d\u3068\u3044\u3076\u304b\u308a": 0.0, "val/recall_label_\u9a5a\u304d\u3068\u3044\u3076\u304b\u308a": 0.0, "val/f1score_label_\u9a5a\u304d\u3068\u3044\u3076\u304b\u308a": 0.0, "val/accuracy_label_\u305d\u306e\u4ed6": 0.9500916004180908, "val/presicion_label_\u305d\u306e\u4ed6": 0.0, "val/recall_label_\u305d\u306e\u4ed6": 0.0, "val/f1score_label_\u305d\u306e\u4ed6": 0.0, "train_loss": 0.6880841851234436, "train/multilabelaccuracy": 0.9414920806884766, "train/multilabelprecision": 0.1069721207022667, "train/multilabelrecall": 0.08579704165458679, "train/multilabelf1score": 0.08630016446113586, "train/multilabelmatthewscorrcoef": 0.5637635588645935, "train/accuracy_label_\u3042\u3044\u3065\u3061": 0.6634615659713745, "train/presicion_label_\u3042\u3044\u3065\u3061": 0.6948568820953369, "train/recall_label_\u3042\u3044\u3065\u3061": 0.8562715649604797, "train/f1score_label_\u3042\u3044\u3065\u3061": 0.7671656012535095, "train/accuracy_label_\u611f\u5fc3": 0.7395833134651184, "train/presicion_label_\u611f\u5fc3": 0.5836232304573059, "train/recall_label_\u611f\u5fc3": 0.4214492738246918, "train/f1score_label_\u611f\u5fc3": 0.48945242166519165, "train/accuracy_label_\u8a55\u4fa1": 0.9429372549057007, "train/presicion_label_\u8a55\u4fa1": 0.09686609357595444, "train/recall_label_\u8a55\u4fa1": 0.0476190485060215, "train/f1score_label_\u8a55\u4fa1": 0.06384976208209991, "train/accuracy_label_\u7e70\u308a\u8fd4\u3057\u5fdc\u7b54": 0.9247939586639404, "train/presicion_label_\u7e70\u308a\u8fd4\u3057\u5fdc\u7b54": 0.0, "train/recall_label_\u7e70\u308a\u8fd4\u3057\u5fdc\u7b54": 0.0, "train/f1score_label_\u7e70\u308a\u8fd4\u3057\u5fdc\u7b54": 0.0, "train/accuracy_label_\u540c\u610f": 0.9519230723381042, "train/presicion_label_\u540c\u610f": 0.11764705926179886, "train/recall_label_\u540c\u610f": 0.0024183797650039196, "train/f1score_label_\u540c\u610f": 0.004739336669445038, "train/accuracy_label_\u7d0d\u5f97": 0.9721840620040894, "train/presicion_label_\u7d0d\u5f97": 0.0, "train/recall_label_\u7d0d\u5f97": 0.0, "train/f1score_label_\u7d0d\u5f97": 0.0, "train/accuracy_label_\u9a5a\u304d": 0.9765338897705078, "train/presicion_label_\u9a5a\u304d": 0.11764705926179886, "train/recall_label_\u9a5a\u304d": 0.005037783179432154, "train/f1score_label_\u9a5a\u304d": 0.009661835618317127, "train/accuracy_label_\u8a00\u3044\u63db\u3048": 0.9935897588729858, "train/presicion_label_\u8a00\u3044\u63db\u3048": 0.0, "train/recall_label_\u8a00\u3044\u63db\u3048": 0.0, "train/f1score_label_\u8a00\u3044\u63db\u3048": 0.0, "train/accuracy_label_\u610f\u898b": 0.9871222376823425, "train/presicion_label_\u610f\u898b": 0.0, "train/recall_label_\u610f\u898b": 0.0, "train/f1score_label_\u610f\u898b": 0.0, "train/accuracy_label_\u8003\u3048\u3066\u3044\u308b\u6700\u4e2d": 0.9935325384140015, "train/presicion_label_\u8003\u3048\u3066\u3044\u308b\u6700\u4e2d": 0.0, "train/recall_label_\u8003\u3048\u3066\u3044\u308b\u6700\u4e2d": 0.0, "train/f1score_label_\u8003\u3048\u3066\u3044\u308b\u6700\u4e2d": 0.0, "train/accuracy_label_\u4e0d\u540c\u610f": 0.994333803653717, "train/presicion_label_\u4e0d\u540c\u610f": 0.0, "train/recall_label_\u4e0d\u540c\u610f": 0.0, "train/f1score_label_\u4e0d\u540c\u610f": 0.0, "train/accuracy_label_\u88dc\u5b8c": 0.9888392686843872, "train/presicion_label_\u88dc\u5b8c": 0.0, "train/recall_label_\u88dc\u5b8c": 0.0, "train/f1score_label_\u88dc\u5b8c": 0.0, "train/accuracy_label_\u3042\u3044\u3055\u3064": 0.9925022721290588, "train/presicion_label_\u3042\u3044\u3055\u3064": 0.011627906933426857, "train/recall_label_\u3042\u3044\u3055\u3064": 0.021276595070958138, "train/f1score_label_\u3042\u3044\u3055\u3064": 0.015037594363093376, "train/accuracy_label_\u60f3\u8d77": 0.998225748538971, "train/presicion_label_\u60f3\u8d77": 0.0, "train/recall_label_\u60f3\u8d77": 0.0, "train/f1score_label_\u60f3\u8d77": 0.0, "train/accuracy_label_\u9a5a\u304d\u3068\u3044\u3076\u304b\u308a": 0.9981684684753418, "train/presicion_label_\u9a5a\u304d\u3068\u3044\u3076\u304b\u308a": 0.0, "train/recall_label_\u9a5a\u304d\u3068\u3044\u3076\u304b\u308a": 0.0, "train/f1score_label_\u9a5a\u304d\u3068\u3044\u3076\u304b\u308a": 0.0, "train/accuracy_label_\u305d\u306e\u4ed6": 0.9461423754692078, "train/presicion_label_\u305d\u306e\u4ed6": 0.0892857164144516, "train/recall_label_\u305d\u306e\u4ed6": 0.018679950386285782, "train/f1score_label_\u305d\u306e\u4ed6": 0.030895983800292015, "test_loss": 0.688447117805481, "test/multilabelaccuracy": 0.9439526796340942, "test/multilabelprecision": 0.07823294401168823,