{"val_loss": 0.9557653069496155, "epoch": 0, "trainer/global_step": 7, "_timestamp": 1687414843.114295, "_runtime": 360.8017809391022, "_step": 0, "_wandb": {"runtime": 358}}