{"val_loss": 0.6888307332992554, "val/multilabelaccuracy": 0.9396341443061829, "val/multilabelprecision": 0.09629308432340622, "val/multilabelrecall": 0.08204904943704605, "val/multilabelf1score": 0.0790446400642395, "val/multilabelmatthewscorrcoef": 0.5728470683097839, "epoch": 3, "trainer/global_step": 103, "_timestamp": 1701932863.2856174, "_runtime": 181.05975532531738, "_step": 9, "train_loss": 0.6891620755195618, "train/multilabelaccuracy": 0.9333791136741638, "train/multilabelprecision": 0.07705512642860413, "train/multilabelrecall": 0.13514089584350586, "train/multilabelf1score": 0.07802832126617432, "train/multilabelmatthewscorrcoef": 0.5297926068305969, "train/accuracy_label_0": 0.6385836601257324, "train/presicion_label_0": 0.6404907703399658, "train/recall_label_0": 0.9942857027053833, "train/f1score_label_0": 0.779104471206665, "train/accuracy_label_1": 0.6800976991653442, "train/presicion_label_1": 0.46739131212234497, "train/recall_label_1": 0.16796875, "train/f1score_label_1": 0.24712643027305603, "train/accuracy_label_2": 0.920634925365448, "train/presicion_label_2": 0.0, "train/recall_label_2": 0.0, "train/f1score_label_2": 0.0, "train/accuracy_label_3": 0.9621489644050598, "train/presicion_label_3": 0.0, "train/recall_label_3": 0.0, "train/f1score_label_3": 0.0, "train/accuracy_label_4": 0.9096459150314331, "train/presicion_label_4": 0.0, "train/recall_label_4": 0.0, "train/f1score_label_4": 0.0, "train/accuracy_label_5": 0.9645909667015076, "train/presicion_label_5": 0.0, "train/recall_label_5": 0.0, "train/f1score_label_5": 0.0, "train/accuracy_label_6": 0.9658119678497314, "train/presicion_label_6": 0.0, "train/recall_label_6": 0.0, "train/f1score_label_6": 0.0, "train/accuracy_label_7": 1.0, "train/presicion_label_7": 0.0, "train/recall_label_7": 0.0, "train/f1score_label_7": 0.0, "train/accuracy_label_8": 0.980463981628418, "train/presicion_label_8": 0.0, "train/recall_label_8": 0.0, "train/f1score_label_8": 0.0, "train/accuracy_label_9": 0.9877899885177612, "train/presicion_label_9": 0.0, "train/recall_label_9": 0.0, "train/f1score_label_9": 0.0, "train/accuracy_label_10": 0.9914529919624329, "train/presicion_label_10": 0.125, "train/recall_label_10": 1.0, "train/f1score_label_10": 0.2222222238779068, "train/accuracy_label_11": 0.9865689873695374, "train/presicion_label_11": 0.0, "train/recall_label_11": 0.0, "train/f1score_label_11": 0.0, "train/accuracy_label_12": 1.0, "train/presicion_label_12": 0.0, "train/recall_label_12": 0.0, "train/f1score_label_12": 0.0, "train/accuracy_label_13": 0.9975579977035522, "train/presicion_label_13": 0.0, "train/recall_label_13": 0.0, "train/f1score_label_13": 0.0, "train/accuracy_label_14": 0.9963369965553284, "train/presicion_label_14": 0.0, "train/recall_label_14": 0.0, "train/f1score_label_14": 0.0, "train/accuracy_label_15": 0.9523809552192688, "train/presicion_label_15": 0.0, "train/recall_label_15": 0.0, "train/f1score_label_15": 0.0, "train/loss": 0.688779354095459, "_wandb": {"runtime": 186}}