{"val_loss": 0.6612696647644043, "val/multilabelaccuracy": 0.7038461565971375, "val/multilabelprecision": 0.3616015315055847, "val/multilabelrecall": 0.49609375, "val/multilabelf1score": 0.4127858281135559, "val/multilabelmatthewscorrcoef": 0.40836361050605774, "val/accuracy_label_\u3042\u3044\u3065\u3061": 0.9230769276618958, "val/presicion_label_\u3042\u3044\u3065\u3061": 0.9230769276618958, "val/recall_label_\u3042\u3044\u3065\u3061": 1.0, "val/f1score_label_\u3042\u3044\u3065\u3061": 0.9599999785423279, "val/accuracy_label_\u611f\u5fc3": 0.8615384697914124, "val/presicion_label_\u611f\u5fc3": 0.8615384697914124, "val/recall_label_\u611f\u5fc3": 1.0, "val/f1score_label_\u611f\u5fc3": 0.9256198406219482, "val/accuracy_label_\u8a55\u4fa1": 0.6461538672447205, "val/presicion_label_\u8a55\u4fa1": 0.0, "val/recall_label_\u8a55\u4fa1": 0.0, "val/f1score_label_\u8a55\u4fa1": 0.0, "val/accuracy_label_\u7e70\u308a\u8fd4\u3057\u5fdc\u7b54": 0.6000000238418579, "val/presicion_label_\u7e70\u308a\u8fd4\u3057\u5fdc\u7b54": 0.6000000238418579, "val/recall_label_\u7e70\u308a\u8fd4\u3057\u5fdc\u7b54": 1.0, "val/f1score_label_\u7e70\u308a\u8fd4\u3057\u5fdc\u7b54": 0.75, "val/accuracy_label_\u540c\u610f": 0.6153846383094788, "val/presicion_label_\u540c\u610f": 0.0, "val/recall_label_\u540c\u610f": 0.0, "val/f1score_label_\u540c\u610f": 0.0, "val/accuracy_label_\u7d0d\u5f97": 0.6307692527770996, "val/presicion_label_\u7d0d\u5f97": 0.0, "val/recall_label_\u7d0d\u5f97": 0.0, "val/f1score_label_\u7d0d\u5f97": 0.0, "val/accuracy_label_\u9a5a\u304d": 0.8307692408561707, "val/presicion_label_\u9a5a\u304d": 0.0, "val/recall_label_\u9a5a\u304d": 0.0, "val/f1score_label_\u9a5a\u304d": 0.0, "val/accuracy_label_\u305d\u306e\u4ed6": 0.5230769515037537, "val/presicion_label_\u305d\u306e\u4ed6": 0.5081967115402222, "val/recall_label_\u305d\u306e\u4ed6": 0.96875, "val/f1score_label_\u305d\u306e\u4ed6": 0.6666666865348816, "epoch": 16, "trainer/global_step": 48, "_timestamp": 1704939809.3449733, "_runtime": 237.04668140411377, "_step": 32, "train_loss": 0.6613357067108154, "train/multilabelaccuracy": 0.716926097869873, "train/multilabelprecision": 0.4324568510055542, "train/multilabelrecall": 0.4990745782852173, "train/multilabelf1score": 0.4366185665130615, "train/multilabelmatthewscorrcoef": 0.43423721194267273, "train/accuracy_label_\u3042\u3044\u3065\u3061": 0.957198441028595, "train/presicion_label_\u3042\u3044\u3065\u3061": 0.957198441028595, "train/recall_label_\u3042\u3044\u3065\u3061": 1.0, "train/f1score_label_\u3042\u3044\u3065\u3061": 0.9781312346458435, "train/accuracy_label_\u611f\u5fc3": 0.8715953230857849, "train/presicion_label_\u611f\u5fc3": 0.8715953230857849, "train/recall_label_\u611f\u5fc3": 1.0, "train/f1score_label_\u611f\u5fc3": 0.9313929080963135, "train/accuracy_label_\u8a55\u4fa1": 0.6147859692573547, "train/presicion_label_\u8a55\u4fa1": 0.0, "train/recall_label_\u8a55\u4fa1": 0.0, "train/f1score_label_\u8a55\u4fa1": 0.0, "train/accuracy_label_\u7e70\u308a\u8fd4\u3057\u5fdc\u7b54": 0.6342412233352661, "train/presicion_label_\u7e70\u308a\u8fd4\u3057\u5fdc\u7b54": 0.6284584999084473, "train/recall_label_\u7e70\u308a\u8fd4\u3057\u5fdc\u7b54": 1.0, "train/f1score_label_\u7e70\u308a\u8fd4\u3057\u5fdc\u7b54": 0.7718446850776672, "train/accuracy_label_\u540c\u610f": 0.661478579044342, "train/presicion_label_\u540c\u610f": 0.2222222238779068, "train/recall_label_\u540c\u610f": 0.051948051899671555, "train/f1score_label_\u540c\u610f": 0.08421052992343903, "train/accuracy_label_\u7d0d\u5f97": 0.6108949184417725, "train/presicion_label_\u7d0d\u5f97": 0.2666666805744171, "train/recall_label_\u7d0d\u5f97": 0.04301075264811516, "train/f1score_label_\u7d0d\u5f97": 0.07407407462596893, "train/accuracy_label_\u9a5a\u304d": 0.8560311198234558, "train/presicion_label_\u9a5a\u304d": 0.0, "train/recall_label_\u9a5a\u304d": 0.0, "train/f1score_label_\u9a5a\u304d": 0.0, "train/accuracy_label_\u305d\u306e\u4ed6": 0.5291828513145447, "train/presicion_label_\u305d\u306e\u4ed6": 0.5135135054588318, "train/recall_label_\u305d\u306e\u4ed6": 0.8976377844810486, "train/f1score_label_\u305d\u306e\u4ed6": 0.65329509973526, "test_loss": 0.6594064831733704, "test/multilabelaccuracy": 0.7220497131347656, "test/multilabelprecision": 0.44850707054138184, "test/multilabelrecall": 0.49846476316452026, "test/multilabelf1score": 0.42700397968292236, "test/multilabelmatthewscorrcoef": 0.4450208842754364, "_wandb": {"runtime": 236}}