{"train/loss": 0.13879914581775665, "epoch": 8, "trainer/global_step": 1472, "_timestamp": 1705564737.4316008, "_runtime": 192.09460473060608, "_step": 45, "val_loss": 0.14725378155708313, "val/multilabelaccuracy": 0.7581743597984314, "val/multilabelprecision": 0.4891015589237213, "val/multilabelrecall": 0.47433900833129883, "val/multilabelf1score": 0.4711298644542694, "val/multilabelmatthewscorrcoef": 0.5321235656738281, "val/accuracy_label_\u3042\u3044\u3065\u3061": 0.9536784887313843, "val/presicion_label_\u3042\u3044\u3065\u3061": 0.9551820755004883, "val/recall_label_\u3042\u3044\u3065\u3061": 0.9970760345458984, "val/f1score_label_\u3042\u3044\u3065\u3061": 0.9756795167922974, "val/accuracy_label_\u611f\u5fc3": 0.8855586051940918, "val/presicion_label_\u611f\u5fc3": 0.9274448156356812, "val/recall_label_\u611f\u5fc3": 0.9392971396446228, "val/f1score_label_\u611f\u5fc3": 0.9333333373069763, "val/accuracy_label_\u8a55\u4fa1": 0.6376021504402161, "val/presicion_label_\u8a55\u4fa1": 0.0, "val/recall_label_\u8a55\u4fa1": 0.0, "val/f1score_label_\u8a55\u4fa1": 0.0, "val/accuracy_label_\u7e70\u308a\u8fd4\u3057\u5fdc\u7b54": 0.7193460464477539, "val/presicion_label_\u7e70\u308a\u8fd4\u3057\u5fdc\u7b54": 0.7198443412780762, "val/recall_label_\u7e70\u308a\u8fd4\u3057\u5fdc\u7b54": 0.8564814925193787, "val/f1score_label_\u7e70\u308a\u8fd4\u3057\u5fdc\u7b54": 0.7822409868240356, "val/accuracy_label_\u540c\u610f": 0.6457765698432922, "val/presicion_label_\u540c\u610f": 0.0, "val/recall_label_\u540c\u610f": 0.0, "val/f1score_label_\u540c\u610f": 0.0, "val/accuracy_label_\u7d0d\u5f97": 0.7302452325820923, "val/presicion_label_\u7d0d\u5f97": 0.6222222447395325, "val/recall_label_\u7d0d\u5f97": 0.2545454502105713, "val/f1score_label_\u7d0d\u5f97": 0.3612903356552124, "val/accuracy_label_\u9a5a\u304d": 0.7929155230522156, "val/presicion_label_\u9a5a\u304d": 0.0, "val/recall_label_\u9a5a\u304d": 0.0, "val/f1score_label_\u9a5a\u304d": 0.0, "val/accuracy_label_\u8a00\u3044\u63db\u3048": 0.7002725005149841, "val/presicion_label_\u8a00\u3044\u63db\u3048": 0.6881188154220581, "val/recall_label_\u8a00\u3044\u63db\u3048": 0.7473118305206299, "val/f1score_label_\u8a00\u3044\u63db\u3048": 0.7164948582649231, "train_loss": 0.14686641097068787, "train/multilabelaccuracy": 0.7626193761825562, "train/multilabelprecision": 0.5066243410110474, "train/multilabelrecall": 0.5504222512245178, "train/multilabelf1score": 0.5086846947669983, "train/multilabelmatthewscorrcoef": 0.5285451412200928, "train/accuracy_label_\u3042\u3044\u3065\u3061": 0.9583901762962341, "train/presicion_label_\u3042\u3044\u3065\u3061": 0.9596100449562073, "train/recall_label_\u3042\u3044\u3065\u3061": 0.9978276491165161, "train/f1score_label_\u3042\u3044\u3065\u3061": 0.9783457517623901, "train/accuracy_label_\u611f\u5fc3": 0.8649386167526245, "train/presicion_label_\u611f\u5fc3": 0.891437292098999, "train/recall_label_\u611f\u5fc3": 0.9541735053062439, "train/f1score_label_\u611f\u5fc3": 0.9217391014099121, "train/accuracy_label_\u8a55\u4fa1": 0.6405184268951416, "train/presicion_label_\u8a55\u4fa1": 0.0, "train/recall_label_\u8a55\u4fa1": 0.0, "train/f1score_label_\u8a55\u4fa1": 0.0, "train/accuracy_label_\u7e70\u308a\u8fd4\u3057\u5fdc\u7b54": 0.7360163927078247, "train/presicion_label_\u7e70\u308a\u8fd4\u3057\u5fdc\u7b54": 0.7018308639526367, "train/recall_label_\u7e70\u308a\u8fd4\u3057\u5fdc\u7b54": 0.9470587968826294, "train/f1score_label_\u7e70\u308a\u8fd4\u3057\u5fdc\u7b54": 0.8062093257904053, "train/accuracy_label_\u540c\u610f": 0.6759890913963318, "train/presicion_label_\u540c\u610f": 0.0, "train/recall_label_\u540c\u610f": 0.0, "train/f1score_label_\u540c\u610f": 0.0, "train/accuracy_label_\u7d0d\u5f97": 0.7196453213691711, "train/presicion_label_\u7d0d\u5f97": 0.5228136777877808, "train/recall_label_\u7d0d\u5f97": 0.6321839094161987, "train/f1score_label_\u7d0d\u5f97": 0.5723205208778381, "train/accuracy_label_\u9a5a\u304d": 0.7824010848999023, "train/presicion_label_\u9a5a\u304d": 0.2857142984867096, "train/recall_label_\u9a5a\u304d": 0.01277955248951912, "train/f1score_label_\u9a5a\u304d": 0.024464832618832588, "train/accuracy_label_\u8a00\u3044\u63db\u3048": 0.7230559587478638, "train/presicion_label_\u8a00\u3044\u63db\u3048": 0.6915887594223022, "train/recall_label_\u8a00\u3044\u63db\u3048": 0.8593548536300659, "train/f1score_label_\u8a00\u3044\u63db\u3048": 0.7663981318473816, "test_loss": 0.14700312912464142, "test/multilabelaccuracy": 0.7651397585868835, "test/multilabelprecision": 0.4943273663520813, "test/multilabelrecall": 0.5010594129562378, "test/multilabelf1score": 0.487643301486969, "test/multilabelmatthewscorrcoef": 0.5403394103050232, "test/accuracy_label_\u3042\u3044\u3065\u3061": 0.9503105878829956, "test/presicion_label_\u3042\u3044\u3065\u3061": 0.955974817276001, "test/recall_label_\u3042\u3044\u3065\u3061": 0.9934640526771545, "test/f1score_label_\u3042\u3044\u3065\u3061": 0.9743589758872986, "test/accuracy_label_\u611f\u5fc3": 0.8540372848510742, "test/presicion_label_\u611f\u5fc3": 0.9031141996383667, "test/recall_label_\u611f\u5fc3": 0.9321428537368774, "test/f1score_label_\u611f\u5fc3": 0.9173989295959473, "test/accuracy_label_\u8a55\u4fa1": 0.6211180090904236, "test/presicion_label_\u8a55\u4fa1": 0.0, "test/recall_label_\u8a55\u4fa1": 0.0, "test/f1score_label_\u8a55\u4fa1": 0.0, "test/accuracy_label_\u7e70\u308a\u8fd4\u3057\u5fdc\u7b54": 0.7484471797943115, "test/presicion_label_\u7e70\u308a\u8fd4\u3057\u5fdc\u7b54": 0.7387754917144775, "test/recall_label_\u7e70\u308a\u8fd4\u3057\u5fdc\u7b54": 0.9141414165496826, "test/f1score_label_\u7e70\u308a\u8fd4\u3057\u5fdc\u7b54": 0.8171557784080505, "test/accuracy_label_\u540c\u610f": 0.6832298040390015, "test/presicion_label_\u540c\u610f": 0.0, "test/recall_label_\u540c\u610f": 0.0, "test/f1score_label_\u540c\u610f": 0.0, "test/accuracy_label_\u7d0d\u5f97": 0.7111801505088806, "test/presicion_label_\u7d0d\u5f97": 0.7017543911933899, "test/recall_label_\u7d0d\u5f97": 0.3448275923728943, "test/f1score_label_\u7d0d\u5f97": 0.4624277353286743, "test/accuracy_label_\u9a5a\u304d": 0.8540372848510742, "test/presicion_label_\u9a5a\u304d": 0.0, "test/recall_label_\u9a5a\u304d": 0.0, "test/f1score_label_\u9a5a\u304d": 0.0, "test/accuracy_label_\u8a00\u3044\u63db\u3048": 0.6987577676773071, "test/presicion_label_\u8a00\u3044\u63db\u3048": 0.6549999713897705, "test/recall_label_\u8a00\u3044\u63db\u3048": 0.8238993883132935, "test/f1score_label_\u8a00\u3044\u63db\u3048": 0.7298049926757812, "_wandb": {"runtime": 191}}