{"val_loss": 0.4691927433013916, "val/binaryaccuracy": 0.8518518805503845, "val/binaryprecision": 0.8518518805503845, "val/binaryrecall": 1.0, "val/binaryf1score": 0.9200000166893005, "val/binarymatthewscorrcoef": 0.3812218904495239, "epoch": 3, "trainer/global_step": 19, "_timestamp": 1693584051.372664, "_runtime": 1358.1392209529877, "_step": 7, "train_loss": 0.40969735383987427, "train/binaryaccuracy": 0.9473684430122375, "train/binaryprecision": 0.9473684430122375, "train/binaryrecall": 1.0, "train/binaryf1score": 0.9729729890823364, "train/binarymatthewscorrcoef": 0.4596273601055145, "_wandb": {"runtime": 1358}}