{"val_loss": 0.6932265758514404, "val/multilabelaccuracy": 0.9140244126319885, "val/multilabelprecision": 0.3181818127632141, "val/multilabelrecall": 0.05263157933950424, "val/multilabelf1score": 0.0903225839138031, "val/multilabelmatthewscorrcoef": 0.10127125680446625, "epoch": 0, "trainer/global_step": 25, "_timestamp": 1701838992.6472452, "_runtime": 39.813088178634644, "_step": 0, "_wandb": {"runtime": 40}}