{"val_loss": 0.6888134479522705, "val/multilabelaccuracy": 0.9393292665481567, "val/multilabelprecision": 0.6378600597381592, "val/multilabelrecall": 0.5827067494392395, "val/multilabelf1score": 0.6090373396873474, "val/multilabelmatthewscorrcoef": 0.5769153833389282, "epoch": 4, "trainer/global_step": 104, "_timestamp": 1701840429.1799605, "_runtime": 179.46414041519165, "_step": 10, "train_loss": 0.689201831817627, "train/multilabelaccuracy": 0.9313949942588806, "train/multilabelprecision": 0.5791505575180054, "train/multilabelrecall": 0.5644402503967285, "train/multilabelf1score": 0.5717008113861084, "train/multilabelmatthewscorrcoef": 0.5344710946083069, "train/accuracy_label_0": 0.642246663570404, "train/presicion_label_0": 0.6418092846870422, "train/recall_label_0": 1.0, "train/f1score_label_0": 0.7818317413330078, "train/accuracy_label_1": 0.702075719833374, "train/presicion_label_1": 0.54347825050354, "train/recall_label_1": 0.29296875, "train/f1score_label_1": 0.3807106614112854, "train/accuracy_label_2": 0.9169719219207764, "train/presicion_label_2": 0.0, "train/recall_label_2": 0.0, "train/f1score_label_2": 0.0, "train/accuracy_label_3": 0.9560439586639404, "train/presicion_label_3": 0.0, "train/recall_label_3": 0.0, "train/f1score_label_3": 0.0, "train/accuracy_label_4": 0.9072039127349854, "train/presicion_label_4": 0.0, "train/recall_label_4": 0.0, "train/f1score_label_4": 0.0, "train/accuracy_label_5": 0.9572649598121643, "train/presicion_label_5": 0.0, "train/recall_label_5": 0.0, "train/f1score_label_5": 0.0, "train/accuracy_label_6": 0.9633699655532837, "train/presicion_label_6": 0.0, "train/recall_label_6": 0.0, "train/f1score_label_6": 0.0, "train/accuracy_label_7": 0.9975579977035522, "train/presicion_label_7": 0.0, "train/recall_label_7": 0.0, "train/f1score_label_7": 0.0, "train/accuracy_label_8": 0.9670329689979553, "train/presicion_label_8": 0.0, "train/recall_label_8": 0.0, "train/f1score_label_8": 0.0, "train/accuracy_label_9": 0.990231990814209, "train/presicion_label_9": 0.0, "train/recall_label_9": 0.0, "train/f1score_label_9": 0.0, "train/accuracy_label_10": 0.9926739931106567, "train/presicion_label_10": 0.0, "train/recall_label_10": 0.0, "train/f1score_label_10": 0.0, "train/accuracy_label_11": 0.9841269850730896, "train/presicion_label_11": 0.0, "train/recall_label_11": 0.0, "train/f1score_label_11": 0.0, "train/accuracy_label_12": 0.9914529919624329, "train/presicion_label_12": 0.0, "train/recall_label_12": 0.0, "train/f1score_label_12": 0.0, "train/accuracy_label_13": 0.9926739931106567, "train/presicion_label_13": 0.0, "train/recall_label_13": 0.0, "train/f1score_label_13": 0.0, "train/accuracy_label_14": 0.9951159954071045, "train/presicion_label_14": 0.0, "train/recall_label_14": 0.0, "train/f1score_label_14": 0.0, "train/accuracy_label_15": 0.9462759494781494, "train/presicion_label_15": 0.0, "train/recall_label_15": 0.0, "train/f1score_label_15": 0.0, "train/loss": 0.6867552995681763, "test_loss": 0.6904066801071167, "test/multilabelaccuracy": 0.91943359375, "test/multilabelprecision": 0.54666668176651, "test/multilabelrecall": 0.4581005573272705, "test/multilabelf1score": 0.4984802305698395, "test/multilabelmatthewscorrcoef": 0.45715031027793884, "_wandb": {"runtime": 179}}