{"val_loss": 0.6703171133995056, "val/multilabelaccuracy": 0.6749999523162842, "val/multilabelprecision": 0.42330747842788696, "val/multilabelrecall": 0.5331027507781982, "val/multilabelf1score": 0.45609810948371887, "val/multilabelmatthewscorrcoef": 0.3485006093978882, "val/accuracy_label_\u3042\u3044\u3065\u3061": 0.9230769276618958, "val/presicion_label_\u3042\u3044\u3065\u3061": 0.9230769276618958, "val/recall_label_\u3042\u3044\u3065\u3061": 1.0, "val/f1score_label_\u3042\u3044\u3065\u3061": 0.9599999785423279, "val/accuracy_label_\u611f\u5fc3": 0.8615384697914124, "val/presicion_label_\u611f\u5fc3": 0.8615384697914124, "val/recall_label_\u611f\u5fc3": 1.0, "val/f1score_label_\u611f\u5fc3": 0.9256198406219482, "val/accuracy_label_\u8a55\u4fa1": 0.6461538672447205, "val/presicion_label_\u8a55\u4fa1": 0.0, "val/recall_label_\u8a55\u4fa1": 0.0, "val/f1score_label_\u8a55\u4fa1": 0.0, "val/accuracy_label_\u7e70\u308a\u8fd4\u3057\u5fdc\u7b54": 0.6615384817123413, "val/presicion_label_\u7e70\u308a\u8fd4\u3057\u5fdc\u7b54": 0.6393442749977112, "val/recall_label_\u7e70\u308a\u8fd4\u3057\u5fdc\u7b54": 1.0, "val/f1score_label_\u7e70\u308a\u8fd4\u3057\u5fdc\u7b54": 0.7799999713897705, "val/accuracy_label_\u540c\u610f": 0.5692307949066162, "val/presicion_label_\u540c\u610f": 0.0, "val/recall_label_\u540c\u610f": 0.0, "val/f1score_label_\u540c\u610f": 0.0, "val/accuracy_label_\u7d0d\u5f97": 0.6153846383094788, "val/presicion_label_\u7d0d\u5f97": 0.4000000059604645, "val/recall_label_\u7d0d\u5f97": 0.17391304671764374, "val/f1score_label_\u7d0d\u5f97": 0.24242424964904785, "val/accuracy_label_\u9a5a\u304d": 0.6153846383094788, "val/presicion_label_\u9a5a\u304d": 0.0625, "val/recall_label_\u9a5a\u304d": 0.09090909361839294, "val/f1score_label_\u9a5a\u304d": 0.07407407462596893, "val/accuracy_label_\u305d\u306e\u4ed6": 0.5076923370361328, "val/presicion_label_\u305d\u306e\u4ed6": 0.5, "val/recall_label_\u305d\u306e\u4ed6": 1.0, "val/f1score_label_\u305d\u306e\u4ed6": 0.6666666865348816, "epoch": 8, "trainer/global_step": 24, "_timestamp": 1704943129.1302152, "_runtime": 124.20038414001465, "_step": 16, "train_loss": 0.6711428761482239, "train/multilabelaccuracy": 0.6794747114181519, "train/multilabelprecision": 0.459799587726593, "train/multilabelrecall": 0.5518311858177185, "train/multilabelf1score": 0.47716233134269714, "train/multilabelmatthewscorrcoef": 0.35792076587677, "train/accuracy_label_\u3042\u3044\u3065\u3061": 0.957198441028595, "train/presicion_label_\u3042\u3044\u3065\u3061": 0.957198441028595, "train/recall_label_\u3042\u3044\u3065\u3061": 1.0, "train/f1score_label_\u3042\u3044\u3065\u3061": 0.9781312346458435, "train/accuracy_label_\u611f\u5fc3": 0.8715953230857849, "train/presicion_label_\u611f\u5fc3": 0.8715953230857849, "train/recall_label_\u611f\u5fc3": 1.0, "train/f1score_label_\u611f\u5fc3": 0.9313929080963135, "train/accuracy_label_\u8a55\u4fa1": 0.6108949184417725, "train/presicion_label_\u8a55\u4fa1": 0.0, "train/recall_label_\u8a55\u4fa1": 0.0, "train/f1score_label_\u8a55\u4fa1": 0.0, "train/accuracy_label_\u7e70\u308a\u8fd4\u3057\u5fdc\u7b54": 0.6809338331222534, "train/presicion_label_\u7e70\u308a\u8fd4\u3057\u5fdc\u7b54": 0.6726457476615906, "train/recall_label_\u7e70\u308a\u8fd4\u3057\u5fdc\u7b54": 0.9433962106704712, "train/f1score_label_\u7e70\u308a\u8fd4\u3057\u5fdc\u7b54": 0.7853403091430664, "train/accuracy_label_\u540c\u610f": 0.688715934753418, "train/presicion_label_\u540c\u610f": 0.20000000298023224, "train/recall_label_\u540c\u610f": 0.012987012974917889, "train/f1score_label_\u540c\u610f": 0.024390242993831635, "train/accuracy_label_\u7d0d\u5f97": 0.5914396643638611, "train/presicion_label_\u7d0d\u5f97": 0.40625, "train/recall_label_\u7d0d\u5f97": 0.2795698940753937, "train/f1score_label_\u7d0d\u5f97": 0.331210196018219, "train/accuracy_label_\u9a5a\u304d": 0.5291828513145447, "train/presicion_label_\u9a5a\u304d": 0.07070706784725189, "train/recall_label_\u9a5a\u304d": 0.1944444477558136, "train/f1score_label_\u9a5a\u304d": 0.10370370000600815, "train/accuracy_label_\u305d\u306e\u4ed6": 0.505836546421051, "train/presicion_label_\u305d\u306e\u4ed6": 0.5, "train/recall_label_\u305d\u306e\u4ed6": 0.9842519760131836, "train/f1score_label_\u305d\u306e\u4ed6": 0.663129985332489, "test_loss": 0.6689735651016235, "test/multilabelaccuracy": 0.6840062141418457, "test/multilabelprecision": 0.44027331471443176, "test/multilabelrecall": 0.5388108491897583, "test/multilabelf1score": 0.4660988748073578, "test/multilabelmatthewscorrcoef": 0.3667958676815033, "_wandb": {"runtime": 124}}