{"val_loss": 0.6626977920532227, "val/multilabelaccuracy": 0.6961538791656494, "val/multilabelprecision": 0.44224122166633606, "val/multilabelrecall": 0.45737093687057495, "val/multilabelf1score": 0.4092317521572113, "val/multilabelmatthewscorrcoef": 0.398895263671875, "val/accuracy_label_\u3042\u3044\u3065\u3061": 0.9230769276618958, "val/presicion_label_\u3042\u3044\u3065\u3061": 0.9230769276618958, "val/recall_label_\u3042\u3044\u3065\u3061": 1.0, "val/f1score_label_\u3042\u3044\u3065\u3061": 0.9599999785423279, "val/accuracy_label_\u611f\u5fc3": 0.8615384697914124, "val/presicion_label_\u611f\u5fc3": 0.8615384697914124, "val/recall_label_\u611f\u5fc3": 1.0, "val/f1score_label_\u611f\u5fc3": 0.9256198406219482, "val/accuracy_label_\u8a55\u4fa1": 0.5384615659713745, "val/presicion_label_\u8a55\u4fa1": 0.39393940567970276, "val/recall_label_\u8a55\u4fa1": 0.5652173757553101, "val/f1score_label_\u8a55\u4fa1": 0.4642857015132904, "val/accuracy_label_\u7e70\u308a\u8fd4\u3057\u5fdc\u7b54": 0.6153846383094788, "val/presicion_label_\u7e70\u308a\u8fd4\u3057\u5fdc\u7b54": 0.609375, "val/recall_label_\u7e70\u308a\u8fd4\u3057\u5fdc\u7b54": 1.0, "val/f1score_label_\u7e70\u308a\u8fd4\u3057\u5fdc\u7b54": 0.7572815418243408, "val/accuracy_label_\u540c\u610f": 0.6153846383094788, "val/presicion_label_\u540c\u610f": 0.0, "val/recall_label_\u540c\u610f": 0.0, "val/f1score_label_\u540c\u610f": 0.0, "val/accuracy_label_\u7d0d\u5f97": 0.6461538672447205, "val/presicion_label_\u7d0d\u5f97": 0.0, "val/recall_label_\u7d0d\u5f97": 0.0, "val/f1score_label_\u7d0d\u5f97": 0.0, "val/accuracy_label_\u9a5a\u304d": 0.8307692408561707, "val/presicion_label_\u9a5a\u304d": 0.0, "val/recall_label_\u9a5a\u304d": 0.0, "val/f1score_label_\u9a5a\u304d": 0.0, "val/accuracy_label_\u305d\u306e\u4ed6": 0.5384615659713745, "val/presicion_label_\u305d\u306e\u4ed6": 0.75, "val/recall_label_\u305d\u306e\u4ed6": 0.09375, "val/f1score_label_\u305d\u306e\u4ed6": 0.1666666716337204, "epoch": 4, "trainer/global_step": 36, "_timestamp": 1704859250.6355224, "_runtime": 42.094158411026, "_step": 8, "train_loss": 0.6668524146080017, "train/multilabelaccuracy": 0.7159532904624939, "train/multilabelprecision": 0.4235055446624756, "train/multilabelrecall": 0.4621897041797638, "train/multilabelf1score": 0.41468897461891174, "train/multilabelmatthewscorrcoef": 0.43785056471824646, "train/accuracy_label_\u3042\u3044\u3065\u3061": 0.9533073902130127, "train/presicion_label_\u3042\u3044\u3065\u3061": 0.95703125, "train/recall_label_\u3042\u3044\u3065\u3061": 0.9959349632263184, "train/f1score_label_\u3042\u3044\u3065\u3061": 0.9760956168174744, "train/accuracy_label_\u611f\u5fc3": 0.8715953230857849, "train/presicion_label_\u611f\u5fc3": 0.8715953230857849, "train/recall_label_\u611f\u5fc3": 1.0, "train/f1score_label_\u611f\u5fc3": 0.9313929080963135, "train/accuracy_label_\u8a55\u4fa1": 0.5875486135482788, "train/presicion_label_\u8a55\u4fa1": 0.4740740656852722, "train/recall_label_\u8a55\u4fa1": 0.6464646458625793, "train/f1score_label_\u8a55\u4fa1": 0.5470085740089417, "train/accuracy_label_\u7e70\u308a\u8fd4\u3057\u5fdc\u7b54": 0.618677020072937, "train/presicion_label_\u7e70\u308a\u8fd4\u3057\u5fdc\u7b54": 0.618677020072937, "train/recall_label_\u7e70\u308a\u8fd4\u3057\u5fdc\u7b54": 1.0, "train/f1score_label_\u7e70\u308a\u8fd4\u3057\u5fdc\u7b54": 0.7644230723381042, "train/accuracy_label_\u540c\u610f": 0.7003890872001648, "train/presicion_label_\u540c\u610f": 0.0, "train/recall_label_\u540c\u610f": 0.0, "train/f1score_label_\u540c\u610f": 0.0, "train/accuracy_label_\u7d0d\u5f97": 0.6342412233352661, "train/presicion_label_\u7d0d\u5f97": 0.0, "train/recall_label_\u7d0d\u5f97": 0.0, "train/f1score_label_\u7d0d\u5f97": 0.0, "train/accuracy_label_\u9a5a\u304d": 0.8599221706390381, "train/presicion_label_\u9a5a\u304d": 0.0, "train/recall_label_\u9a5a\u304d": 0.0, "train/f1score_label_\u9a5a\u304d": 0.0, "train/accuracy_label_\u305d\u306e\u4ed6": 0.5019454956054688, "train/presicion_label_\u305d\u306e\u4ed6": 0.46666666865348816, "train/recall_label_\u305d\u306e\u4ed6": 0.05511811003088951, "train/f1score_label_\u305d\u306e\u4ed6": 0.09859155118465424, "test_loss": 0.6611711382865906, "test/multilabelaccuracy": 0.7189440727233887, "test/multilabelprecision": 0.43373727798461914, "test/multilabelrecall": 0.47261959314346313, "test/multilabelf1score": 0.4267403483390808, "test/multilabelmatthewscorrcoef": 0.44355931878089905, "_wandb": {"runtime": 42}}