{"test/f1score_label_評価":0.9237094521522522,"train/f1score_label_評価":0.9891518950462341,"test/accuracy_label_意見":0.9392995834350586,"train/accuracy_label_感心":0.9989462494850159,"train/presicion_label_繰り返し応答":0.9934369921684265,"val/recall_label_その他":0.9939698576927185,"test/recall_label_想起":1,"test/f1score_label_あいさつ":0.9306930899620056,"val/recall_label_あいさつ":1,"train/recall_label_言い換え":0,"val/f1score_label_評価":0.9102277755737305,"train/presicion_label_驚き":0.9869928359985352,"val/accuracy_label_言い換え":1,"train/accuracy_label_不同意":0.9978047013282776,"train/accuracy_label_評価":0.9898577332496643,"val/accuracy_label_想起":0.9976653456687927,"val/accuracy_label_同意":0.9416342377662659,"val/presicion_label_想起":0.84375,"val/presicion_label_感心":0.9628282785415649,"val/f1score_label_その他":0.7991918921470642,"val/recall_label_感心":0.9958211183547974,"test/presicion_label_想起":0.9200000166893005,"train/presicion_label_その他":0.9936292767524719,"test/accuracy_label_想起":0.9992218017578125,"val/presicion_label_考えている最中":0.7597172856330872,"train/accuracy_label_あいさつ":0.9980242252349854,"train/accuracy_label_言い換え":1,"train/f1score_label_同意":0.9889829754829407,"test/f1score_label_あいづち":0.9833860993385315,"train/loss":0.014682525768876076,"train/accuracy_label_驚きといぶかり":0.9997585415840149,"val/accuracy_label_補完":0.9536964893341064,"train/recall_label_驚きといぶかり":0.9895833134651184,"val/presicion_label_納得":0.8964757919311523,"val/recall_label_補完":0.9852320551872253,"test/recall_label_言い換え":0,"test/presicion_label_補完":0.7985865473747253,"val/multilabelprecision":0.8086715936660767,"train/f1score_label_あいさつ":0.9834132194519043,"test/accuracy_label_同意":0.9354085326194763,"test/accuracy_label_あいさつ":0.9945525527000427,"val/accuracy_label_その他":0.8066147565841675,"val/recall_label_驚きといぶかり":1,"train/accuracy_label_考えている最中":0.9949727654457092,"val/accuracy_label_意見":0.9420233368873596,"val/recall_label_言い換え":0,"test/recall_label_考えている最中":1,"val/presicion_label_評価":0.8687127232551575,"val/f1score_label_納得":0.9024389982223511,"_step":67,"val/accuracy_label_繰り返し応答":0.9112840294837952,"val/accuracy_label_驚きといぶかり":1,"train/f1score_label_感心":0.9994680285453796,"val/multilabelrecall":0.9154961109161377,"val/f1score_label_意見":0.8323959708213806,"test/f1score_label_想起":0.9583333134651184,"train/recall_label_驚き":0.9851259589195251,"test/multilabelrecall":0.9140210151672363,"test/presicion_label_評価":0.8829694390296936,"test/presicion_label_驚きといぶかり":0.8500000238418579,"train/accuracy_label_あいづち":1,"train/presicion_label_驚きといぶかり":0.991304337978363,"test/recall_label_あいづち":1,"test/accuracy_label_驚きといぶかり":0.998443603515625,"train/presicion_label_納得":0.98484206199646,"test/recall_label_意見":0.9927361011505127,"val/presicion_label_あいさつ":0.8999999761581421,"train/accuracy_label_繰り返し応答":0.9905602335929871,"train/recall_label_補完":0.9868259429931641,"val/presicion_label_その他":0.6682432293891907,"val/accuracy_label_驚き":0.9478599429130554,"train/f1score_label_考えている最中":0.9822961091995239,"train/recall_label_評価":0.9897096157073975,"val/presicion_label_驚き":0.8453124761581421,"val/presicion_label_同意":0.8908523917198181,"test/recall_label_評価":0.9683908224105835,"test/accuracy_label_補完":0.9533073902130127,"val/recall_label_繰り返し応答":0.9673088192939758,"test/f1score_label_考えている最中":0.8778625726699829,"train/recall_label_想起":0.9828042387962341,"train/f1score_label_意見":0.9862626194953918,"val/presicion_label_あいづち":0.9708171486854553,"train/presicion_label_考えている最中":0.9819165468215942,"val/accuracy_label_納得":0.931517481803894,"val/f1score_label_あいさつ":0.9473684430122375,"test/f1score_label_その他":0.7846967577934265,"test/presicion_label_納得":0.8988505601882935,"train/presicion_label_言い換え":0,"test/accuracy_label_あいづち":0.9673151969909668,"test/accuracy_label_評価":0.9350194334983826,"test/presicion_label_その他":0.6482851505279541,"test/recall_label_納得":0.9146198630332947,"train/accuracy_label_補完":0.9921408295631409,"train/presicion_label_意見":0.9872656464576721,"train/presicion_label_感心":0.9994015693664551,"train/recall_label_考えている最中":0.9826759696006775,"val/multilabelaccuracy":0.9530398845672607,"test/recall_label_補完":0.9868995547294617,"test/recall_label_同意":0.9449945092201233,"train/presicion_label_不同意":0.986735999584198,"val/presicion_label_驚きといぶかり":1,"val/f1score_label_同意":0.9195278882980347,"val/f1score_label_想起":0.8999999761581421,"test/presicion_label_同意":0.8810256123542786,"val/f1score_label_驚きといぶかり":1,"train/f1score_label_驚き":0.9860585331916809,"val/accuracy_label_不同意":0.9937742948532104,"test/recall_label_感心":0.997475802898407,"val/accuracy_label_あいづち":0.9708171486854553,"train/recall_label_あいづち":1,"val/recall_label_評価":0.9559099674224854,"_wandb":{"runtime":2560},"trainer/global_step":2988,"_runtime":2559.716142202,"train/accuracy_label_同意":0.990318775177002,"train/presicion_label_補完":0.9872546792030334,"val/recall_label_あいづち":1,"train/accuracy_label_想起":0.9994731545448303,"test/f1score_label_繰り返し応答":0.934788703918457,"val/f1score_label_不同意":0.9463087320327759,"test/recall_label_あいさつ":0.9894737005233765,"test/accuracy_label_繰り返し応答":0.9093385338783264,"val/f1score_label_感心":0.9790468215942383,"train/recall_label_感心":0.9995344877243042,"train/f1score_label_言い換え":0,"test/f1score_label_言い換え":0,"test/multilabelf1score":0.8518049120903015,"val/accuracy_label_あいさつ":0.9961089491844177,"train/multilabelmatthewscorrcoef":0.9889119267463684,"val/accuracy_label_評価":0.9217898845672607,"train/multilabelaccuracy":0.9948740005493164,"train/recall_label_あいさつ":0.985957145690918,"train/f1score_label_納得":0.9857301712036133,"train/f1score_label_繰り返し応答":0.9934970736503601,"train/accuracy_label_意見":0.9931726455688477,"val/recall_label_考えている最中":1,"test/f1score_label_不同意":0.926174521446228,"val/f1score_label_あいづち":0.9851924777030945,"train/presicion_label_同意":0.9886125326156616,"test/recall_label_不同意":0.9857142567634583,"test/presicion_label_感心":0.9614760875701904,"train/recall_label_繰り返し応答":0.9935571551322937,"val/f1score_label_驚き":0.8898026347160339,"epoch":4,"test/accuracy_label_驚き":0.9478599429130554,"train/accuracy_label_納得":0.9881893396377563,"train/multilabelrecall":0.9273765087127686,"test/presicion_label_あいさつ":0.8785046935081482,"test/presicion_label_言い換え":0,"train/f1score_label_不同意":0.9869927167892456,"test/multilabelprecision":0.8017987012863159,"test/presicion_label_不同意":0.8734177350997925,"test/f1score_label_驚きといぶかり":0.8947368264198303,"test/f1score_label_納得":0.9066666960716248,"val/presicion_label_意見":0.7156673073768616,"test/accuracy_label_その他":0.7941634058952332,"train/multilabelprecision":0.9272675514221191,"test/presicion_label_考えている最中":0.7823129296302795,"test/f1score_label_補完":0.8828125,"test/f1score_label_感心":0.9791451692581177,"train/f1score_label_補完":0.9870402812957764,"val/f1score_label_言い換え":0,"val/accuracy_label_考えている最中":0.9735408425331116,"test/presicion_label_繰り返し応答":0.9071156978607178,"val/recall_label_同意":0.9501108527183533,"val/recall_label_意見":0.9946236610412598,"test_loss":0.2597854733467102,"train/presicion_label_想起":0.9854111671447754,"train/recall_label_その他":0.9937646985054016,"test/accuracy_label_感心":0.9607003927230835,"val/recall_label_不同意":0.9929577708244324,"val/recall_label_納得":0.9084821343421936,"test/presicion_label_あいづち":0.9673151969909668,"train/f1score_label_想起":0.9841059446334839,"_timestamp":1.7273791679662273e+09,"test/recall_label_驚き":0.9415692687034607,"test/accuracy_label_考えている最中":0.9750972986221313,"test/f1score_label_同意":0.9118896126747131,"val/multilabelmatthewscorrcoef":0.894342303276062,"test/multilabelaccuracy":0.9524075984954834,"test/recall_label_繰り返し応答":0.9642032384872437,"val/f1score_label_考えている最中":0.8634538054466248,"train/recall_label_納得":0.9866199493408203,"train/accuracy_label_その他":0.9918774366378784,"test/f1score_label_驚き":0.8938193321228027,"test/f1score_label_意見":0.8401639461517334,"train/presicion_label_あいさつ":0.9808823466300964,"test/accuracy_label_言い換え":1,"val/multilabelf1score":0.8560984134674072,"val/accuracy_label_感心":0.9603112936019897,"train_loss":0.015410923399031162,