{"val_loss": 0.6889992356300354, "val/multilabelaccuracy": 0.939939022064209, "val/multilabelprecision": 0.1375919133424759, "val/multilabelrecall": 0.09161932021379471, "val/multilabelf1score": 0.08819901198148727, "val/multilabelmatthewscorrcoef": 0.5880531668663025, "epoch": 3, "trainer/global_step": 103, "_timestamp": 1701933538.0647552, "_runtime": 182.0181941986084, "_step": 9, "train_loss": 0.6895970106124878, "train/multilabelaccuracy": 0.9319291710853577, "train/multilabelprecision": 0.1016712486743927, "train/multilabelrecall": 0.09119370579719543, "train/multilabelf1score": 0.08288506418466568, "train/multilabelmatthewscorrcoef": 0.5488658547401428, "train/accuracy_label_0": 0.6410256624221802, "train/presicion_label_0": 0.6410256624221802, "train/recall_label_0": 1.0, "train/f1score_label_0": 0.78125, "train/accuracy_label_1": 0.6800976991653442, "train/presicion_label_1": 0.48571428656578064, "train/recall_label_1": 0.3984375, "train/f1score_label_1": 0.43776825070381165, "train/accuracy_label_2": 0.9194139242172241, "train/presicion_label_2": 0.3333333432674408, "train/recall_label_2": 0.03125, "train/f1score_label_2": 0.05714285746216774, "train/accuracy_label_3": 0.9645909667015076, "train/presicion_label_3": 0.0, "train/recall_label_3": 0.0, "train/f1score_label_3": 0.0, "train/accuracy_label_4": 0.9072039127349854, "train/presicion_label_4": 0.1666666716337204, "train/recall_label_4": 0.029411764815449715, "train/f1score_label_4": 0.05000000074505806, "train/accuracy_label_5": 0.9511599540710449, "train/presicion_label_5": 0.0, "train/recall_label_5": 0.0, "train/f1score_label_5": 0.0, "train/accuracy_label_6": 0.9633699655532837, "train/presicion_label_6": 0.0, "train/recall_label_6": 0.0, "train/f1score_label_6": 0.0, "train/accuracy_label_7": 0.9975579977035522, "train/presicion_label_7": 0.0, "train/recall_label_7": 0.0, "train/f1score_label_7": 0.0, "train/accuracy_label_8": 0.980463981628418, "train/presicion_label_8": 0.0, "train/recall_label_8": 0.0, "train/f1score_label_8": 0.0, "train/accuracy_label_9": 0.9841269850730896, "train/presicion_label_9": 0.0, "train/recall_label_9": 0.0, "train/f1score_label_9": 0.0, "train/accuracy_label_10": 0.9987789988517761, "train/presicion_label_10": 0.0, "train/recall_label_10": 0.0, "train/f1score_label_10": 0.0, "train/accuracy_label_11": 0.9890109896659851, "train/presicion_label_11": 0.0, "train/recall_label_11": 0.0, "train/f1score_label_11": 0.0, "train/accuracy_label_12": 0.9951159954071045, "train/presicion_label_12": 0.0, "train/recall_label_12": 0.0, "train/f1score_label_12": 0.0, "train/accuracy_label_13": 1.0, "train/presicion_label_13": 0.0, "train/recall_label_13": 0.0, "train/f1score_label_13": 0.0, "train/accuracy_label_14": 0.9926739931106567, "train/presicion_label_14": 0.0, "train/recall_label_14": 0.0, "train/f1score_label_14": 0.0, "train/accuracy_label_15": 0.9462759494781494, "train/presicion_label_15": 0.0, "train/recall_label_15": 0.0, "train/f1score_label_15": 0.0, "train/loss": 0.686295747756958, "_wandb": {"runtime": 187}}