{"val_loss": 0.9148942828178406, "epoch": 1, "trainer/global_step": 15, "_timestamp": 1685932999.2262743, "_runtime": 916.1697883605957, "_step": 1, "_wandb": {"runtime": 917}}