{"val_loss": 0.9307401776313782, "epoch": 1, "trainer/global_step": 15, "_timestamp": 1687319120.4270358, "_runtime": 1020.9583737850189, "_step": 1, "_wandb": {"runtime": 1024}}