{"val_loss": 0.6918078660964966, "val/multilabelaccuracy": 0.9262195229530334, "val/multilabelprecision": 0.5458015203475952, "val/multilabelrecall": 0.5375939607620239, "val/multilabelf1score": 0.5416666865348816, "val/multilabelmatthewscorrcoef": 0.5015668272972107, "epoch": 0, "trainer/global_step": 25, "_timestamp": 1700631716.5570407, "_runtime": 42.327234745025635, "_step": 0, "_wandb": {"runtime": 42}}