{"val_loss": 0.6073585748672485, "val/multilabelaccuracy": 0.8380450010299683, "val/multilabelprecision": 0.1817348450422287, "val/multilabelrecall": 0.2380286604166031, "val/multilabelf1score": 0.20339402556419373, "val/multilabelmatthewscorrcoef": 0.570067286491394, "val/accuracy_label_\u3042\u3044\u3065\u3061": 0.9482288956642151, "val/presicion_label_\u3042\u3044\u3065\u3061": 0.9495798349380493, "val/recall_label_\u3042\u3044\u3065\u3061": 0.9970588088035583, "val/f1score_label_\u3042\u3044\u3065\u3061": 0.9727402925491333, "val/accuracy_label_\u611f\u5fc3": 0.888283371925354, "val/presicion_label_\u611f\u5fc3": 0.8845070600509644, "val/recall_label_\u611f\u5fc3": 1.0, "val/f1score_label_\u611f\u5fc3": 0.9387145042419434, "val/accuracy_label_\u8a55\u4fa1": 0.6512261629104614, "val/presicion_label_\u8a55\u4fa1": 0.0, "val/recall_label_\u8a55\u4fa1": 0.0, "val/f1score_label_\u8a55\u4fa1": 0.0, "val/accuracy_label_\u7e70\u308a\u8fd4\u3057\u5fdc\u7b54": 0.6866484880447388, "val/presicion_label_\u7e70\u308a\u8fd4\u3057\u5fdc\u7b54": 0.650943398475647, "val/recall_label_\u7e70\u308a\u8fd4\u3057\u5fdc\u7b54": 0.9810426831245422, "val/f1score_label_\u7e70\u308a\u8fd4\u3057\u5fdc\u7b54": 0.782608687877655, "val/accuracy_label_\u540c\u610f": 0.6376021504402161, "val/presicion_label_\u540c\u610f": 0.0, "val/recall_label_\u540c\u610f": 0.0, "val/f1score_label_\u540c\u610f": 0.0, "val/accuracy_label_\u7d0d\u5f97": 0.6021798253059387, "val/presicion_label_\u7d0d\u5f97": 0.4227272868156433, "val/recall_label_\u7d0d\u5f97": 0.8303571343421936, "val/f1score_label_\u7d0d\u5f97": 0.5602409839630127, "val/accuracy_label_\u9a5a\u304d": 0.7901907563209534, "val/presicion_label_\u9a5a\u304d": 0.0, "val/recall_label_\u9a5a\u304d": 0.0, "val/f1score_label_\u9a5a\u304d": 0.0, "val/accuracy_label_\u8a00\u3044\u63db\u3048": 1.0, "val/presicion_label_\u8a00\u3044\u63db\u3048": 0.0, "val/recall_label_\u8a00\u3044\u63db\u3048": 0.0, "val/f1score_label_\u8a00\u3044\u63db\u3048": 0.0, "val/accuracy_label_\u610f\u898b": 0.8719345927238464, "val/presicion_label_\u610f\u898b": 0.0, "val/recall_label_\u610f\u898b": 0.0, "val/f1score_label_\u610f\u898b": 0.0, "val/accuracy_label_\u8003\u3048\u3066\u3044\u308b\u6700\u4e2d": 0.9346048831939697, "val/presicion_label_\u8003\u3048\u3066\u3044\u308b\u6700\u4e2d": 0.0, "val/recall_label_\u8003\u3048\u3066\u3044\u308b\u6700\u4e2d": 0.0, "val/f1score_label_\u8003\u3048\u3066\u3044\u308b\u6700\u4e2d": 0.0, "val/accuracy_label_\u4e0d\u540c\u610f": 0.9564032554626465, "val/presicion_label_\u4e0d\u540c\u610f": 0.0, "val/recall_label_\u4e0d\u540c\u610f": 0.0, "val/f1score_label_\u4e0d\u540c\u610f": 0.0, "val/accuracy_label_\u88dc\u5b8c": 0.8228882551193237, "val/presicion_label_\u88dc\u5b8c": 0.0, "val/recall_label_\u88dc\u5b8c": 0.0, "val/f1score_label_\u88dc\u5b8c": 0.0, "val/accuracy_label_\u3042\u3044\u3055\u3064": 0.9700272679328918, "val/presicion_label_\u3042\u3044\u3055\u3064": 0.0, "val/recall_label_\u3042\u3044\u3055\u3064": 0.0, "val/f1score_label_\u3042\u3044\u3055\u3064": 0.0, "val/accuracy_label_\u60f3\u8d77": 0.9945504069328308, "val/presicion_label_\u60f3\u8d77": 0.0, "val/recall_label_\u60f3\u8d77": 0.0, "val/f1score_label_\u60f3\u8d77": 0.0, "val/accuracy_label_\u9a5a\u304d\u3068\u3044\u3076\u304b\u308a": 0.9945504069328308, "val/presicion_label_\u9a5a\u304d\u3068\u3044\u3076\u304b\u308a": 0.0, "val/recall_label_\u9a5a\u304d\u3068\u3044\u3076\u304b\u308a": 0.0, "val/f1score_label_\u9a5a\u304d\u3068\u3044\u3076\u304b\u308a": 0.0, "val/accuracy_label_\u305d\u306e\u4ed6": 0.6594005227088928, "val/presicion_label_\u305d\u306e\u4ed6": 0.0, "val/recall_label_\u305d\u306e\u4ed6": 0.0, "val/f1score_label_\u305d\u306e\u4ed6": 0.0, "epoch": 8, "trainer/global_step": 368, "_timestamp": 1704952902.80085, "_runtime": 195.45762395858765, "_step": 23, "train_loss": 0.608549177646637, "train/multilabelaccuracy": 0.8122013807296753, "train/multilabelprecision": 0.25501197576522827, "train/multilabelrecall": 0.26970669627189636, "train/multilabelf1score": 0.2203168421983719, "train/multilabelmatthewscorrcoef": 0.5132237076759338, "train/accuracy_label_\u3042\u3044\u3065\u3061": 0.9542661905288696, "train/presicion_label_\u3042\u3044\u3065\u3061": 0.9556479454040527, "train/recall_label_\u3042\u3044\u3065\u3061": 0.997829258441925, "train/f1score_label_\u3042\u3044\u3065\u3061": 0.9762831926345825, "train/accuracy_label_\u611f\u5fc3": 0.8484641909599304, "train/presicion_label_\u611f\u5fc3": 0.8489510416984558, "train/recall_label_\u611f\u5fc3": 0.9950819611549377, "train/f1score_label_\u611f\u5fc3": 0.9162263870239258, "train/accuracy_label_\u8a55\u4fa1": 0.6368600726127625, "train/presicion_label_\u8a55\u4fa1": 0.0, "train/recall_label_\u8a55\u4fa1": 0.0, "train/f1score_label_\u8a55\u4fa1": 0.0, "train/accuracy_label_\u7e70\u308a\u8fd4\u3057\u5fdc\u7b54": 0.6887372136116028, "train/presicion_label_\u7e70\u308a\u8fd4\u3057\u5fdc\u7b54": 0.6545031070709229, "train/recall_label_\u7e70\u308a\u8fd4\u3057\u5fdc\u7b54": 0.9871194362640381, "train/f1score_label_\u7e70\u308a\u8fd4\u3057\u5fdc\u7b54": 0.7871148586273193, "train/accuracy_label_\u540c\u610f": 0.6791808605194092, "train/presicion_label_\u540c\u610f": 0.0, "train/recall_label_\u540c\u610f": 0.0, "train/f1score_label_\u540c\u610f": 0.0, "train/accuracy_label_\u7d0d\u5f97": 0.5726962685585022, "train/presicion_label_\u7d0d\u5f97": 0.4010204076766968, "train/recall_label_\u7d0d\u5f97": 0.9097222089767456, "train/f1score_label_\u7d0d\u5f97": 0.5566571950912476, "train/accuracy_label_\u9a5a\u304d": 0.7870306968688965, "train/presicion_label_\u9a5a\u304d": 0.0, "train/recall_label_\u9a5a\u304d": 0.0, "train/f1score_label_\u9a5a\u304d": 0.0, "train/accuracy_label_\u8a00\u3044\u63db\u3048": 1.0, "train/presicion_label_\u8a00\u3044\u63db\u3048": 0.0, "train/recall_label_\u8a00\u3044\u63db\u3048": 0.0, "train/f1score_label_\u8a00\u3044\u63db\u3048": 0.0, "train/accuracy_label_\u610f\u898b": 0.8600682616233826, "train/presicion_label_\u610f\u898b": 0.0, "train/recall_label_\u610f\u898b": 0.0, "train/f1score_label_\u610f\u898b": 0.0, "train/accuracy_label_\u8003\u3048\u3066\u3044\u308b\u6700\u4e2d": 0.8935153484344482, "train/presicion_label_\u8003\u3048\u3066\u3044\u308b\u6700\u4e2d": 0.13953489065170288, "train/recall_label_\u8003\u3048\u3066\u3044\u308b\u6700\u4e2d": 0.04800000041723251, "train/f1score_label_\u8003\u3048\u3066\u3044\u308b\u6700\u4e2d": 0.0714285746216774, "train/accuracy_label_\u4e0d\u540c\u610f": 0.7788395881652832, "train/presicion_label_\u4e0d\u540c\u610f": 0.0742049440741539, "train/recall_label_\u4e0d\u540c\u610f": 0.2530120611190796, "train/f1score_label_\u4e0d\u540c\u610f": 0.1147540956735611, "train/accuracy_label_\u88dc\u5b8c": 0.8136518597602844, "train/presicion_label_\u88dc\u5b8c": 0.0, "train/recall_label_\u88dc\u5b8c": 0.0, "train/f1score_label_\u88dc\u5b8c": 0.0, "train/accuracy_label_\u3042\u3044\u3055\u3064": 0.9651877284049988, "train/presicion_label_\u3042\u3044\u3055\u3064": 0.0, "train/recall_label_\u3042\u3044\u3055\u3064": 0.0, "train/f1score_label_\u3042\u3044\u3055\u3064": 0.0, "train/accuracy_label_\u60f3\u8d77": 0.9863481521606445, "train/presicion_label_\u60f3\u8d77": 1.0, "train/recall_label_\u60f3\u8d77": 0.0476190485060215, "train/f1score_label_\u60f3\u8d77": 0.09090909361839294, "train/accuracy_label_\u9a5a\u304d\u3068\u3044\u3076\u304b\u308a": 0.8846416473388672, "train/presicion_label_\u9a5a\u304d\u3068\u3044\u3076\u304b\u308a": 0.006329114083200693, "train/recall_label_\u9a5a\u304d\u3068\u3044\u3076\u304b\u308a": 0.07692307978868484, "train/f1score_label_\u9a5a\u304d\u3068\u3044\u3076\u304b\u308a": 0.011695906519889832, "train/accuracy_label_\u305d\u306e\u4ed6": 0.6457337737083435, "train/presicion_label_\u305d\u306e\u4ed6": 0.0, "train/recall_label_\u305d\u306e\u4ed6": 0.0, "train/f1score_label_\u305d\u306e\u4ed6": 0.0, "train/loss": 0.6091312766075134, "test_loss": 0.6047576665878296, "test/multilabelaccuracy": 0.8477166891098022,