{"train_loss": 0.7175858020782471, "epoch": 1, "trainer/global_step": 5, "_timestamp": 1691752091.3964236, "_runtime": 351.7168254852295, "_step": 1, "_wandb": {"runtime": 351}}