{"val_loss": 0.5467382669448853, "val/multilabelaccuracy": 0.698910117149353, "val/multilabelprecision": 0.4160703718662262, "val/multilabelrecall": 0.5792806148529053, "val/multilabelf1score": 0.47718632221221924, "val/multilabelmatthewscorrcoef": 0.3972855806350708, "val/accuracy_label_\u3042\u3044\u3065\u3061": 0.9564032554626465, "val/presicion_label_\u3042\u3044\u3065\u3061": 0.9553072452545166, "val/recall_label_\u3042\u3044\u3065\u3061": 1.0, "val/f1score_label_\u3042\u3044\u3065\u3061": 0.977142870426178, "val/accuracy_label_\u611f\u5fc3": 0.8801090121269226, "val/presicion_label_\u611f\u5fc3": 0.8767507076263428, "val/recall_label_\u611f\u5fc3": 1.0, "val/f1score_label_\u611f\u5fc3": 0.9343283772468567, "val/accuracy_label_\u8a55\u4fa1": 0.5613079071044922, "val/presicion_label_\u8a55\u4fa1": 0.4465648829936981, "val/recall_label_\u8a55\u4fa1": 0.8796992301940918, "val/f1score_label_\u8a55\u4fa1": 0.5924050807952881, "val/accuracy_label_\u7e70\u308a\u8fd4\u3057\u5fdc\u7b54": 0.6212534308433533, "val/presicion_label_\u7e70\u308a\u8fd4\u3057\u5fdc\u7b54": 0.608450710773468, "val/recall_label_\u7e70\u308a\u8fd4\u3057\u5fdc\u7b54": 1.0, "val/f1score_label_\u7e70\u308a\u8fd4\u3057\u5fdc\u7b54": 0.7565674185752869, "val/accuracy_label_\u540c\u610f": 0.6457765698432922, "val/presicion_label_\u540c\u610f": 0.0, "val/recall_label_\u540c\u610f": 0.0, "val/f1score_label_\u540c\u610f": 0.0, "val/accuracy_label_\u7d0d\u5f97": 0.640326976776123, "val/presicion_label_\u7d0d\u5f97": 0.4414893686771393, "val/recall_label_\u7d0d\u5f97": 0.7545454502105713, "val/f1score_label_\u7d0d\u5f97": 0.5570470094680786, "val/accuracy_label_\u9a5a\u304d": 0.7929155230522156, "val/presicion_label_\u9a5a\u304d": 0.0, "val/recall_label_\u9a5a\u304d": 0.0, "val/f1score_label_\u9a5a\u304d": 0.0, "val/accuracy_label_\u8a00\u3044\u63db\u3048": 0.4931880235671997, "val/presicion_label_\u8a00\u3044\u63db\u3048": 0.0, "val/recall_label_\u8a00\u3044\u63db\u3048": 0.0, "val/f1score_label_\u8a00\u3044\u63db\u3048": 0.0, "epoch": 4, "trainer/global_step": 184, "_timestamp": 1705282324.7390015, "_runtime": 93.57975244522095, "_step": 11, "train_loss": 0.5515851974487305, "train/multilabelaccuracy": 0.6821281909942627, "train/multilabelprecision": 0.45798468589782715, "train/multilabelrecall": 0.6029120683670044, "train/multilabelf1score": 0.4782681167125702, "train/multilabelmatthewscorrcoef": 0.3641522228717804, "train/accuracy_label_\u3042\u3044\u3065\u3061": 0.952933132648468, "train/presicion_label_\u3042\u3044\u3065\u3061": 0.9536652565002441, "train/recall_label_\u3042\u3044\u3065\u3061": 0.9985517859458923, "train/f1score_label_\u3042\u3044\u3065\u3061": 0.9755924940109253, "train/accuracy_label_\u611f\u5fc3": 0.847203254699707, "train/presicion_label_\u611f\u5fc3": 0.8465277552604675, "train/recall_label_\u611f\u5fc3": 0.9975450038909912, "train/f1score_label_\u611f\u5fc3": 0.9158527255058289, "train/accuracy_label_\u8a55\u4fa1": 0.5723056197166443, "train/presicion_label_\u8a55\u4fa1": 0.4525616765022278, "train/recall_label_\u8a55\u4fa1": 0.9051233530044556, "train/f1score_label_\u8a55\u4fa1": 0.6034155488014221, "train/accuracy_label_\u7e70\u308a\u8fd4\u3057\u5fdc\u7b54": 0.6091405153274536, "train/presicion_label_\u7e70\u308a\u8fd4\u3057\u5fdc\u7b54": 0.5973295569419861, "train/recall_label_\u7e70\u308a\u8fd4\u3057\u5fdc\u7b54": 1.0, "train/f1score_label_\u7e70\u308a\u8fd4\u3057\u5fdc\u7b54": 0.7479102611541748, "train/accuracy_label_\u540c\u610f": 0.6773533225059509, "train/presicion_label_\u540c\u610f": 0.0, "train/recall_label_\u540c\u610f": 0.0, "train/f1score_label_\u540c\u610f": 0.0, "train/accuracy_label_\u7d0d\u5f97": 0.5443383455276489, "train/presicion_label_\u7d0d\u5f97": 0.3852216601371765, "train/recall_label_\u7d0d\u5f97": 0.8988505601882935, "train/f1score_label_\u7d0d\u5f97": 0.5393103361129761, "train/accuracy_label_\u9a5a\u304d": 0.7864938378334045, "train/presicion_label_\u9a5a\u304d": 0.0, "train/recall_label_\u9a5a\u304d": 0.0, "train/f1score_label_\u9a5a\u304d": 0.0, "train/accuracy_label_\u8a00\u3044\u63db\u3048": 0.46725785732269287, "train/presicion_label_\u8a00\u3044\u63db\u3048": 0.4285714328289032, "train/recall_label_\u8a00\u3044\u63db\u3048": 0.023225806653499603, "train/f1score_label_\u8a00\u3044\u63db\u3048": 0.04406364634633064, "train/loss": 0.5654544830322266, "test_loss": 0.5448768138885498, "test/multilabelaccuracy": 0.7010869979858398, "test/multilabelprecision": 0.4190996289253235, "test/multilabelrecall": 0.5839917063713074, "test/multilabelf1score": 0.4803742468357086, "test/multilabelmatthewscorrcoef": 0.4010794758796692, "_wandb": {"runtime": 93}}