{"train/loss": 0.16397736966609955, "epoch": 3, "trainer/global_step": 399, "_timestamp": 1714444319.1887887, "_runtime": 87.4274115562439, "_step": 15, "val_loss": 0.16591550409793854, "val/multilabelaccuracy": 0.8928641080856323, "val/multilabelprecision": 0.14278621971607208, "val/multilabelrecall": 0.15150369703769684, "val/multilabelf1score": 0.12926821410655975, "val/multilabelmatthewscorrcoef": 0.5778106451034546, "val/accuracy_label_\u3042\u3044\u3065\u3061": 0.933009684085846, "val/presicion_label_\u3042\u3044\u3065\u3061": 0.9355849027633667, "val/recall_label_\u3042\u3044\u3065\u3061": 0.9966628551483154, "val/f1score_label_\u3042\u3044\u3065\u3061": 0.9651585817337036, "val/accuracy_label_\u611f\u5fc3": 0.6366019248962402, "val/presicion_label_\u611f\u5fc3": 0.636215329170227, "val/recall_label_\u611f\u5fc3": 0.9362996220588684, "val/f1score_label_\u611f\u5fc3": 0.7576248049736023, "val/accuracy_label_\u8a55\u4fa1": 0.8274757266044617, "val/presicion_label_\u8a55\u4fa1": 0.1354166716337204, "val/recall_label_\u8a55\u4fa1": 0.08545603603124619, "val/f1score_label_\u8a55\u4fa1": 0.10478589683771133, "val/accuracy_label_\u7e70\u308a\u8fd4\u3057\u5fdc\u7b54": 0.7224271893501282, "val/presicion_label_\u7e70\u308a\u8fd4\u3057\u5fdc\u7b54": 0.27194491028785706, "val/recall_label_\u7e70\u308a\u8fd4\u3057\u5fdc\u7b54": 0.06090979278087616, "val/f1score_label_\u7e70\u308a\u8fd4\u3057\u5fdc\u7b54": 0.09952756017446518, "val/accuracy_label_\u540c\u610f": 0.8793203830718994, "val/presicion_label_\u540c\u610f": 0.08620689809322357, "val/recall_label_\u540c\u610f": 0.0041841003112494946, "val/f1score_label_\u540c\u610f": 0.007980845868587494, "val/accuracy_label_\u7d0d\u5f97": 0.8975728154182434, "val/presicion_label_\u7d0d\u5f97": 0.05882352963089943, "val/recall_label_\u7d0d\u5f97": 0.006217616610229015, "val/f1score_label_\u7d0d\u5f97": 0.011246485635638237, "val/accuracy_label_\u9a5a\u304d": 0.9172815680503845, "val/presicion_label_\u9a5a\u304d": 0.10332103073596954, "val/recall_label_\u9a5a\u304d": 0.04395604506134987, "val/f1score_label_\u9a5a\u304d": 0.06167401000857353, "val/accuracy_label_\u8a00\u3044\u63db\u3048": 0.9437863826751709, "val/presicion_label_\u8a00\u3044\u63db\u3048": 0.0, "val/recall_label_\u8a00\u3044\u63db\u3048": 0.0, "val/f1score_label_\u8a00\u3044\u63db\u3048": 0.0, "val/accuracy_label_\u610f\u898b": 0.9214563369750977, "val/presicion_label_\u610f\u898b": 0.010570824146270752, "val/recall_label_\u610f\u898b": 0.014450866729021072, "val/f1score_label_\u610f\u898b": 0.012210012413561344, "val/accuracy_label_\u8003\u3048\u3066\u3044\u308b\u6700\u4e2d": 0.9798058271408081, "val/presicion_label_\u8003\u3048\u3066\u3044\u308b\u6700\u4e2d": 0.0, "val/recall_label_\u8003\u3048\u3066\u3044\u308b\u6700\u4e2d": 0.0, "val/f1score_label_\u8003\u3048\u3066\u3044\u308b\u6700\u4e2d": 0.0, "val/accuracy_label_\u4e0d\u540c\u610f": 0.9856310486793518, "val/presicion_label_\u4e0d\u540c\u610f": 0.0, "val/recall_label_\u4e0d\u540c\u610f": 0.0, "val/f1score_label_\u4e0d\u540c\u610f": 0.0, "val/accuracy_label_\u88dc\u5b8c": 0.9431067705154419, "val/presicion_label_\u88dc\u5b8c": 0.02380952425301075, "val/recall_label_\u88dc\u5b8c": 0.003952569328248501, "val/f1score_label_\u88dc\u5b8c": 0.006779660936444998, "val/accuracy_label_\u3042\u3044\u3055\u3064": 0.9178640842437744, "val/presicion_label_\u3042\u3044\u3055\u3064": 0.012406948022544384, "val/recall_label_\u3042\u3044\u3055\u3064": 0.1666666716337204, "val/f1score_label_\u3042\u3044\u3055\u3064": 0.02309468761086464, "val/accuracy_label_\u60f3\u8d77": 0.932427167892456, "val/presicion_label_\u60f3\u8d77": 0.00453172205016017, "val/recall_label_\u60f3\u8d77": 0.07500000298023224, "val/f1score_label_\u60f3\u8d77": 0.008547008968889713, "val/accuracy_label_\u9a5a\u304d\u3068\u3044\u3076\u304b\u308a": 0.9800971150398254, "val/presicion_label_\u9a5a\u304d\u3068\u3044\u3076\u304b\u308a": 0.005747126415371895, "val/recall_label_\u9a5a\u304d\u3068\u3044\u3076\u304b\u308a": 0.03030303120613098, "val/f1score_label_\u9a5a\u304d\u3068\u3044\u3076\u304b\u308a": 0.009661835618317127, "val/accuracy_label_\u305d\u306e\u4ed6": 0.8679611682891846, "val/presicion_label_\u305d\u306e\u4ed6": 0.0, "val/recall_label_\u305d\u306e\u4ed6": 0.0, "val/f1score_label_\u305d\u306e\u4ed6": 0.0, "train_loss": 0.16562293469905853, "train/multilabelaccuracy": 0.9011250138282776, "train/multilabelprecision": 0.1494886428117752, "train/multilabelrecall": 0.15756531059741974, "train/multilabelf1score": 0.13498421013355255, "train/multilabelmatthewscorrcoef": 0.604058563709259, "train/accuracy_label_\u3042\u3044\u3065\u3061": 0.9340000152587891, "train/presicion_label_\u3042\u3044\u3065\u3061": 0.9389002323150635, "train/recall_label_\u3042\u3044\u3065\u3061": 0.993534505367279, "train/f1score_label_\u3042\u3044\u3065\u3061": 0.9654450416564941, "train/accuracy_label_\u611f\u5fc3": 0.6940000057220459, "train/presicion_label_\u611f\u5fc3": 0.6827830076217651, "train/recall_label_\u611f\u5fc3": 0.9399350881576538, "train/f1score_label_\u611f\u5fc3": 0.7909836173057556, "train/accuracy_label_\u8a55\u4fa1": 0.8519999980926514, "train/presicion_label_\u8a55\u4fa1": 0.2181818187236786, "train/recall_label_\u8a55\u4fa1": 0.10256410390138626, "train/f1score_label_\u8a55\u4fa1": 0.13953489065170288, "train/accuracy_label_\u7e70\u308a\u8fd4\u3057\u5fdc\u7b54": 0.7129999995231628, "train/presicion_label_\u7e70\u308a\u8fd4\u3057\u5fdc\u7b54": 0.2884615361690521, "train/recall_label_\u7e70\u308a\u8fd4\u3057\u5fdc\u7b54": 0.056603774428367615, "train/f1score_label_\u7e70\u308a\u8fd4\u3057\u5fdc\u7b54": 0.09463722258806229, "train/accuracy_label_\u540c\u610f": 0.8629999756813049, "train/presicion_label_\u540c\u610f": 0.0, "train/recall_label_\u540c\u610f": 0.0, "train/f1score_label_\u540c\u610f": 0.0, "train/accuracy_label_\u7d0d\u5f97": 0.9190000295639038, "train/presicion_label_\u7d0d\u5f97": 0.0, "train/recall_label_\u7d0d\u5f97": 0.0, "train/f1score_label_\u7d0d\u5f97": 0.0, "train/accuracy_label_\u9a5a\u304d": 0.9150000214576721, "train/presicion_label_\u9a5a\u304d": 0.16129031777381897, "train/recall_label_\u9a5a\u304d": 0.078125, "train/f1score_label_\u9a5a\u304d": 0.10526315867900848, "train/accuracy_label_\u8a00\u3044\u63db\u3048": 0.968999981880188, "train/presicion_label_\u8a00\u3044\u63db\u3048": 0.0, "train/recall_label_\u8a00\u3044\u63db\u3048": 0.0, "train/f1score_label_\u8a00\u3044\u63db\u3048": 0.0, "train/accuracy_label_\u610f\u898b": 0.9259999990463257, "train/presicion_label_\u610f\u898b": 0.0, "train/recall_label_\u610f\u898b": 0.0, "train/f1score_label_\u610f\u898b": 0.0, "train/accuracy_label_\u8003\u3048\u3066\u3044\u308b\u6700\u4e2d": 0.9789999723434448, "train/presicion_label_\u8003\u3048\u3066\u3044\u308b\u6700\u4e2d": 0.0, "train/recall_label_\u8003\u3048\u3066\u3044\u308b\u6700\u4e2d": 0.0, "train/f1score_label_\u8003\u3048\u3066\u3044\u308b\u6700\u4e2d": 0.0, "train/accuracy_label_\u4e0d\u540c\u610f": 0.9800000190734863, "train/presicion_label_\u4e0d\u540c\u610f": 0.0, "train/recall_label_\u4e0d\u540c\u610f": 0.0, "train/f1score_label_\u4e0d\u540c\u610f": 0.0, "train/accuracy_label_\u88dc\u5b8c": 0.9309999942779541, "train/presicion_label_\u88dc\u5b8c": 0.0833333358168602, "train/recall_label_\u88dc\u5b8c": 0.016949152573943138, "train/f1score_label_\u88dc\u5b8c": 0.028169013559818268, "train/accuracy_label_\u3042\u3044\u3055\u3064": 0.9449999928474426, "train/presicion_label_\u3042\u3044\u3055\u3064": 0.0, "train/recall_label_\u3042\u3044\u3055\u3064": 0.0, "train/f1score_label_\u3042\u3044\u3055\u3064": 0.0, "train/accuracy_label_\u60f3\u8d77": 0.9459999799728394, "train/presicion_label_\u60f3\u8d77": 0.01886792480945587, "train/recall_label_\u60f3\u8d77": 0.3333333432674408,