{"val_loss": 0.6902945637702942, "val/multilabelaccuracy": 0.9393292665481567, "val/multilabelprecision": 0.6587677597999573, "val/multilabelrecall": 0.5225563645362854, "val/multilabelf1score": 0.5828092098236084, "val/multilabelmatthewscorrcoef": 0.5548609495162964, "epoch": 0, "trainer/global_step": 25, "_timestamp": 1700633218.692816, "_runtime": 41.56708598136902, "_step": 0, "_wandb": {"runtime": 41}}