{"val_loss": 0.6499937772750854, "val/multilabelaccuracy": 0.7717983722686768, "val/multilabelprecision": 0.22694234549999237, "val/multilabelrecall": 0.3271583616733551, "val/multilabelf1score": 0.26473212242126465, "val/multilabelmatthewscorrcoef": 0.4126645624637604, "val/accuracy_label_\u3042\u3044\u3065\u3061": 0.07356948405504227, "val/presicion_label_\u3042\u3044\u3065\u3061": 0.0, "val/recall_label_\u3042\u3044\u3065\u3061": 0.0, "val/f1score_label_\u3042\u3044\u3065\u3061": 0.0, "val/accuracy_label_\u611f\u5fc3": 0.888283371925354, "val/presicion_label_\u611f\u5fc3": 0.8845070600509644, "val/recall_label_\u611f\u5fc3": 1.0, "val/f1score_label_\u611f\u5fc3": 0.9387145042419434, "val/accuracy_label_\u8a55\u4fa1": 0.5858310461044312, "val/presicion_label_\u8a55\u4fa1": 0.44871795177459717, "val/recall_label_\u8a55\u4fa1": 0.8203125, "val/f1score_label_\u8a55\u4fa1": 0.580110490322113, "val/accuracy_label_\u7e70\u308a\u8fd4\u3057\u5fdc\u7b54": 0.7002725005149841, "val/presicion_label_\u7e70\u308a\u8fd4\u3057\u5fdc\u7b54": 0.663430392742157, "val/recall_label_\u7e70\u308a\u8fd4\u3057\u5fdc\u7b54": 0.971563994884491, "val/f1score_label_\u7e70\u308a\u8fd4\u3057\u5fdc\u7b54": 0.7884615659713745, "val/accuracy_label_\u540c\u610f": 0.5912806391716003, "val/presicion_label_\u540c\u610f": 0.4650205671787262, "val/recall_label_\u540c\u610f": 0.8496240377426147, "val/f1score_label_\u540c\u610f": 0.6010638475418091, "val/accuracy_label_\u7d0d\u5f97": 0.6539509296417236, "val/presicion_label_\u7d0d\u5f97": 0.460317462682724, "val/recall_label_\u7d0d\u5f97": 0.7767857313156128, "val/f1score_label_\u7d0d\u5f97": 0.5780730843544006, "val/accuracy_label_\u9a5a\u304d": 0.779291570186615, "val/presicion_label_\u9a5a\u304d": 0.47297295928001404, "val/recall_label_\u9a5a\u304d": 0.4545454680919647, "val/f1score_label_\u9a5a\u304d": 0.46357616782188416, "val/accuracy_label_\u8a00\u3044\u63db\u3048": 1.0, "val/presicion_label_\u8a00\u3044\u63db\u3048": 0.0, "val/recall_label_\u8a00\u3044\u63db\u3048": 0.0, "val/f1score_label_\u8a00\u3044\u63db\u3048": 0.0, "val/accuracy_label_\u610f\u898b": 0.7683923840522766, "val/presicion_label_\u610f\u898b": 0.2361111044883728, "val/recall_label_\u610f\u898b": 0.3617021143436432, "val/f1score_label_\u610f\u898b": 0.2857142984867096, "val/accuracy_label_\u8003\u3048\u3066\u3044\u308b\u6700\u4e2d": 0.9291552901268005, "val/presicion_label_\u8003\u3048\u3066\u3044\u308b\u6700\u4e2d": 0.0, "val/recall_label_\u8003\u3048\u3066\u3044\u308b\u6700\u4e2d": 0.0, "val/f1score_label_\u8003\u3048\u3066\u3044\u308b\u6700\u4e2d": 0.0, "val/accuracy_label_\u4e0d\u540c\u610f": 0.9455040693283081, "val/presicion_label_\u4e0d\u540c\u610f": 0.0, "val/recall_label_\u4e0d\u540c\u610f": 0.0, "val/f1score_label_\u4e0d\u540c\u610f": 0.0, "val/accuracy_label_\u88dc\u5b8c": 0.8228882551193237, "val/presicion_label_\u88dc\u5b8c": 0.0, "val/recall_label_\u88dc\u5b8c": 0.0, "val/f1score_label_\u88dc\u5b8c": 0.0, "val/accuracy_label_\u3042\u3044\u3055\u3064": 0.9618528485298157, "val/presicion_label_\u3042\u3044\u3055\u3064": 0.0, "val/recall_label_\u3042\u3044\u3055\u3064": 0.0, "val/f1score_label_\u3042\u3044\u3055\u3064": 0.0, "val/accuracy_label_\u60f3\u8d77": 0.9945504069328308, "val/presicion_label_\u60f3\u8d77": 0.0, "val/recall_label_\u60f3\u8d77": 0.0, "val/f1score_label_\u60f3\u8d77": 0.0, "val/accuracy_label_\u9a5a\u304d\u3068\u3044\u3076\u304b\u308a": 0.9945504069328308, "val/presicion_label_\u9a5a\u304d\u3068\u3044\u3076\u304b\u308a": 0.0, "val/recall_label_\u9a5a\u304d\u3068\u3044\u3076\u304b\u308a": 0.0, "val/f1score_label_\u9a5a\u304d\u3068\u3044\u3076\u304b\u308a": 0.0, "val/accuracy_label_\u305d\u306e\u4ed6": 0.6594005227088928, "val/presicion_label_\u305d\u306e\u4ed6": 0.0, "val/recall_label_\u305d\u306e\u4ed6": 0.0, "val/f1score_label_\u305d\u306e\u4ed6": 0.0, "epoch": 8, "trainer/global_step": 368, "_timestamp": 1705544999.0393536, "_runtime": 195.95214772224426, "_step": 23, "train_loss": 0.6502014994621277, "train/multilabelaccuracy": 0.734982967376709, "train/multilabelprecision": 0.25273647904396057, "train/multilabelrecall": 0.38734930753707886, "train/multilabelf1score": 0.287581205368042, "train/multilabelmatthewscorrcoef": 0.35624784231185913, "train/accuracy_label_\u3042\u3044\u3065\u3061": 0.056655291467905045, "train/presicion_label_\u3042\u3044\u3065\u3061": 0.0, "train/recall_label_\u3042\u3044\u3065\u3061": 0.0, "train/f1score_label_\u3042\u3044\u3065\u3061": 0.0, "train/accuracy_label_\u611f\u5fc3": 0.8450511693954468, "train/presicion_label_\u611f\u5fc3": 0.8459930419921875, "train/recall_label_\u611f\u5fc3": 0.9950819611549377, "train/f1score_label_\u611f\u5fc3": 0.9145009517669678, "train/accuracy_label_\u8a55\u4fa1": 0.6081911325454712, "train/presicion_label_\u8a55\u4fa1": 0.47891566157341003, "train/recall_label_\u8a55\u4fa1": 0.896616518497467, "train/f1score_label_\u8a55\u4fa1": 0.6243455410003662, "train/accuracy_label_\u7e70\u308a\u8fd4\u3057\u5fdc\u7b54": 0.6832764744758606, "train/presicion_label_\u7e70\u308a\u8fd4\u3057\u5fdc\u7b54": 0.6493108868598938, "train/recall_label_\u7e70\u308a\u8fd4\u3057\u5fdc\u7b54": 0.9929742217063904, "train/f1score_label_\u7e70\u308a\u8fd4\u3057\u5fdc\u7b54": 0.7851851582527161, "train/accuracy_label_\u540c\u610f": 0.6368600726127625, "train/presicion_label_\u540c\u610f": 0.4654017984867096, "train/recall_label_\u540c\u610f": 0.8872340321540833, "train/f1score_label_\u540c\u610f": 0.6105417013168335, "train/accuracy_label_\u7d0d\u5f97": 0.6532423496246338, "train/presicion_label_\u7d0d\u5f97": 0.45331695675849915, "train/recall_label_\u7d0d\u5f97": 0.8541666865348816, "train/f1score_label_\u7d0d\u5f97": 0.5922953486442566, "train/accuracy_label_\u9a5a\u304d": 0.6716723442077637, "train/presicion_label_\u9a5a\u304d": 0.3493761122226715, "train/recall_label_\u9a5a\u304d": 0.6282051205635071, "train/f1score_label_\u9a5a\u304d": 0.44902634620666504, "train/accuracy_label_\u8a00\u3044\u63db\u3048": 0.8778157234191895, "train/presicion_label_\u8a00\u3044\u63db\u3048": 0.0, "train/recall_label_\u8a00\u3044\u63db\u3048": 0.0, "train/f1score_label_\u8a00\u3044\u63db\u3048": 0.0, "train/accuracy_label_\u610f\u898b": 0.7460750937461853, "train/presicion_label_\u610f\u898b": 0.2816537320613861, "train/recall_label_\u610f\u898b": 0.5369458198547363, "train/f1score_label_\u610f\u898b": 0.3694915175437927, "train/accuracy_label_\u8003\u3048\u3066\u3044\u308b\u6700\u4e2d": 0.7993174195289612, "train/presicion_label_\u8003\u3048\u3066\u3044\u308b\u6700\u4e2d": 0.0917874425649643, "train/recall_label_\u8003\u3048\u3066\u3044\u308b\u6700\u4e2d": 0.15199999511241913, "train/f1score_label_\u8003\u3048\u3066\u3044\u308b\u6700\u4e2d": 0.11445783078670502, "train/accuracy_label_\u4e0d\u540c\u610f": 0.8197952508926392, "train/presicion_label_\u4e0d\u540c\u610f": 0.07906977087259293, "train/recall_label_\u4e0d\u540c\u610f": 0.20481927692890167, "train/f1score_label_\u4e0d\u540c\u610f": 0.11409395933151245, "train/accuracy_label_\u88dc\u5b8c": 0.8184300065040588, "train/presicion_label_\u88dc\u5b8c": 0.0, "train/recall_label_\u88dc\u5b8c": 0.0, "train/f1score_label_\u88dc\u5b8c": 0.0, "train/accuracy_label_\u3042\u3044\u3055\u3064": 0.9638225436210632, "train/presicion_label_\u3042\u3044\u3055\u3064": 0.0, "train/recall_label_\u3042\u3044\u3055\u3064": 0.0, "train/f1score_label_\u3042\u3044\u3055\u3064": 0.0, "train/accuracy_label_\u60f3\u8d77": 0.9433447122573853, "train/presicion_label_\u60f3\u8d77": 0.015625, "train/recall_label_\u60f3\u8d77": 0.0476190485060215, "train/f1score_label_\u60f3\u8d77": 0.0235294122248888, "train/accuracy_label_\u9a5a\u304d\u3068\u3044\u3076\u304b\u308a": 0.991126298904419, "train/presicion_label_\u9a5a\u304d\u3068\u3044\u3076\u304b\u308a": 0.0, "train/recall_label_\u9a5a\u304d\u3068\u3044\u3076\u304b\u308a": 0.0, "train/f1score_label_\u9a5a\u304d\u3068\u3044\u3076\u304b\u308a": 0.0, "train/accuracy_label_\u305d\u306e\u4ed6": 0.6450511813163757,