{"val_loss": 0.6931465864181519, "val/multilabelaccuracy": 0.9170731902122498, "val/multilabelprecision": 0.3636363744735718, "val/multilabelrecall": 0.030075188726186752, "val/multilabelf1score": 0.0555555559694767, "val/multilabelmatthewscorrcoef": 0.08505019545555115, "epoch": 0, "trainer/global_step": 25, "_timestamp": 1700635134.6540384, "_runtime": 43.28360939025879, "_step": 0, "_wandb": {"runtime": 43}}