{"val_loss": 0.6889162659645081, "val/multilabelaccuracy": 0.9393292665481567, "val/multilabelprecision": 0.042073171585798264, "val/multilabelrecall": 0.0625, "val/multilabelf1score": 0.05029154568910599, "val/multilabelmatthewscorrcoef": 0.5534970760345459, "epoch": 4, "trainer/global_step": 104, "_timestamp": 1702434915.5958605, "_runtime": 197.33275651931763, "_step": 10, "train_loss": 0.6896185278892517, "train/multilabelaccuracy": 0.9340659379959106, "train/multilabelprecision": 0.05261307954788208, "train/multilabelrecall": 0.06465516984462738, "train/multilabelf1score": 0.05254095420241356, "train/multilabelmatthewscorrcoef": 0.5175786018371582, "train/accuracy_label_0": 0.642246663570404, "train/presicion_label_0": 0.6418092846870422, "train/recall_label_0": 1.0, "train/f1score_label_0": 0.7818317413330078, "train/accuracy_label_1": 0.6874237060546875, "train/presicion_label_1": 0.0, "train/recall_label_1": 0.0, "train/f1score_label_1": 0.0, "train/accuracy_label_2": 0.9145299196243286, "train/presicion_label_2": 0.0, "train/recall_label_2": 0.0, "train/f1score_label_2": 0.0, "train/accuracy_label_3": 0.9609279632568359, "train/presicion_label_3": 0.20000000298023224, "train/recall_label_3": 0.03448275849223137, "train/f1score_label_3": 0.05882352963089943, "train/accuracy_label_4": 0.9157509207725525, "train/presicion_label_4": 0.0, "train/recall_label_4": 0.0, "train/f1score_label_4": 0.0, "train/accuracy_label_5": 0.9633699655532837, "train/presicion_label_5": 0.0, "train/recall_label_5": 0.0, "train/f1score_label_5": 0.0, "train/accuracy_label_6": 0.9694749712944031, "train/presicion_label_6": 0.0, "train/recall_label_6": 0.0, "train/f1score_label_6": 0.0, "train/accuracy_label_7": 0.9975579977035522, "train/presicion_label_7": 0.0, "train/recall_label_7": 0.0, "train/f1score_label_7": 0.0, "train/accuracy_label_8": 0.9816849827766418, "train/presicion_label_8": 0.0, "train/recall_label_8": 0.0, "train/f1score_label_8": 0.0, "train/accuracy_label_9": 0.9926739931106567, "train/presicion_label_9": 0.0, "train/recall_label_9": 0.0, "train/f1score_label_9": 0.0, "train/accuracy_label_10": 0.9975579977035522, "train/presicion_label_10": 0.0, "train/recall_label_10": 0.0, "train/f1score_label_10": 0.0, "train/accuracy_label_11": 0.9853479862213135, "train/presicion_label_11": 0.0, "train/recall_label_11": 0.0, "train/f1score_label_11": 0.0, "train/accuracy_label_12": 0.990231990814209, "train/presicion_label_12": 0.0, "train/recall_label_12": 0.0, "train/f1score_label_12": 0.0, "train/accuracy_label_13": 1.0, "train/presicion_label_13": 0.0, "train/recall_label_13": 0.0, "train/f1score_label_13": 0.0, "train/accuracy_label_14": 0.9951159954071045, "train/presicion_label_14": 0.0, "train/recall_label_14": 0.0, "train/f1score_label_14": 0.0, "train/accuracy_label_15": 0.9511599540710449, "train/presicion_label_15": 0.0, "train/recall_label_15": 0.0, "train/f1score_label_15": 0.0, "train/loss": 0.6846739053726196, "test/confusion_matrix_0_table": {"_type": "table-file", "sha256": "651c021aead6e2de7386d6f9c070eb29ffb463c46cda3b65c6effd76c109f81a", "size": 14272, "artifact_path": "wandb-client-artifact://iek4cyow8rahmktxjgb0q74m90vc921vsniedvshak11rhbg4v09xl2n5zt2j3oxyhiu02hdw29zrt8236pc3hzntpscee0gk4iog7bq3pf6vls0cf2q1c4qk8tfq6vq:latest/test/confusion_matrix_0_table.table.json", "_latest_artifact_path": "wandb-client-artifact://iek4cyow8rahmktxjgb0q74m90vc921vsniedvshak11rhbg4v09xl2n5zt2j3oxyhiu02hdw29zrt8236pc3hzntpscee0gk4iog7bq3pf6vls0cf2q1c4qk8tfq6vq:latest/test/confusion_matrix_0_table.table.json", "path": "media/table/test/confusion_matrix_0_table_10_651c021aead6e2de7386.table.json", "ncols": 3, "nrows": 256}, "test/confusion_matrix_1_table": {"_type": "table-file", "sha256": "c641d15d1edf369e461514adbee17bac681156dd69f81cd93cbbb544f3eb8939", "size": 14272, "artifact_path": "wandb-client-artifact://6cnydexsse1zzb2okj1zx299ewap3asrhj6et9ivv6f7gszj9s93vpmzany0blro5o7i1qup2epyim9rfxk82vc2190mo9dqnkifyi2bfby49zm5x00oktxnsinhdr7s:latest/test/confusion_matrix_1_table.table.json", "_latest_artifact_path": "wandb-client-artifact://6cnydexsse1zzb2okj1zx299ewap3asrhj6et9ivv6f7gszj9s93vpmzany0blro5o7i1qup2epyim9rfxk82vc2190mo9dqnkifyi2bfby49zm5x00oktxnsinhdr7s:latest/test/confusion_matrix_1_table.table.json", "path": "media/table/test/confusion_matrix_1_table_10_c641d15d1edf369e4615.table.json", "ncols": 3, "nrows": 256}, "test/confusion_matrix_2_table": {"_type": "table-file", "sha256": "f887c834b6ad705ce36013d78a2579dc450be31aa4b54986c2fee9f2d8eedede", "size": 14273, "artifact_path": "wandb-client-artifact://51fu95nrdkzx6siea54tzxqhudbezwbttn5q7fqhohgu60bssg2oa1myujehfukh8dpbubt0hasjjgx0uoqmdgqihm8vq0mudhscsxvjkjd8fe363o2qe5ao2pyjoal7:latest/test/confusion_matrix_2_table.table.json", "_latest_artifact_path": "wandb-client-artifact://51fu95nrdkzx6siea54tzxqhudbezwbttn5q7fqhohgu60bssg2oa1myujehfukh8dpbubt0hasjjgx0uoqmdgqihm8vq0mudhscsxvjkjd8fe363o2qe5ao2pyjoal7:latest/test/confusion_matrix_2_table.table.json", "path": "media/table/test/confusion_matrix_2_table_10_f887c834b6ad705ce360.table.json", "ncols": 3, "nrows": 256}, "test/confusion_matrix_3_table": {"_type": "table-file", "sha256": "6e2e7c7b31bae0ce8f4990a670ecf91defc0bdc3f68df56bf9243426b1c7270e", "size": 14272, "artifact_path": "wandb-client-artifact://m21f6ul7emfczq2cqi35sdpc2j50i1udbf71djbiatzgceba11ygqszdlrop2lvmhdj4h7h7r3h012eqb3ivfoys9j20rc9ed8kpi3txelzhfg70k63j9zyw6t0zavxn:latest/test/confusion_matrix_3_table.table.json", "_latest_artifact_path": "wandb-client-artifact://m21f6ul7emfczq2cqi35sdpc2j50i1udbf71djbiatzgceba11ygqszdlrop2lvmhdj4h7h7r3h012eqb3ivfoys9j20rc9ed8kpi3txelzhfg70k63j9zyw6t0zavxn:latest/test/confusion_matrix_3_table.table.json", "path": "media/table/test/confusion_matrix_3_table_10_6e2e7c7b31bae0ce8f49.table.json", "ncols": 3, "nrows": 256}, "test/confusion_matrix_4_table": {"_type": "table-file", "sha256": "421b59d4aff4ea4c9c37071cbf30a2cb904713b91e181dc49812e8d3900fda78", "size": 14273, "artifact_path": "wandb-client-artifact://u43ym19ypdbewb3d92cgptaw294r4vqh61u5rw5l0hm5d5aiiu4yzqg6apv36mihwsy1qzu7yhaffh60ezopcfy2xaqxbs4b4f2dffmgto8ov1zi78jcuqj3kxw3v1qg:latest/test/confusion_matrix_4_table.table.json", "_latest_artifact_path": "wandb-client-artifact://u43ym19ypdbewb3d92cgptaw294r4vqh61u5rw5l0hm5d5aiiu4yzqg6apv36mihwsy1qzu7yhaffh60ezopcfy2xaqxbs4b4f2dffmgto8ov1zi78jcuqj3kxw3v1qg:latest/test/confusion_matrix_4_table.table.json", "path": "media/table/test/confusion_matrix_4_table_10_421b59d4aff4ea4c9c37.table.json", "ncols": 3, "nrows": 256}, "test/confusion_matrix_5_table": {"_type": "table-file", "sha256": "e39e74a0b98767cec95ff5e2bf56be8a3d83d2dddbe3d35c5d355625036d3c7b", "size": 14272, "artifact_path": "wandb-client-artifact://e6mh0c4ofkczoreuraxpn2o84ecki88pu3y1twk3hlvn1v2raghmpk0ootlvnnkv4kju0ergvlnrc4e991jo9pvgyn3fo3igg2m70opo21tnz94plsw56iyr2vihzeza:latest/test/confusion_matrix_5_table.table.json", "_latest_artifact_path": "wandb-client-artifact://e6mh0c4ofkczoreuraxpn2o84ecki88pu3y1twk3hlvn1v2raghmpk0ootlvnnkv4kju0ergvlnrc4e991jo9pvgyn3fo3igg2m70opo21tnz94plsw56iyr2vihzeza:latest/test/confusion_matrix_5_table.table.json", "path": "media/table/test/confusion_matrix_5_table_10_e39e74a0b98767cec95f.table.json", "ncols": 3, "nrows": 256}, "test/confusion_matrix_6_table": {"_type": "table-file", "sha256": "56362edaec100a8272963e5beccb56d2dc59c2d3bcfe3cd64a8bc31bf00596e4", "size": 14272, "artifact_path": "wandb-client-artifact://z1ht66fpzkyh043225ojyzwtl25sdmy1tmnuq6iu508u7d6fd1fiwu6ddpdq5w1njff9xxviw7q6pbf7ykrpsrr8umhyma38wjg6fnnl1db5axym7n5wwspc7y4tu3np:latest/test/confusion_matrix_6_table.table.json", "_latest_artifact_path": "wandb-client-artifact://z1ht66fpzkyh043225ojyzwtl25sdmy1tmnuq6iu508u7d6fd1fiwu6ddpdq5w1njff9xxviw7q6pbf7ykrpsrr8umhyma38wjg6fnnl1db5axym7n5wwspc7y4tu3np:latest/test/confusion_matrix_6_table.table.json", "path": "media/table/test/confusion_matrix_6_table_10_56362edaec100a827296.table.json", "ncols": 3, "nrows": 256},