{"val_loss": 0.6766101717948914, "val/multilabelaccuracy": 0.7949591279029846, "val/multilabelprecision": 0.24739205837249756, "val/multilabelrecall": 0.21543818712234497, "val/multilabelf1score": 0.19907638430595398, "val/multilabelmatthewscorrcoef": 0.4346877932548523, "val/accuracy_label_\u3042\u3044\u3065\u3061": 0.9509536623954773, "val/presicion_label_\u3042\u3044\u3065\u3061": 0.9497206807136536, "val/recall_label_\u3042\u3044\u3065\u3061": 1.0, "val/f1score_label_\u3042\u3044\u3065\u3061": 0.9742120504379272, "val/accuracy_label_\u611f\u5fc3": 0.14441417157649994, "val/presicion_label_\u611f\u5fc3": 0.0, "val/recall_label_\u611f\u5fc3": 0.0, "val/f1score_label_\u611f\u5fc3": 0.0, "val/accuracy_label_\u8a55\u4fa1": 0.6457765698432922, "val/presicion_label_\u8a55\u4fa1": 0.49425286054611206, "val/recall_label_\u8a55\u4fa1": 0.671875, "val/f1score_label_\u8a55\u4fa1": 0.5695364475250244, "val/accuracy_label_\u7e70\u308a\u8fd4\u3057\u5fdc\u7b54": 0.7220708727836609, "val/presicion_label_\u7e70\u308a\u8fd4\u3057\u5fdc\u7b54": 0.704119861125946, "val/recall_label_\u7e70\u308a\u8fd4\u3057\u5fdc\u7b54": 0.8909952640533447, "val/f1score_label_\u7e70\u308a\u8fd4\u3057\u5fdc\u7b54": 0.7866109013557434, "val/accuracy_label_\u540c\u610f": 0.6376021504402161, "val/presicion_label_\u540c\u610f": 0.0, "val/recall_label_\u540c\u610f": 0.0, "val/f1score_label_\u540c\u610f": 0.0, "val/accuracy_label_\u7d0d\u5f97": 0.692098081111908, "val/presicion_label_\u7d0d\u5f97": 0.4964539110660553, "val/recall_label_\u7d0d\u5f97": 0.625, "val/f1score_label_\u7d0d\u5f97": 0.5533596873283386, "val/accuracy_label_\u9a5a\u304d": 0.7929155230522156, "val/presicion_label_\u9a5a\u304d": 1.0, "val/recall_label_\u9a5a\u304d": 0.012987012974917889, "val/f1score_label_\u9a5a\u304d": 0.025641025975346565, "val/accuracy_label_\u8a00\u3044\u63db\u3048": 0.9918256402015686, "val/presicion_label_\u8a00\u3044\u63db\u3048": 0.0, "val/recall_label_\u8a00\u3044\u63db\u3048": 0.0, "val/f1score_label_\u8a00\u3044\u63db\u3048": 0.0, "val/accuracy_label_\u610f\u898b": 0.8719345927238464, "val/presicion_label_\u610f\u898b": 0.0, "val/recall_label_\u610f\u898b": 0.0, "val/f1score_label_\u610f\u898b": 0.0, "val/accuracy_label_\u8003\u3048\u3066\u3044\u308b\u6700\u4e2d": 0.9346048831939697, "val/presicion_label_\u8003\u3048\u3066\u3044\u308b\u6700\u4e2d": 0.0, "val/recall_label_\u8003\u3048\u3066\u3044\u308b\u6700\u4e2d": 0.0, "val/f1score_label_\u8003\u3048\u3066\u3044\u308b\u6700\u4e2d": 0.0, "val/accuracy_label_\u4e0d\u540c\u610f": 0.9536784887313843, "val/presicion_label_\u4e0d\u540c\u610f": 0.0, "val/recall_label_\u4e0d\u540c\u610f": 0.0, "val/f1score_label_\u4e0d\u540c\u610f": 0.0, "val/accuracy_label_\u88dc\u5b8c": 0.7711171507835388, "val/presicion_label_\u88dc\u5b8c": 0.3137255012989044, "val/recall_label_\u88dc\u5b8c": 0.2461538463830948, "val/f1score_label_\u88dc\u5b8c": 0.27586206793785095, "val/accuracy_label_\u3042\u3044\u3055\u3064": 0.9645776748657227, "val/presicion_label_\u3042\u3044\u3055\u3064": 0.0, "val/recall_label_\u3042\u3044\u3055\u3064": 0.0, "val/f1score_label_\u3042\u3044\u3055\u3064": 0.0, "val/accuracy_label_\u60f3\u8d77": 0.9918256402015686, "val/presicion_label_\u60f3\u8d77": 0.0, "val/recall_label_\u60f3\u8d77": 0.0, "val/f1score_label_\u60f3\u8d77": 0.0, "val/accuracy_label_\u9a5a\u304d\u3068\u3044\u3076\u304b\u308a": 0.9945504069328308, "val/presicion_label_\u9a5a\u304d\u3068\u3044\u3076\u304b\u308a": 0.0, "val/recall_label_\u9a5a\u304d\u3068\u3044\u3076\u304b\u308a": 0.0, "val/f1score_label_\u9a5a\u304d\u3068\u3044\u3076\u304b\u308a": 0.0, "val/accuracy_label_\u305d\u306e\u4ed6": 0.6594005227088928, "val/presicion_label_\u305d\u306e\u4ed6": 0.0, "val/recall_label_\u305d\u306e\u4ed6": 0.0, "val/f1score_label_\u305d\u306e\u4ed6": 0.0, "epoch": 12, "trainer/global_step": 552, "_timestamp": 1705545523.1681914, "_runtime": 286.8730003833771, "_step": 35, "train_loss": 0.6764886379241943, "train/multilabelaccuracy": 0.777175784111023, "train/multilabelprecision": 0.2435162216424942, "train/multilabelrecall": 0.277010977268219, "train/multilabelf1score": 0.2412998080253601, "train/multilabelmatthewscorrcoef": 0.4017580449581146, "train/accuracy_label_\u3042\u3044\u3065\u3061": 0.9556313753128052, "train/presicion_label_\u3042\u3044\u3065\u3061": 0.9576094746589661, "train/recall_label_\u3042\u3044\u3065\u3061": 0.9971056580543518, "train/f1score_label_\u3042\u3044\u3065\u3061": 0.9769585132598877, "train/accuracy_label_\u611f\u5fc3": 0.16723549365997314, "train/presicion_label_\u611f\u5fc3": 0.0, "train/recall_label_\u611f\u5fc3": 0.0, "train/f1score_label_\u611f\u5fc3": 0.0, "train/accuracy_label_\u8a55\u4fa1": 0.6832764744758606, "train/presicion_label_\u8a55\u4fa1": 0.5438144207000732, "train/recall_label_\u8a55\u4fa1": 0.7932330965995789, "train/f1score_label_\u8a55\u4fa1": 0.6452599167823792, "train/accuracy_label_\u7e70\u308a\u8fd4\u3057\u5fdc\u7b54": 0.7228668928146362, "train/presicion_label_\u7e70\u308a\u8fd4\u3057\u5fdc\u7b54": 0.6971830725669861, "train/recall_label_\u7e70\u308a\u8fd4\u3057\u5fdc\u7b54": 0.9274004697799683, "train/f1score_label_\u7e70\u308a\u8fd4\u3057\u5fdc\u7b54": 0.795979917049408, "train/accuracy_label_\u540c\u610f": 0.6614334583282471, "train/presicion_label_\u540c\u610f": 0.30882352590560913, "train/recall_label_\u540c\u610f": 0.04468085244297981, "train/f1score_label_\u540c\u610f": 0.07806691527366638, "train/accuracy_label_\u7d0d\u5f97": 0.7037542462348938, "train/presicion_label_\u7d0d\u5f97": 0.4981818199157715, "train/recall_label_\u7d0d\u5f97": 0.6342592835426331, "train/f1score_label_\u7d0d\u5f97": 0.5580447912216187, "train/accuracy_label_\u9a5a\u304d": 0.737883985042572, "train/presicion_label_\u9a5a\u304d": 0.2804878056049347, "train/recall_label_\u9a5a\u304d": 0.14743590354919434, "train/f1score_label_\u9a5a\u304d": 0.19327731430530548, "train/accuracy_label_\u8a00\u3044\u63db\u3048": 0.9658703207969666, "train/presicion_label_\u8a00\u3044\u63db\u3048": 0.0, "train/recall_label_\u8a00\u3044\u63db\u3048": 0.0, "train/f1score_label_\u8a00\u3044\u63db\u3048": 0.0, "train/accuracy_label_\u610f\u898b": 0.8614334464073181, "train/presicion_label_\u610f\u898b": 0.0, "train/recall_label_\u610f\u898b": 0.0, "train/f1score_label_\u610f\u898b": 0.0, "train/accuracy_label_\u8003\u3048\u3066\u3044\u308b\u6700\u4e2d": 0.914675772190094, "train/presicion_label_\u8003\u3048\u3066\u3044\u308b\u6700\u4e2d": 0.0, "train/recall_label_\u8003\u3048\u3066\u3044\u308b\u6700\u4e2d": 0.0, "train/f1score_label_\u8003\u3048\u3066\u3044\u308b\u6700\u4e2d": 0.0, "train/accuracy_label_\u4e0d\u540c\u610f": 0.8395904302597046, "train/presicion_label_\u4e0d\u540c\u610f": 0.06818182021379471, "train/recall_label_\u4e0d\u540c\u610f": 0.14457830786705017, "train/f1score_label_\u4e0d\u540c\u610f": 0.09266409277915955, "train/accuracy_label_\u88dc\u5b8c": 0.7877132892608643, "train/presicion_label_\u88dc\u5b8c": 0.35849055647850037, "train/recall_label_\u88dc\u5b8c": 0.2142857164144516, "train/f1score_label_\u88dc\u5b8c": 0.26823529601097107, "train/accuracy_label_\u3042\u3044\u3055\u3064": 0.9249146580696106, "train/presicion_label_\u3042\u3044\u3055\u3064": 0.09589041024446487, "train/recall_label_\u3042\u3044\u3055\u3064": 0.13725490868091583, "train/f1score_label_\u3042\u3044\u3055\u3064": 0.11290322244167328, "train/accuracy_label_\u60f3\u8d77": 0.8948805332183838, "train/presicion_label_\u60f3\u8d77": 0.03496503457427025, "train/recall_label_\u60f3\u8d77": 0.2380952388048172, "train/f1score_label_\u60f3\u8d77": 0.060975611209869385, "train/accuracy_label_\u9a5a\u304d\u3068\u3044\u3076\u304b\u308a": 0.9679180979728699, "train/presicion_label_\u9a5a\u304d\u3068\u3044\u3076\u304b\u308a": 0.05263157933950424, "train/recall_label_\u9a5a\u304d\u3068\u3044\u3076\u304b\u308a": 0.1538461595773697, "train/f1score_label_\u9a5a\u304d\u3068\u3044\u3076\u304b\u308a": 0.0784313753247261, "train/accuracy_label_\u305d\u306e\u4ed6": 0.6457337737083435,