{"test/recall_label_不同意":0,"test/accuracy_label_補完":0.8217898607254028,"test/recall_label_言い換え":0,"test/f1score_label_想起":0,"test/f1score_label_補完":0.004347825888544321,"test/accuracy_label_不同意":0.9455252885818481,"test/recall_label_納得":0.0011695906287059188,"test/presicion_label_驚き":0.4819277226924896,"test/presicion_label_意見":0,"test/presicion_label_不同意":0,"test/f1score_label_意見":0,"test/presicion_label_言い換え":0,"test/recall_label_驚き":0.06677796691656113,"test/accuracy_label_あいさつ":0.9630350470542908,"_step":0,"epoch":0,"test/recall_label_考えている最中":0,"test/multilabelaccuracy":0.8367704153060913,"test/f1score_label_納得":0.0023310023825615644,"test/accuracy_label_言い換え":1,"test/accuracy_label_意見":0.8392996191978455,"test/accuracy_label_想起":0.9910506010055542,"test/presicion_label_驚きといぶかり":0,"test/accuracy_label_繰り返し応答":0.6801556348800659,"test/recall_label_想起":0,"test/f1score_label_その他":0.032290615141391754,"test/presicion_label_あいさつ":0,"test/f1score_label_あいづち":0.9833860993385315,"test/accuracy_label_納得":0.6669260859489441,"test/f1score_label_評価":0.5210688710212708,"test/multilabelprecision":0.37366679310798645,"test/recall_label_同意":0.012101209722459316,"test/presicion_label_補完":0.5,"test/accuracy_label_あいづち":0.9673151969909668,"test/accuracy_label_驚き":0.765758752822876,"test/f1score_label_驚き":0.1173020526766777,"test/presicion_label_同意":0.7333333492279053,"test/recall_label_感心":0.9991586208343506,"test/presicion_label_評価":0.5620842576026917,"test/accuracy_label_同意":0.6490272283554077,"test/f1score_label_同意":0.02380952425301075,"test/presicion_label_考えている最中":0,"test/f1score_label_繰り返し応答":0.7904130816459656,"test_loss":1.0241971015930176,"test/presicion_label_あいづち":0.9673151969909668,"test/multilabelrecall":0.21740230917930603,"test/accuracy_label_感心":0.9307392835617065,"test/accuracy_label_考えている最中":0.9105058312416077,"test/recall_label_その他":0.01649484597146511,"_timestamp":1.726430248780045e+09,"test/recall_label_意見":0,"test/accuracy_label_その他":0.6268482208251953,"test/f1score_label_驚きといぶかり":0,"test/accuracy_label_評価":0.6373540759086609,"test/multilabelmatthewscorrcoef":0.5915955305099487,"test/multilabelf1score":0.2149268239736557,"test/f1score_label_言い換え":0,"trainer/global_step":0,"test/recall_label_あいづち":1,"test/accuracy_label_驚きといぶかり":0.992996096611023,"test/f1score_label_あいさつ":0,"test/presicion_label_想起":0,"_runtime":37.451413847,"test/recall_label_あいさつ":0,"test/recall_label_評価":0.48563218116760254,"test/f1score_label_感心":0.9638798832893372,"test/presicion_label_繰り返し応答":0.7077625393867493,"test/recall_label_補完":0.0021834061481058598,"test/f1score_label_考えている最中":0,"test/recall_label_繰り返し応答":0.8949191570281982,"test/presicion_label_納得":0.3333333432674408,"test/presicion_label_感心":0.931007444858551,"test/presicion_label_その他":0.761904776096344,"_wandb":{"runtime":39},"test/recall_label_驚きといぶかり":0,"test/f1score_label_不同意":0}