{"val_loss": 0.15016983449459076, "val/multilabelaccuracy": 0.7203677892684937, "val/multilabelprecision": 0.37358957529067993, "val/multilabelrecall": 0.4657142162322998, "val/multilabelf1score": 0.41076773405075073, "val/multilabelmatthewscorrcoef": 0.4507066011428833, "val/accuracy_label_\u3042\u3044\u3065\u3061": 0.9536784887313843, "val/presicion_label_\u3042\u3044\u3065\u3061": 0.9551820755004883, "val/recall_label_\u3042\u3044\u3065\u3061": 0.9970760345458984, "val/f1score_label_\u3042\u3044\u3065\u3061": 0.9756795167922974, "val/accuracy_label_\u611f\u5fc3": 0.8937329649925232, "val/presicion_label_\u611f\u5fc3": 0.9029411673545837, "val/recall_label_\u611f\u5fc3": 0.9808306694030762, "val/f1score_label_\u611f\u5fc3": 0.9402756690979004, "val/accuracy_label_\u8a55\u4fa1": 0.5858310461044312, "val/presicion_label_\u8a55\u4fa1": 0.4585152864456177, "val/recall_label_\u8a55\u4fa1": 0.7894737124443054, "val/f1score_label_\u8a55\u4fa1": 0.580110490322113, "val/accuracy_label_\u7e70\u308a\u8fd4\u3057\u5fdc\u7b54": 0.7002725005149841, "val/presicion_label_\u7e70\u308a\u8fd4\u3057\u5fdc\u7b54": 0.6720778942108154, "val/recall_label_\u7e70\u308a\u8fd4\u3057\u5fdc\u7b54": 0.9583333134651184, "val/f1score_label_\u7e70\u308a\u8fd4\u3057\u5fdc\u7b54": 0.7900763154029846, "val/accuracy_label_\u540c\u610f": 0.6430517435073853, "val/presicion_label_\u540c\u610f": 0.0, "val/recall_label_\u540c\u610f": 0.0, "val/f1score_label_\u540c\u610f": 0.0, "val/accuracy_label_\u7d0d\u5f97": 0.7002725005149841, "val/presicion_label_\u7d0d\u5f97": 0.0, "val/recall_label_\u7d0d\u5f97": 0.0, "val/f1score_label_\u7d0d\u5f97": 0.0, "val/accuracy_label_\u9a5a\u304d": 0.7929155230522156, "val/presicion_label_\u9a5a\u304d": 0.0, "val/recall_label_\u9a5a\u304d": 0.0, "val/f1score_label_\u9a5a\u304d": 0.0, "val/accuracy_label_\u8a00\u3044\u63db\u3048": 0.4931880235671997, "val/presicion_label_\u8a00\u3044\u63db\u3048": 0.0, "val/recall_label_\u8a00\u3044\u63db\u3048": 0.0, "val/f1score_label_\u8a00\u3044\u63db\u3048": 0.0, "epoch": 4, "trainer/global_step": 184, "_timestamp": 1705461143.1726003, "_runtime": 97.46397018432617, "_step": 11, "train_loss": 0.1519664227962494, "train/multilabelaccuracy": 0.7211800813674927, "train/multilabelprecision": 0.4612564444541931, "train/multilabelrecall": 0.46359559893608093, "train/multilabelf1score": 0.4211454689502716, "train/multilabelmatthewscorrcoef": 0.45195695757865906, "train/accuracy_label_\u3042\u3044\u3065\u3061": 0.9556616544723511, "train/presicion_label_\u3042\u3044\u3065\u3061": 0.956944465637207, "train/recall_label_\u3042\u3044\u3065\u3061": 0.9978276491165161, "train/f1score_label_\u3042\u3044\u3065\u3061": 0.9769585132598877, "train/accuracy_label_\u611f\u5fc3": 0.8540245294570923, "train/presicion_label_\u611f\u5fc3": 0.8605149984359741, "train/recall_label_\u611f\u5fc3": 0.9844517111778259, "train/f1score_label_\u611f\u5fc3": 0.9183205962181091, "train/accuracy_label_\u8a55\u4fa1": 0.6603001356124878, "train/presicion_label_\u8a55\u4fa1": 0.5205091834068298, "train/recall_label_\u8a55\u4fa1": 0.6982921957969666, "train/f1score_label_\u8a55\u4fa1": 0.5964343547821045, "train/accuracy_label_\u7e70\u308a\u8fd4\u3057\u5fdc\u7b54": 0.6746248006820679, "train/presicion_label_\u7e70\u308a\u8fd4\u3057\u5fdc\u7b54": 0.6455894112586975, "train/recall_label_\u7e70\u308a\u8fd4\u3057\u5fdc\u7b54": 0.9729411602020264, "train/f1score_label_\u7e70\u308a\u8fd4\u3057\u5fdc\u7b54": 0.7761614322662354, "train/accuracy_label_\u540c\u610f": 0.6732605695724487, "train/presicion_label_\u540c\u610f": 0.3636363744735718, "train/recall_label_\u540c\u610f": 0.016913319006562233, "train/f1score_label_\u540c\u610f": 0.03232323378324509, "train/accuracy_label_\u7d0d\u5f97": 0.7012278437614441, "train/presicion_label_\u7d0d\u5f97": 0.0, "train/recall_label_\u7d0d\u5f97": 0.0, "train/f1score_label_\u7d0d\u5f97": 0.0, "train/accuracy_label_\u9a5a\u304d": 0.7789904475212097, "train/presicion_label_\u9a5a\u304d": 0.34285715222358704, "train/recall_label_\u9a5a\u304d": 0.03833865746855736, "train/f1score_label_\u9a5a\u304d": 0.06896551698446274, "train/accuracy_label_\u8a00\u3044\u63db\u3048": 0.47135061025619507, "train/presicion_label_\u8a00\u3044\u63db\u3048": 0.0, "train/recall_label_\u8a00\u3044\u63db\u3048": 0.0, "train/f1score_label_\u8a00\u3044\u63db\u3048": 0.0, "train/loss": 0.1474277228116989, "test_loss": 0.15000884234905243, "test/multilabelaccuracy": 0.7166149020195007, "test/multilabelprecision": 0.37104058265686035, "test/multilabelrecall": 0.4683663249015808, "test/multilabelf1score": 0.408949077129364, "test/multilabelmatthewscorrcoef": 0.44065600633621216, "test/accuracy_label_\u3042\u3044\u3065\u3061": 0.9503105878829956, "test/presicion_label_\u3042\u3044\u3065\u3061": 0.955974817276001, "test/recall_label_\u3042\u3044\u3065\u3061": 0.9934640526771545, "test/f1score_label_\u3042\u3044\u3065\u3061": 0.9743589758872986, "test/accuracy_label_\u611f\u5fc3": 0.8664596080780029, "test/presicion_label_\u611f\u5fc3": 0.8963210582733154, "test/recall_label_\u611f\u5fc3": 0.9571428298950195, "test/f1score_label_\u611f\u5fc3": 0.9257340431213379, "test/accuracy_label_\u8a55\u4fa1": 0.5279502868652344, "test/presicion_label_\u8a55\u4fa1": 0.43421053886413574, "test/recall_label_\u8a55\u4fa1": 0.811475396156311, "test/f1score_label_\u8a55\u4fa1": 0.5657142996788025, "test/accuracy_label_\u7e70\u308a\u8fd4\u3057\u5fdc\u7b54": 0.7080745100975037, "test/presicion_label_\u7e70\u308a\u8fd4\u3057\u5fdc\u7b54": 0.6818181872367859, "test/recall_label_\u7e70\u308a\u8fd4\u3057\u5fdc\u7b54": 0.9848484992980957, "test/f1score_label_\u7e70\u308a\u8fd4\u3057\u5fdc\u7b54": 0.8057851195335388, "test/accuracy_label_\u540c\u610f": 0.6801242232322693, "test/presicion_label_\u540c\u610f": 0.0, "test/recall_label_\u540c\u610f": 0.0, "test/f1score_label_\u540c\u610f": 0.0, "test/accuracy_label_\u7d0d\u5f97": 0.6397515535354614, "test/presicion_label_\u7d0d\u5f97": 0.0, "test/recall_label_\u7d0d\u5f97": 0.0, "test/f1score_label_\u7d0d\u5f97": 0.0, "test/accuracy_label_\u9a5a\u304d": 0.8540372848510742, "test/presicion_label_\u9a5a\u304d": 0.0, "test/recall_label_\u9a5a\u304d": 0.0, "test/f1score_label_\u9a5a\u304d": 0.0, "test/accuracy_label_\u8a00\u3044\u63db\u3048": 0.5062111616134644, "test/presicion_label_\u8a00\u3044\u63db\u3048": 0.0, "test/recall_label_\u8a00\u3044\u63db\u3048": 0.0, "test/f1score_label_\u8a00\u3044\u63db\u3048": 0.0, "_wandb": {"runtime": 97}}