{"train/loss": 0.6777048110961914, "epoch": 4, "trainer/global_step": 1860, "_timestamp": 1704857820.165709, "_runtime": 864.8285150527954, "_step": 45, "val_loss": 0.6844143271446228, "val/multilabelaccuracy": 0.8843253254890442, "val/multilabelprecision": 0.0863548070192337, "val/multilabelrecall": 0.1105012446641922, "val/multilabelf1score": 0.09694711863994598, "val/multilabelmatthewscorrcoef": 0.5035386681556702, "val/accuracy_label_\u3042\u3044\u3065\u3061": 0.6673848628997803, "val/presicion_label_\u3042\u3044\u3065\u3061": 0.6908384561538696, "val/recall_label_\u3042\u3044\u3065\u3061": 0.8840099573135376, "val/f1score_label_\u3042\u3044\u3065\u3061": 0.7755769491195679, "val/accuracy_label_\u611f\u5fc3": 0.7005116939544678, "val/presicion_label_\u611f\u5fc3": 0.0, "val/recall_label_\u611f\u5fc3": 0.0, "val/f1score_label_\u611f\u5fc3": 0.0, "val/accuracy_label_\u8a55\u4fa1": 0.957177460193634, "val/presicion_label_\u8a55\u4fa1": 0.0, "val/recall_label_\u8a55\u4fa1": 0.0, "val/f1score_label_\u8a55\u4fa1": 0.0, "val/accuracy_label_\u7e70\u308a\u8fd4\u3057\u5fdc\u7b54": 0.9240506291389465, "val/presicion_label_\u7e70\u308a\u8fd4\u3057\u5fdc\u7b54": 0.0, "val/recall_label_\u7e70\u308a\u8fd4\u3057\u5fdc\u7b54": 0.0, "val/f1score_label_\u7e70\u308a\u8fd4\u3057\u5fdc\u7b54": 0.0, "val/accuracy_label_\u540c\u610f": 0.9539455771446228, "val/presicion_label_\u540c\u610f": 0.0, "val/recall_label_\u540c\u610f": 0.0, "val/f1score_label_\u540c\u610f": 0.0, "val/accuracy_label_\u7d0d\u5f97": 0.9711823463439941, "val/presicion_label_\u7d0d\u5f97": 0.0, "val/recall_label_\u7d0d\u5f97": 0.0, "val/f1score_label_\u7d0d\u5f97": 0.0, "val/accuracy_label_\u9a5a\u304d": 0.9709129929542542, "val/presicion_label_\u9a5a\u304d": 0.0, "val/recall_label_\u9a5a\u304d": 0.0, "val/f1score_label_\u9a5a\u304d": 0.0, "val/accuracy_label_\u305d\u306e\u4ed6": 0.9294371008872986, "val/presicion_label_\u305d\u306e\u4ed6": 0.0, "val/recall_label_\u305d\u306e\u4ed6": 0.0, "val/f1score_label_\u305d\u306e\u4ed6": 0.0, "train_loss": 0.6847215294837952, "train/multilabelaccuracy": 0.8796969652175903, "train/multilabelprecision": 0.17458149790763855, "train/multilabelrecall": 0.11707769334316254, "train/multilabelf1score": 0.1111728698015213, "train/multilabelmatthewscorrcoef": 0.48357707262039185, "train/accuracy_label_\u3042\u3044\u3065\u3061": 0.6651852130889893, "train/presicion_label_\u3042\u3044\u3065\u3061": 0.6976468563079834, "train/recall_label_\u3042\u3044\u3065\u3061": 0.8548018932342529, "train/f1score_label_\u3042\u3044\u3065\u3061": 0.768269956111908, "train/accuracy_label_\u611f\u5fc3": 0.7019528746604919, "train/presicion_label_\u611f\u5fc3": 0.3333333432674408, "train/recall_label_\u611f\u5fc3": 0.00022598869691137224, "train/f1score_label_\u611f\u5fc3": 0.0004516711924225092, "train/accuracy_label_\u8a55\u4fa1": 0.9551514983177185, "train/presicion_label_\u8a55\u4fa1": 0.0555555559694767, "train/recall_label_\u8a55\u4fa1": 0.0031545741949230433, "train/f1score_label_\u8a55\u4fa1": 0.005970149300992489, "train/accuracy_label_\u7e70\u308a\u8fd4\u3057\u5fdc\u7b54": 0.9235690236091614, "train/presicion_label_\u7e70\u308a\u8fd4\u3057\u5fdc\u7b54": 0.0, "train/recall_label_\u7e70\u308a\u8fd4\u3057\u5fdc\u7b54": 0.0, "train/f1score_label_\u7e70\u308a\u8fd4\u3057\u5fdc\u7b54": 0.0, "train/accuracy_label_\u540c\u610f": 0.9426935911178589, "train/presicion_label_\u540c\u610f": 0.10625000298023224, "train/recall_label_\u540c\u610f": 0.0234482754021883, "train/f1score_label_\u540c\u610f": 0.038418080657720566, "train/accuracy_label_\u7d0d\u5f97": 0.9580471515655518, "train/presicion_label_\u7d0d\u5f97": 0.06324110925197601, "train/recall_label_\u7d0d\u5f97": 0.03980099409818649, "train/f1score_label_\u7d0d\u5f97": 0.04885496199131012, "train/accuracy_label_\u9a5a\u304d": 0.9769697189331055, "train/presicion_label_\u9a5a\u304d": 0.0, "train/recall_label_\u9a5a\u304d": 0.0, "train/f1score_label_\u9a5a\u304d": 0.0, "train/accuracy_label_\u305d\u306e\u4ed6": 0.9140067100524902, "train/presicion_label_\u305d\u306e\u4ed6": 0.140625, "train/recall_label_\u305d\u306e\u4ed6": 0.015189873054623604, "train/f1score_label_\u305d\u306e\u4ed6": 0.02741812728345394, "test_loss": 0.6859068870544434, "test/multilabelaccuracy": 0.8848850131034851, "test/multilabelprecision": 0.08335398882627487, "test/multilabelrecall": 0.11205843091011047, "test/multilabelf1score": 0.09559798985719681, "test/multilabelmatthewscorrcoef": 0.4973749816417694, "_wandb": {"runtime": 865}}