{"train/loss": 0.6322351098060608, "epoch": 8, "trainer/global_step": 1472, "_timestamp": 1705562763.9066086, "_runtime": 211.587548494339, "_step": 45, "val_loss": 0.6370464563369751, "val/multilabelaccuracy": 0.8005790114402771, "val/multilabelprecision": 0.25407281517982483, "val/multilabelrecall": 0.41199439764022827, "val/multilabelf1score": 0.2972424626350403, "val/multilabelmatthewscorrcoef": 0.5368288159370422, "val/accuracy_label_\u3042\u3044\u3065\u3061": 0.9482288956642151, "val/presicion_label_\u3042\u3044\u3065\u3061": 0.9470751881599426, "val/recall_label_\u3042\u3044\u3065\u3061": 1.0, "val/f1score_label_\u3042\u3044\u3065\u3061": 0.9728183150291443, "val/accuracy_label_\u611f\u5fc3": 0.8855586051940918, "val/presicion_label_\u611f\u5fc3": 0.882022500038147, "val/recall_label_\u611f\u5fc3": 1.0, "val/f1score_label_\u611f\u5fc3": 0.937313437461853, "val/accuracy_label_\u8a55\u4fa1": 0.583106279373169, "val/presicion_label_\u8a55\u4fa1": 0.4449339210987091, "val/recall_label_\u8a55\u4fa1": 0.7890625, "val/f1score_label_\u8a55\u4fa1": 0.5690140724182129, "val/accuracy_label_\u7e70\u308a\u8fd4\u3057\u5fdc\u7b54": 0.6866484880447388, "val/presicion_label_\u7e70\u308a\u8fd4\u3057\u5fdc\u7b54": 0.6528662443161011, "val/recall_label_\u7e70\u308a\u8fd4\u3057\u5fdc\u7b54": 0.971563994884491, "val/f1score_label_\u7e70\u308a\u8fd4\u3057\u5fdc\u7b54": 0.7809523940086365, "val/accuracy_label_\u540c\u610f": 0.6485013365745544, "val/presicion_label_\u540c\u610f": 0.5102040767669678, "val/recall_label_\u540c\u610f": 0.7518796920776367, "val/f1score_label_\u540c\u610f": 0.6079027652740479, "val/accuracy_label_\u7d0d\u5f97": 0.6948229074478149, "val/presicion_label_\u7d0d\u5f97": 0.0, "val/recall_label_\u7d0d\u5f97": 0.0, "val/f1score_label_\u7d0d\u5f97": 0.0, "val/accuracy_label_\u9a5a\u304d": 0.7901907563209534, "val/presicion_label_\u9a5a\u304d": 0.0, "val/recall_label_\u9a5a\u304d": 0.0, "val/f1score_label_\u9a5a\u304d": 0.0, "val/accuracy_label_\u8a00\u3044\u63db\u3048": 0.9836512207984924, "val/presicion_label_\u8a00\u3044\u63db\u3048": 0.0, "val/recall_label_\u8a00\u3044\u63db\u3048": 0.0, "val/f1score_label_\u8a00\u3044\u63db\u3048": 0.0, "val/accuracy_label_\u610f\u898b": 0.5095368027687073, "val/presicion_label_\u610f\u898b": 0.16915422677993774, "val/recall_label_\u610f\u898b": 0.7234042286872864, "val/f1score_label_\u610f\u898b": 0.27419355511665344, "val/accuracy_label_\u8003\u3048\u3066\u3044\u308b\u6700\u4e2d": 0.9346048831939697, "val/presicion_label_\u8003\u3048\u3066\u3044\u308b\u6700\u4e2d": 0.0, "val/recall_label_\u8003\u3048\u3066\u3044\u308b\u6700\u4e2d": 0.0, "val/f1score_label_\u8003\u3048\u3066\u3044\u308b\u6700\u4e2d": 0.0, "val/accuracy_label_\u4e0d\u540c\u610f": 0.9536784887313843, "val/presicion_label_\u4e0d\u540c\u610f": 0.0, "val/recall_label_\u4e0d\u540c\u610f": 0.0, "val/f1score_label_\u4e0d\u540c\u610f": 0.0, "val/accuracy_label_\u88dc\u5b8c": 0.8228882551193237, "val/presicion_label_\u88dc\u5b8c": 0.0, "val/recall_label_\u88dc\u5b8c": 0.0, "val/f1score_label_\u88dc\u5b8c": 0.0, "val/accuracy_label_\u3042\u3044\u3055\u3064": 0.9700272679328918, "val/presicion_label_\u3042\u3044\u3055\u3064": 0.0, "val/recall_label_\u3042\u3044\u3055\u3064": 0.0, "val/f1score_label_\u3042\u3044\u3055\u3064": 0.0, "val/accuracy_label_\u60f3\u8d77": 0.9945504069328308, "val/presicion_label_\u60f3\u8d77": 0.0, "val/recall_label_\u60f3\u8d77": 0.0, "val/f1score_label_\u60f3\u8d77": 0.0, "val/accuracy_label_\u9a5a\u304d\u3068\u3044\u3076\u304b\u308a": 0.8174387216567993, "val/presicion_label_\u9a5a\u304d\u3068\u3044\u3076\u304b\u308a": 0.014925372786819935, "val/recall_label_\u9a5a\u304d\u3068\u3044\u3076\u304b\u308a": 0.5, "val/f1score_label_\u9a5a\u304d\u3068\u3044\u3076\u304b\u308a": 0.028985507786273956, "val/accuracy_label_\u305d\u306e\u4ed6": 0.5858310461044312, "val/presicion_label_\u305d\u306e\u4ed6": 0.44398340582847595, "val/recall_label_\u305d\u306e\u4ed6": 0.8560000061988831, "val/f1score_label_\u305d\u306e\u4ed6": 0.5846994519233704, "train_loss": 0.637269139289856, "train/multilabelaccuracy": 0.7637372016906738, "train/multilabelprecision": 0.31252607703208923, "train/multilabelrecall": 0.4364503026008606, "train/multilabelf1score": 0.31682318449020386, "train/multilabelmatthewscorrcoef": 0.48951682448387146, "train/accuracy_label_\u3042\u3044\u3065\u3061": 0.9590443968772888, "train/presicion_label_\u3042\u3044\u3065\u3061": 0.9596661925315857, "train/recall_label_\u3042\u3044\u3065\u3061": 0.9985527992248535, "train/f1score_label_\u3042\u3044\u3065\u3061": 0.978723406791687, "train/accuracy_label_\u611f\u5fc3": 0.849829375743866, "train/presicion_label_\u611f\u5fc3": 0.848675012588501, "train/recall_label_\u611f\u5fc3": 0.9975410103797913, "train/f1score_label_\u611f\u5fc3": 0.9171062707901001, "train/accuracy_label_\u8a55\u4fa1": 0.6122866868972778, "train/presicion_label_\u8a55\u4fa1": 0.48245614767074585, "train/recall_label_\u8a55\u4fa1": 0.9304511547088623, "train/f1score_label_\u8a55\u4fa1": 0.6354300379753113, "train/accuracy_label_\u7e70\u308a\u8fd4\u3057\u5fdc\u7b54": 0.679863452911377, "train/presicion_label_\u7e70\u308a\u8fd4\u3057\u5fdc\u7b54": 0.6477360129356384, "train/recall_label_\u7e70\u308a\u8fd4\u3057\u5fdc\u7b54": 0.9882903695106506, "train/f1score_label_\u7e70\u308a\u8fd4\u3057\u5fdc\u7b54": 0.7825683951377869, "train/accuracy_label_\u540c\u610f": 0.6143344640731812, "train/presicion_label_\u540c\u610f": 0.45067498087882996, "train/recall_label_\u540c\u610f": 0.9234042763710022, "train/f1score_label_\u540c\u610f": 0.6057222485542297, "train/accuracy_label_\u7d0d\u5f97": 0.7044368386268616, "train/presicion_label_\u7d0d\u5f97": 0.0, "train/recall_label_\u7d0d\u5f97": 0.0, "train/f1score_label_\u7d0d\u5f97": 0.0, "train/accuracy_label_\u9a5a\u304d": 0.7863481044769287, "train/presicion_label_\u9a5a\u304d": 0.4285714328289032, "train/recall_label_\u9a5a\u304d": 0.009615384973585606, "train/f1score_label_\u9a5a\u304d": 0.018808776512742043, "train/accuracy_label_\u8a00\u3044\u63db\u3048": 0.7208191156387329, "train/presicion_label_\u8a00\u3044\u63db\u3048": 0.0, "train/recall_label_\u8a00\u3044\u63db\u3048": 0.0, "train/f1score_label_\u8a00\u3044\u63db\u3048": 0.0, "train/accuracy_label_\u610f\u898b": 0.5829351544380188, "train/presicion_label_\u610f\u898b": 0.20434781908988953, "train/recall_label_\u610f\u898b": 0.6945812702178955, "train/f1score_label_\u610f\u898b": 0.31578946113586426, "train/accuracy_label_\u8003\u3048\u3066\u3044\u308b\u6700\u4e2d": 0.9139931797981262, "train/presicion_label_\u8003\u3048\u3066\u3044\u308b\u6700\u4e2d": 0.0, "train/recall_label_\u8003\u3048\u3066\u3044\u308b\u6700\u4e2d": 0.0, "train/f1score_label_\u8003\u3048\u3066\u3044\u308b\u6700\u4e2d": 0.0, "train/accuracy_label_\u4e0d\u540c\u610f": 0.894197940826416, "train/presicion_label_\u4e0d\u540c\u610f": 0.0714285746216774, "train/recall_label_\u4e0d\u540c\u610f": 0.07228915393352509, "train/f1score_label_\u4e0d\u540c\u610f": 0.071856290102005, "train/accuracy_label_\u88dc\u5b8c": 0.8156996369361877, "train/presicion_label_\u88dc\u5b8c": 0.44999998807907104, "train/recall_label_\u88dc\u5b8c": 0.06766917556524277, "train/f1score_label_\u88dc\u5b8c": 0.11764705926179886, "train/accuracy_label_\u3042\u3044\u3055\u3064": 0.956313967704773, "train/presicion_label_\u3042\u3044\u3055\u3064": 0.0, "train/recall_label_\u3042\u3044\u3055\u3064": 0.0, "train/f1score_label_\u3042\u3044\u3055\u3064": 0.0, "train/accuracy_label_\u60f3\u8d77": 0.8627986311912537, "train/presicion_label_\u60f3\u8d77": 0.010869565419852734, "train/recall_label_\u60f3\u8d77": 0.095238097012043,