{"val_loss": 0.6889698505401611, "val/multilabelaccuracy": 0.939939022064209, "val/multilabelprecision": 0.042073171585798264, "val/multilabelrecall": 0.0625, "val/multilabelf1score": 0.05029154568910599, "val/multilabelmatthewscorrcoef": 0.5567284822463989, "epoch": 3, "trainer/global_step": 103, "_timestamp": 1701926055.1519127, "_runtime": 178.66659665107727, "_step": 9, "train_loss": 0.6897048354148865, "train/multilabelaccuracy": 0.9316239356994629, "train/multilabelprecision": 0.07131410390138626, "train/multilabelrecall": 0.06524413824081421, "train/multilabelf1score": 0.05334300920367241, "train/multilabelmatthewscorrcoef": 0.5063111782073975, "train/accuracy_label_0": 0.6410256624221802, "train/presicion_label_0": 0.6410256624221802, "train/recall_label_0": 1.0, "train/f1score_label_0": 0.78125, "train/accuracy_label_1": 0.6862027049064636, "train/presicion_label_1": 0.3333333432674408, "train/recall_label_1": 0.00390625, "train/f1score_label_1": 0.0077220075763762, "train/accuracy_label_2": 0.9181929230690002, "train/presicion_label_2": 0.0, "train/recall_label_2": 0.0, "train/f1score_label_2": 0.0, "train/accuracy_label_3": 0.949938952922821, "train/presicion_label_3": 0.0, "train/recall_label_3": 0.0, "train/f1score_label_3": 0.0, "train/accuracy_label_4": 0.9157509207725525, "train/presicion_label_4": 0.0, "train/recall_label_4": 0.0, "train/f1score_label_4": 0.0, "train/accuracy_label_5": 0.9597069621086121, "train/presicion_label_5": 0.0, "train/recall_label_5": 0.0, "train/f1score_label_5": 0.0, "train/accuracy_label_6": 0.9645909667015076, "train/presicion_label_6": 0.1666666716337204, "train/recall_label_6": 0.03999999910593033, "train/f1score_label_6": 0.06451612710952759, "train/accuracy_label_7": 0.9975579977035522, "train/presicion_label_7": 0.0, "train/recall_label_7": 0.0, "train/f1score_label_7": 0.0, "train/accuracy_label_8": 0.9829059839248657, "train/presicion_label_8": 0.0, "train/recall_label_8": 0.0, "train/f1score_label_8": 0.0, "train/accuracy_label_9": 0.990231990814209, "train/presicion_label_9": 0.0, "train/recall_label_9": 0.0, "train/f1score_label_9": 0.0, "train/accuracy_label_10": 0.9877899885177612, "train/presicion_label_10": 0.0, "train/recall_label_10": 0.0, "train/f1score_label_10": 0.0, "train/accuracy_label_11": 0.9865689873695374, "train/presicion_label_11": 0.0, "train/recall_label_11": 0.0, "train/f1score_label_11": 0.0, "train/accuracy_label_12": 0.990231990814209, "train/presicion_label_12": 0.0, "train/recall_label_12": 0.0, "train/f1score_label_12": 0.0, "train/accuracy_label_13": 0.9975579977035522, "train/presicion_label_13": 0.0, "train/recall_label_13": 0.0, "train/f1score_label_13": 0.0, "train/accuracy_label_14": 0.9951159954071045, "train/presicion_label_14": 0.0, "train/recall_label_14": 0.0, "train/f1score_label_14": 0.0, "train/accuracy_label_15": 0.9426129460334778, "train/presicion_label_15": 0.0, "train/recall_label_15": 0.0, "train/f1score_label_15": 0.0, "train/loss": 0.6885429620742798, "_wandb": {"runtime": 183}}