{"val_loss": 0.9141023755073547, "epoch": 1, "trainer/global_step": 15, "_timestamp": 1687922829.2050765, "_runtime": 957.7990653514862, "_step": 1, "_wandb": {"runtime": 967}}