{"val_loss": 0.6885260343551636, "val/multilabelaccuracy": 0.9393292665481567, "val/multilabelprecision": 0.636734664440155, "val/multilabelrecall": 0.5864661931991577, "val/multilabelf1score": 0.6105675101280212, "val/multilabelmatthewscorrcoef": 0.5783042311668396, "epoch": 3, "trainer/global_step": 103, "_timestamp": 1701921357.1426642, "_runtime": 166.9470591545105, "_step": 9, "train_loss": 0.6889681220054626, "train/multilabelaccuracy": 0.9321581125259399, "train/multilabelprecision": 0.585629940032959, "train/multilabelrecall": 0.5597366094589233, "train/multilabelf1score": 0.5723905563354492, "train/multilabelmatthewscorrcoef": 0.5357288718223572, "train/accuracy_label_0": 0.642246663570404, "train/presicion_label_0": 0.6418092846870422, "train/recall_label_0": 1.0, "train/f1score_label_0": 0.7818317413330078, "train/accuracy_label_1": 0.6837607026100159, "train/presicion_label_1": 0.4888888895511627, "train/recall_label_1": 0.2578125, "train/f1score_label_1": 0.3375959098339081, "train/accuracy_label_2": 0.9218559265136719, "train/presicion_label_2": 0.0, "train/recall_label_2": 0.0, "train/f1score_label_2": 0.0, "train/accuracy_label_3": 0.9597069621086121, "train/presicion_label_3": 0.0, "train/recall_label_3": 0.0, "train/f1score_label_3": 0.0, "train/accuracy_label_4": 0.9096459150314331, "train/presicion_label_4": 0.25, "train/recall_label_4": 0.04411764815449715, "train/f1score_label_4": 0.07500000298023224, "train/accuracy_label_5": 0.9609279632568359, "train/presicion_label_5": 0.1666666716337204, "train/recall_label_5": 0.0357142873108387, "train/f1score_label_5": 0.05882352963089943, "train/accuracy_label_6": 0.9682539701461792, "train/presicion_label_6": 0.0, "train/recall_label_6": 0.0, "train/f1score_label_6": 0.0, "train/accuracy_label_7": 1.0, "train/presicion_label_7": 0.0, "train/recall_label_7": 0.0, "train/f1score_label_7": 0.0, "train/accuracy_label_8": 0.9755799770355225, "train/presicion_label_8": 0.0, "train/recall_label_8": 0.0, "train/f1score_label_8": 0.0, "train/accuracy_label_9": 0.9841269850730896, "train/presicion_label_9": 0.0, "train/recall_label_9": 0.0, "train/f1score_label_9": 0.0, "train/accuracy_label_10": 0.9987789988517761, "train/presicion_label_10": 0.0, "train/recall_label_10": 0.0, "train/f1score_label_10": 0.0, "train/accuracy_label_11": 0.9792429804801941, "train/presicion_label_11": 0.0, "train/recall_label_11": 0.0, "train/f1score_label_11": 0.0, "train/accuracy_label_12": 1.0, "train/presicion_label_12": 0.0, "train/recall_label_12": 0.0, "train/f1score_label_12": 0.0, "train/accuracy_label_13": 0.9914529919624329, "train/presicion_label_13": 0.0, "train/recall_label_13": 0.0, "train/f1score_label_13": 0.0, "train/accuracy_label_14": 0.9951159954071045, "train/presicion_label_14": 0.0, "train/recall_label_14": 0.0, "train/f1score_label_14": 0.0, "train/accuracy_label_15": 0.9438339471817017, "train/presicion_label_15": 0.0, "train/recall_label_15": 0.0, "train/f1score_label_15": 0.0, "train/loss": 0.6896013021469116, "_wandb": {"runtime": 171}}