{"val_loss": 0.6911369562149048, "val/multilabelaccuracy": 0.9365853667259216, "val/multilabelprecision": 0.6435643434524536, "val/multilabelrecall": 0.4887218177318573, "val/multilabelf1score": 0.5555555820465088, "val/multilabelmatthewscorrcoef": 0.527836799621582, "epoch": 0, "trainer/global_step": 25, "_timestamp": 1700634355.1134682, "_runtime": 42.33108425140381, "_step": 0, "_wandb": {"runtime": 42}}