{"train/loss": 0.6604090332984924, "epoch": 8, "trainer/global_step": 1472, "_timestamp": 1706082447.3166826, "_runtime": 211.85112857818604, "_step": 45, "val_loss": 0.6672334671020508, "val/multilabelaccuracy": 0.861716628074646, "val/multilabelprecision": 0.35581597685813904, "val/multilabelrecall": 0.3199515640735626, "val/multilabelf1score": 0.3162294030189514, "val/multilabelmatthewscorrcoef": 0.6416333913803101, "val/accuracy_label_\u3042\u3044\u3065\u3061": 0.9509536623954773, "val/presicion_label_\u3042\u3044\u3065\u3061": 0.9497206807136536, "val/recall_label_\u3042\u3044\u3065\u3061": 1.0, "val/f1score_label_\u3042\u3044\u3065\u3061": 0.9742120504379272, "val/accuracy_label_\u611f\u5fc3": 0.8773841857910156, "val/presicion_label_\u611f\u5fc3": 0.9088146090507507, "val/recall_label_\u611f\u5fc3": 0.9522293210029602, "val/f1score_label_\u611f\u5fc3": 0.9300155639648438, "val/accuracy_label_\u8a55\u4fa1": 0.7384195923805237, "val/presicion_label_\u8a55\u4fa1": 0.6702127456665039, "val/recall_label_\u8a55\u4fa1": 0.4921875, "val/f1score_label_\u8a55\u4fa1": 0.5675675868988037, "val/accuracy_label_\u7e70\u308a\u8fd4\u3057\u5fdc\u7b54": 0.7220708727836609, "val/presicion_label_\u7e70\u308a\u8fd4\u3057\u5fdc\u7b54": 0.6981818079948425, "val/recall_label_\u7e70\u308a\u8fd4\u3057\u5fdc\u7b54": 0.9099525809288025, "val/f1score_label_\u7e70\u308a\u8fd4\u3057\u5fdc\u7b54": 0.790123462677002, "val/accuracy_label_\u540c\u610f": 0.7356948256492615, "val/presicion_label_\u540c\u610f": 0.6636363863945007, "val/recall_label_\u540c\u610f": 0.548872172832489, "val/f1score_label_\u540c\u610f": 0.6008230447769165, "val/accuracy_label_\u7d0d\u5f97": 0.7465940117835999, "val/presicion_label_\u7d0d\u5f97": 0.6091954112052917, "val/recall_label_\u7d0d\u5f97": 0.4732142984867096, "val/f1score_label_\u7d0d\u5f97": 0.5326633453369141, "val/accuracy_label_\u9a5a\u304d": 0.7901907563209534, "val/presicion_label_\u9a5a\u304d": 0.0, "val/recall_label_\u9a5a\u304d": 0.0, "val/f1score_label_\u9a5a\u304d": 0.0, "val/accuracy_label_\u8a00\u3044\u63db\u3048": 1.0, "val/presicion_label_\u8a00\u3044\u63db\u3048": 0.0, "val/recall_label_\u8a00\u3044\u63db\u3048": 0.0, "val/f1score_label_\u8a00\u3044\u63db\u3048": 0.0, "val/accuracy_label_\u610f\u898b": 0.8719345927238464, "val/presicion_label_\u610f\u898b": 0.0, "val/recall_label_\u610f\u898b": 0.0, "val/f1score_label_\u610f\u898b": 0.0, "val/accuracy_label_\u8003\u3048\u3066\u3044\u308b\u6700\u4e2d": 0.9318801164627075, "val/presicion_label_\u8003\u3048\u3066\u3044\u308b\u6700\u4e2d": 0.0, "val/recall_label_\u8003\u3048\u3066\u3044\u308b\u6700\u4e2d": 0.0, "val/f1score_label_\u8003\u3048\u3066\u3044\u308b\u6700\u4e2d": 0.0, "val/accuracy_label_\u4e0d\u540c\u610f": 0.9564032554626465, "val/presicion_label_\u4e0d\u540c\u610f": 0.0, "val/recall_label_\u4e0d\u540c\u610f": 0.0, "val/f1score_label_\u4e0d\u540c\u610f": 0.0, "val/accuracy_label_\u88dc\u5b8c": 0.8256130814552307, "val/presicion_label_\u88dc\u5b8c": 0.6666666865348816, "val/recall_label_\u88dc\u5b8c": 0.03076923079788685, "val/f1score_label_\u88dc\u5b8c": 0.05882352963089943, "val/accuracy_label_\u3042\u3044\u3055\u3064": 0.9700272679328918, "val/presicion_label_\u3042\u3044\u3055\u3064": 0.0, "val/recall_label_\u3042\u3044\u3055\u3064": 0.0, "val/f1score_label_\u3042\u3044\u3055\u3064": 0.0, "val/accuracy_label_\u60f3\u8d77": 0.9918256402015686, "val/presicion_label_\u60f3\u8d77": 0.0, "val/recall_label_\u60f3\u8d77": 0.0, "val/f1score_label_\u60f3\u8d77": 0.0, "val/accuracy_label_\u9a5a\u304d\u3068\u3044\u3076\u304b\u308a": 0.9945504069328308, "val/presicion_label_\u9a5a\u304d\u3068\u3044\u3076\u304b\u308a": 0.0, "val/recall_label_\u9a5a\u304d\u3068\u3044\u3076\u304b\u308a": 0.0, "val/f1score_label_\u9a5a\u304d\u3068\u3044\u3076\u304b\u308a": 0.0, "val/accuracy_label_\u305d\u306e\u4ed6": 0.6839237213134766, "val/presicion_label_\u305d\u306e\u4ed6": 0.526627242565155, "val/recall_label_\u305d\u306e\u4ed6": 0.7120000123977661, "val/f1score_label_\u305d\u306e\u4ed6": 0.6054421663284302, "train_loss": 0.667269229888916, "train/multilabelaccuracy": 0.8289675712585449, "train/multilabelprecision": 0.3151455223560333, "train/multilabelrecall": 0.4068279564380646, "train/multilabelf1score": 0.3488370478153229, "train/multilabelmatthewscorrcoef": 0.5958353281021118, "train/accuracy_label_\u3042\u3044\u3065\u3061": 0.9604095816612244, "train/presicion_label_\u3042\u3044\u3065\u3061": 0.9616457223892212, "train/recall_label_\u3042\u3044\u3065\u3061": 0.997829258441925, "train/f1score_label_\u3042\u3044\u3065\u3061": 0.9794034361839294, "train/accuracy_label_\u611f\u5fc3": 0.8614334464073181, "train/presicion_label_\u611f\u5fc3": 0.8687454462051392, "train/recall_label_\u611f\u5fc3": 0.9819672107696533, "train/f1score_label_\u611f\u5fc3": 0.9218930602073669, "train/accuracy_label_\u8a55\u4fa1": 0.6771330833435059, "train/presicion_label_\u8a55\u4fa1": 0.5391766428947449, "train/recall_label_\u8a55\u4fa1": 0.7631579041481018, "train/f1score_label_\u8a55\u4fa1": 0.6319066286087036, "train/accuracy_label_\u7e70\u308a\u8fd4\u3057\u5fdc\u7b54": 0.7071672081947327, "train/presicion_label_\u7e70\u308a\u8fd4\u3057\u5fdc\u7b54": 0.6715092658996582, "train/recall_label_\u7e70\u308a\u8fd4\u3057\u5fdc\u7b54": 0.9742388725280762, "train/f1score_label_\u7e70\u308a\u8fd4\u3057\u5fdc\u7b54": 0.7950310707092285, "train/accuracy_label_\u540c\u610f": 0.6887372136116028, "train/presicion_label_\u540c\u610f": 0.5094850659370422, "train/recall_label_\u540c\u610f": 0.800000011920929, "train/f1score_label_\u540c\u610f": 0.6225165724754333, "train/accuracy_label_\u7d0d\u5f97": 0.6901023983955383, "train/presicion_label_\u7d0d\u5f97": 0.4838709533214569, "train/recall_label_\u7d0d\u5f97": 0.7638888955116272, "train/f1score_label_\u7d0d\u5f97": 0.5924596190452576, "train/accuracy_label_\u9a5a\u304d": 0.7870306968688965, "train/presicion_label_\u9a5a\u304d": 0.0, "train/recall_label_\u9a5a\u304d": 0.0, "train/f1score_label_\u9a5a\u304d": 0.0, "train/accuracy_label_\u8a00\u3044\u63db\u3048": 1.0, "train/presicion_label_\u8a00\u3044\u63db\u3048": 0.0, "train/recall_label_\u8a00\u3044\u63db\u3048": 0.0, "train/f1score_label_\u8a00\u3044\u63db\u3048": 0.0, "train/accuracy_label_\u610f\u898b": 0.8614334464073181, "train/presicion_label_\u610f\u898b": 0.0, "train/recall_label_\u610f\u898b": 0.0, "train/f1score_label_\u610f\u898b": 0.0, "train/accuracy_label_\u8003\u3048\u3066\u3044\u308b\u6700\u4e2d": 0.8634812235832214, "train/presicion_label_\u8003\u3048\u3066\u3044\u308b\u6700\u4e2d": 0.1428571492433548, "train/recall_label_\u8003\u3048\u3066\u3044\u308b\u6700\u4e2d": 0.11999999731779099, "train/f1score_label_\u8003\u3048\u3066\u3044\u308b\u6700\u4e2d": 0.1304347813129425, "train/accuracy_label_\u4e0d\u540c\u610f": 0.864846408367157, "train/presicion_label_\u4e0d\u540c\u610f": 0.08633093535900116, "train/recall_label_\u4e0d\u540c\u610f": 0.14457830786705017, "train/f1score_label_\u4e0d\u540c\u610f": 0.10810811072587967, "train/accuracy_label_\u88dc\u5b8c": 0.7815699577331543, "train/presicion_label_\u88dc\u5b8c": 0.2750000059604645, "train/recall_label_\u88dc\u5b8c": 0.12406015396118164, "train/f1score_label_\u88dc\u5b8c": 0.17098446190357208, "train/accuracy_label_\u3042\u3044\u3055\u3064": 0.9631399512290955, "train/presicion_label_\u3042\u3044\u3055\u3064": 0.0, "train/recall_label_\u3042\u3044\u3055\u3064": 0.0, "train/f1score_label_\u3042\u3044\u3055\u3064": 0.0, "train/accuracy_label_\u60f3\u8d77": 0.9522184133529663, "train/presicion_label_\u60f3\u8d77": 0.019607843831181526, "train/recall_label_\u60f3\u8d77": 0.0476190485060215, "train/f1score_label_\u60f3\u8d77": 0.02777777798473835, "train/accuracy_label_\u9a5a\u304d\u3068\u3044\u3076\u304b\u308a": 0.9774743914604187, "train/presicion_label_\u9a5a\u304d\u3068\u3044\u3076\u304b\u308a": 0.0, "train/recall_label_\u9a5a\u304d\u3068\u3044\u3076\u304b\u308a": 0.0, "train/f1score_label_\u9a5a\u304d\u3068\u3044\u3076\u304b\u308a": 0.0,