{"val_loss": 0.9621585011482239, "epoch": 0, "trainer/global_step": 7, "_timestamp": 1689140110.836182, "_runtime": 574.3959131240845, "_step": 0, "_wandb": {"runtime": 574}}