{"train/loss": 0.6471354961395264, "epoch": 7, "trainer/global_step": 2695, "_timestamp": 1715841003.5721426, "_runtime": 4638.139411687851, "_step": 544, "val_loss": 0.6555308103561401, "val/multilabelaccuracy": 0.8291811943054199, "val/multilabelprecision": 0.2157202661037445, "val/multilabelrecall": 0.2868962585926056, "val/multilabelf1score": 0.22094039618968964, "val/multilabelmatthewscorrcoef": 0.5351179242134094, "val/accuracy_label_\u3042\u3044\u3065\u3061": 0.9805628061294556, "val/presicion_label_\u3042\u3044\u3065\u3061": 0.9813252091407776, "val/recall_label_\u3042\u3044\u3065\u3061": 0.9991604089736938, "val/f1score_label_\u3042\u3044\u3065\u3061": 0.9901624917984009, "val/accuracy_label_\u611f\u5fc3": 0.8436805009841919, "val/presicion_label_\u611f\u5fc3": 0.8424670696258545, "val/recall_label_\u611f\u5fc3": 0.9985449314117432, "val/f1score_label_\u611f\u5fc3": 0.91389000415802, "val/accuracy_label_\u8a55\u4fa1": 0.6774006485939026, "val/presicion_label_\u8a55\u4fa1": 0.38287514448165894, "val/recall_label_\u8a55\u4fa1": 0.5309769511222839, "val/f1score_label_\u8a55\u4fa1": 0.44492512941360474, "val/accuracy_label_\u7e70\u308a\u8fd4\u3057\u5fdc\u7b54": 0.5305579900741577, "val/presicion_label_\u7e70\u308a\u8fd4\u3057\u5fdc\u7b54": 0.48417070508003235, "val/recall_label_\u7e70\u308a\u8fd4\u3057\u5fdc\u7b54": 0.9520787596702576, "val/f1score_label_\u7e70\u308a\u8fd4\u3057\u5fdc\u7b54": 0.6419060826301575, "val/accuracy_label_\u540c\u610f": 0.7869161367416382, "val/presicion_label_\u540c\u610f": 0.1666666716337204, "val/recall_label_\u540c\u610f": 0.0002271178673254326, "val/f1score_label_\u540c\u610f": 0.00045361759839579463, "val/accuracy_label_\u7d0d\u5f97": 0.6766753792762756, "val/presicion_label_\u7d0d\u5f97": 0.2722487151622772, "val/recall_label_\u7d0d\u5f97": 0.42240938544273376, "val/f1score_label_\u7d0d\u5f97": 0.33109933137893677, "val/accuracy_label_\u9a5a\u304d": 0.8796054720878601, "val/presicion_label_\u9a5a\u304d": 0.0, "val/recall_label_\u9a5a\u304d": 0.0, "val/f1score_label_\u9a5a\u304d": 0.0, "val/accuracy_label_\u8a00\u3044\u63db\u3048": 0.9723914265632629, "val/presicion_label_\u8a00\u3044\u63db\u3048": 0.0, "val/recall_label_\u8a00\u3044\u63db\u3048": 0.0, "val/f1score_label_\u8a00\u3044\u63db\u3048": 0.0, "val/accuracy_label_\u610f\u898b": 0.7384198904037476, "val/presicion_label_\u610f\u898b": 0.09345594793558121, "val/recall_label_\u610f\u898b": 0.27176615595817566, "val/f1score_label_\u610f\u898b": 0.1390833854675293, "val/accuracy_label_\u8003\u3048\u3066\u3044\u308b\u6700\u4e2d": 0.9565322399139404, "val/presicion_label_\u8003\u3048\u3066\u3044\u308b\u6700\u4e2d": 0.0390625, "val/recall_label_\u8003\u3048\u3066\u3044\u308b\u6700\u4e2d": 0.006402048747986555, "val/f1score_label_\u8003\u3048\u3066\u3044\u308b\u6700\u4e2d": 0.011001099832355976, "val/accuracy_label_\u4e0d\u540c\u610f": 0.973068356513977, "val/presicion_label_\u4e0d\u540c\u610f": 0.0, "val/recall_label_\u4e0d\u540c\u610f": 0.0, "val/f1score_label_\u4e0d\u540c\u610f": 0.0, "val/accuracy_label_\u88dc\u5b8c": 0.9062469601631165, "val/presicion_label_\u88dc\u5b8c": 0.09482758492231369, "val/recall_label_\u88dc\u5b8c": 0.005962059833109379, "val/f1score_label_\u88dc\u5b8c": 0.011218765750527382, "val/accuracy_label_\u3042\u3044\u3055\u3064": 0.8607484698295593, "val/presicion_label_\u3042\u3044\u3055\u3064": 0.017616191878914833, "val/recall_label_\u3042\u3044\u3055\u3064": 0.15359477698802948, "val/f1score_label_\u3042\u3044\u3055\u3064": 0.031607262790203094, "val/accuracy_label_\u60f3\u8d77": 0.9115656018257141, "val/presicion_label_\u60f3\u8d77": 0.005238649435341358, "val/recall_label_\u60f3\u8d77": 0.06976744532585144, "val/f1score_label_\u60f3\u8d77": 0.00974553357809782, "val/accuracy_label_\u9a5a\u304d\u3068\u3044\u3076\u304b\u308a": 0.8093511462211609, "val/presicion_label_\u9a5a\u304d\u3068\u3044\u3076\u304b\u308a": 0.004903225693851709, "val/recall_label_\u9a5a\u304d\u3068\u3044\u3076\u304b\u308a": 0.17924527823925018, "val/f1score_label_\u9a5a\u304d\u3068\u3044\u3076\u304b\u308a": 0.009545340202748775, "val/accuracy_label_\u305d\u306e\u4ed6": 0.7631757259368896, "val/presicion_label_\u305d\u306e\u4ed6": 0.06666667014360428, "val/recall_label_\u305d\u306e\u4ed6": 0.00020470829622354358, "val/f1score_label_\u305d\u306e\u4ed6": 0.0004081632650922984, "train_loss": 0.6555390954017639, "train/multilabelaccuracy": 0.8372555375099182, "train/multilabelprecision": 0.19833195209503174, "train/multilabelrecall": 0.30455002188682556, "train/multilabelf1score": 0.22833473980426788, "train/multilabelmatthewscorrcoef": 0.5568839311599731, "train/accuracy_label_\u3042\u3044\u3065\u3061": 0.9853084087371826, "train/presicion_label_\u3042\u3044\u3065\u3061": 0.9856255650520325, "train/recall_label_\u3042\u3044\u3065\u3061": 0.9996033310890198, "train/f1score_label_\u3042\u3044\u3065\u3061": 0.9925652146339417, "train/accuracy_label_\u611f\u5fc3": 0.8466627597808838, "train/presicion_label_\u611f\u5fc3": 0.8436972498893738, "train/recall_label_\u611f\u5fc3": 0.9997057318687439, "train/f1score_label_\u611f\u5fc3": 0.9150999188423157, "train/accuracy_label_\u8a55\u4fa1": 0.6975578665733337, "train/presicion_label_\u8a55\u4fa1": 0.4071911871433258, "train/recall_label_\u8a55\u4fa1": 0.6369863152503967, "train/f1score_label_\u8a55\u4fa1": 0.4968029260635376, "train/accuracy_label_\u7e70\u308a\u8fd4\u3057\u5fdc\u7b54": 0.6150029301643372, "train/presicion_label_\u7e70\u308a\u8fd4\u3057\u5fdc\u7b54": 0.5417153835296631, "train/recall_label_\u7e70\u308a\u8fd4\u3057\u5fdc\u7b54": 0.9491854310035706, "train/f1score_label_\u7e70\u308a\u8fd4\u3057\u5fdc\u7b54": 0.6897687315940857, "train/accuracy_label_\u540c\u610f": 0.7885775566101074, "train/presicion_label_\u540c\u610f": 0.0, "train/recall_label_\u540c\u610f": 0.0, "train/f1score_label_\u540c\u610f": 0.0, "train/accuracy_label_\u7d0d\u5f97": 0.6410293579101562, "train/presicion_label_\u7d0d\u5f97": 0.2772440016269684, "train/recall_label_\u7d0d\u5f97": 0.5688716173171997, "train/f1score_label_\u7d0d\u5f97": 0.37280067801475525, "train/accuracy_label_\u9a5a\u304d": 0.8795971870422363, "train/presicion_label_\u9a5a\u304d": 0.0, "train/recall_label_\u9a5a\u304d": 0.0, "train/f1score_label_\u9a5a\u304d": 0.0, "train/accuracy_label_\u8a00\u3044\u63db\u3048": 0.9262989163398743, "train/presicion_label_\u8a00\u3044\u63db\u3048": 0.0, "train/recall_label_\u8a00\u3044\u63db\u3048": 0.0, "train/f1score_label_\u8a00\u3044\u63db\u3048": 0.0, "train/accuracy_label_\u610f\u898b": 0.7281085848808289, "train/presicion_label_\u610f\u898b": 0.09463472664356232, "train/recall_label_\u610f\u898b": 0.31994643807411194, "train/f1score_label_\u610f\u898b": 0.14606569707393646, "train/accuracy_label_\u8003\u3048\u3066\u3044\u308b\u6700\u4e2d": 0.9614710807800293, "train/presicion_label_\u8003\u3048\u3066\u3044\u308b\u6700\u4e2d": 0.0, "train/recall_label_\u8003\u3048\u3066\u3044\u308b\u6700\u4e2d": 0.0, "train/f1score_label_\u8003\u3048\u3066\u3044\u308b\u6700\u4e2d": 0.0, "train/accuracy_label_\u4e0d\u540c\u610f": 0.973389744758606, "train/presicion_label_\u4e0d\u540c\u610f": 0.0, "train/recall_label_\u4e0d\u540c\u610f": 0.0, "train/f1score_label_\u4e0d\u540c\u610f": 0.0, "train/accuracy_label_\u88dc\u5b8c": 0.9115100502967834, "train/presicion_label_\u88dc\u5b8c": 0.0, "train/recall_label_\u88dc\u5b8c": 0.0, "train/f1score_label_\u88dc\u5b8c": 0.0, "train/accuracy_label_\u3042\u3044\u3055\u3064": 0.9016345739364624, "train/presicion_label_\u3042\u3044\u3055\u3064": 0.015249267220497131, "train/recall_label_\u3042\u3044\u3055\u3064": 0.07046070694923401, "train/f1score_label_\u3042\u3044\u3055\u3064": 0.02507232315838337, "train/accuracy_label_\u60f3\u8d77": 0.9529577493667603, "train/presicion_label_\u60f3\u8d77": 0.002322880318388343, "train/recall_label_\u60f3\u8d77": 0.0181818176060915,