{"val_loss": 0.6895449161529541, "val/multilabelaccuracy": 0.9387195110321045, "val/multilabelprecision": 0.042073171585798264, "val/multilabelrecall": 0.0625, "val/multilabelf1score": 0.05029154568910599, "val/multilabelmatthewscorrcoef": 0.5503087639808655, "epoch": 4, "trainer/global_step": 104, "_timestamp": 1702435692.322284, "_runtime": 195.07483792304993, "_step": 10, "train_loss": 0.6909258365631104, "train/multilabelaccuracy": 0.9287240505218506, "train/multilabelprecision": 0.07524929195642471, "train/multilabelrecall": 0.07261721044778824, "train/multilabelf1score": 0.062451377511024475, "train/multilabelmatthewscorrcoef": 0.4957369863986969, "train/accuracy_label_0": 0.6410256624221802, "train/presicion_label_0": 0.6410256624221802, "train/recall_label_0": 1.0, "train/f1score_label_0": 0.78125, "train/accuracy_label_1": 0.6874237060546875, "train/presicion_label_1": 0.0, "train/recall_label_1": 0.0, "train/f1score_label_1": 0.0, "train/accuracy_label_2": 0.910866916179657, "train/presicion_label_2": 0.0, "train/recall_label_2": 0.0, "train/f1score_label_2": 0.0, "train/accuracy_label_3": 0.9597069621086121, "train/presicion_label_3": 0.0, "train/recall_label_3": 0.0, "train/f1score_label_3": 0.0, "train/accuracy_label_4": 0.8962149024009705, "train/presicion_label_4": 0.18518517911434174, "train/recall_label_4": 0.07352941483259201, "train/f1score_label_4": 0.10526315867900848, "train/accuracy_label_5": 0.9645909667015076, "train/presicion_label_5": 0.3333333432674408, "train/recall_label_5": 0.0357142873108387, "train/f1score_label_5": 0.06451612710952759, "train/accuracy_label_6": 0.9621489644050598, "train/presicion_label_6": 0.0, "train/recall_label_6": 0.0, "train/f1score_label_6": 0.0, "train/accuracy_label_7": 1.0, "train/presicion_label_7": 0.0, "train/recall_label_7": 0.0, "train/f1score_label_7": 0.0, "train/accuracy_label_8": 0.980463981628418, "train/presicion_label_8": 0.0, "train/recall_label_8": 0.0, "train/f1score_label_8": 0.0, "train/accuracy_label_9": 0.980463981628418, "train/presicion_label_9": 0.0, "train/recall_label_9": 0.0, "train/f1score_label_9": 0.0, "train/accuracy_label_10": 0.9963369965553284, "train/presicion_label_10": 0.0, "train/recall_label_10": 0.0, "train/f1score_label_10": 0.0, "train/accuracy_label_11": 0.9816849827766418, "train/presicion_label_11": 0.0, "train/recall_label_11": 0.0, "train/f1score_label_11": 0.0, "train/accuracy_label_12": 1.0, "train/presicion_label_12": 0.0, "train/recall_label_12": 0.0, "train/f1score_label_12": 0.0, "train/accuracy_label_13": 0.9987789988517761, "train/presicion_label_13": 0.0, "train/recall_label_13": 0.0, "train/f1score_label_13": 0.0, "train/accuracy_label_14": 0.9963369965553284, "train/presicion_label_14": 0.0, "train/recall_label_14": 0.0, "train/f1score_label_14": 0.0, "train/accuracy_label_15": 0.9035409092903137, "train/presicion_label_15": 0.04444444552063942, "train/recall_label_15": 0.05263157933950424, "train/f1score_label_15": 0.048192769289016724, "train/loss": 0.6940985321998596, "test/confusion_matrix_0_table": {"_type": "table-file", "sha256": "651c021aead6e2de7386d6f9c070eb29ffb463c46cda3b65c6effd76c109f81a", "size": 14272, "artifact_path": "wandb-client-artifact://wzl1zv3smufou0ev13el9pmemn07vfa5qwb57s2ckt5zkg4ih8ws9gf3xeqi9fzp00fcp9966t4ixzxmu0l8eh3ocu4q57z4oistu9gc8179djx4geswekziq4drb3g8:latest/test/confusion_matrix_0_table.table.json", "_latest_artifact_path": "wandb-client-artifact://wzl1zv3smufou0ev13el9pmemn07vfa5qwb57s2ckt5zkg4ih8ws9gf3xeqi9fzp00fcp9966t4ixzxmu0l8eh3ocu4q57z4oistu9gc8179djx4geswekziq4drb3g8:latest/test/confusion_matrix_0_table.table.json", "path": "media/table/test/confusion_matrix_0_table_10_651c021aead6e2de7386.table.json", "ncols": 3, "nrows": 256}, "test/confusion_matrix_1_table": {"_type": "table-file", "sha256": "c641d15d1edf369e461514adbee17bac681156dd69f81cd93cbbb544f3eb8939", "size": 14272, "artifact_path": "wandb-client-artifact://2kqd2q273whcky8ix6oi3dgyvtvupyod6xiseqhgrucorxjqc13o02fmytyiuayymt9vy9l48vylh1z7p4lvcl5l2b3zw7ha4y87wl40v17859lz0iev4496cpt2r7uc:latest/test/confusion_matrix_1_table.table.json", "_latest_artifact_path": "wandb-client-artifact://2kqd2q273whcky8ix6oi3dgyvtvupyod6xiseqhgrucorxjqc13o02fmytyiuayymt9vy9l48vylh1z7p4lvcl5l2b3zw7ha4y87wl40v17859lz0iev4496cpt2r7uc:latest/test/confusion_matrix_1_table.table.json", "path": "media/table/test/confusion_matrix_1_table_10_c641d15d1edf369e4615.table.json", "ncols": 3, "nrows": 256}, "test/confusion_matrix_2_table": {"_type": "table-file", "sha256": "f887c834b6ad705ce36013d78a2579dc450be31aa4b54986c2fee9f2d8eedede", "size": 14273, "artifact_path": "wandb-client-artifact://zxmzv3cat0u5rs3r5ld7vgliw8a0pv53pqp2dz121mb3xicx91pa61g9wf0irbul46uubtl635g0ac9idnlv0wbvjpg2h61t62fnxzkfqpeizd2say2dhyu0a4gltdrb:latest/test/confusion_matrix_2_table.table.json", "_latest_artifact_path": "wandb-client-artifact://zxmzv3cat0u5rs3r5ld7vgliw8a0pv53pqp2dz121mb3xicx91pa61g9wf0irbul46uubtl635g0ac9idnlv0wbvjpg2h61t62fnxzkfqpeizd2say2dhyu0a4gltdrb:latest/test/confusion_matrix_2_table.table.json", "path": "media/table/test/confusion_matrix_2_table_10_f887c834b6ad705ce360.table.json", "ncols": 3, "nrows": 256}, "test/confusion_matrix_3_table": {"_type": "table-file", "sha256": "b61803c8efcbf89790ab9dc53a06bf4471d67495a87741f69e76456f2f0056c9", "size": 14272, "artifact_path": "wandb-client-artifact://gfyuvr2tqdx9svgw7xm48w5byoibthionpimcd9qyvfkzxztg9ejx0621o9v2k5vugfdlyfg8yq0bdemoa83f7miiy6n0wm4z0zqeg9vpgc4nk8cvh2zjzzfhixog3vo:latest/test/confusion_matrix_3_table.table.json", "_latest_artifact_path": "wandb-client-artifact://gfyuvr2tqdx9svgw7xm48w5byoibthionpimcd9qyvfkzxztg9ejx0621o9v2k5vugfdlyfg8yq0bdemoa83f7miiy6n0wm4z0zqeg9vpgc4nk8cvh2zjzzfhixog3vo:latest/test/confusion_matrix_3_table.table.json", "path": "media/table/test/confusion_matrix_3_table_10_b61803c8efcbf89790ab.table.json", "ncols": 3, "nrows": 256}, "test/confusion_matrix_4_table": {"_type": "table-file", "sha256": "0c43b547c24a6c242c086fd708adb4a2b424ca3309c1c0756b30270958a78469", "size": 14273, "artifact_path": "wandb-client-artifact://3fjuhkaj5wazsmj0oxfntdwyjln7jyarc1owpg4g7vyo1c4xj3123zyipby0ehnzquo2xke2z4y9mwsh8ipywvbriepiv7jsj8v9qlclto7mh0qn3vk2u1ptfcf0i5c1:latest/test/confusion_matrix_4_table.table.json", "_latest_artifact_path": "wandb-client-artifact://3fjuhkaj5wazsmj0oxfntdwyjln7jyarc1owpg4g7vyo1c4xj3123zyipby0ehnzquo2xke2z4y9mwsh8ipywvbriepiv7jsj8v9qlclto7mh0qn3vk2u1ptfcf0i5c1:latest/test/confusion_matrix_4_table.table.json", "path": "media/table/test/confusion_matrix_4_table_10_0c43b547c24a6c242c08.table.json", "ncols": 3, "nrows": 256}, "test/confusion_matrix_5_table": {"_type": "table-file", "sha256": "e39e74a0b98767cec95ff5e2bf56be8a3d83d2dddbe3d35c5d355625036d3c7b", "size": 14272, "artifact_path": "wandb-client-artifact://29vtewhlrtzmjc6x688zwdvgo7v9uwrz7jsipu24qz893f2tkslzoqrnefpr7bog86c0kpal3dhigrxo7j9ex5t6fyt955d6fmlueywtkmghpzu5a29v0njeiwz9dec6:latest/test/confusion_matrix_5_table.table.json", "_latest_artifact_path": "wandb-client-artifact://29vtewhlrtzmjc6x688zwdvgo7v9uwrz7jsipu24qz893f2tkslzoqrnefpr7bog86c0kpal3dhigrxo7j9ex5t6fyt955d6fmlueywtkmghpzu5a29v0njeiwz9dec6:latest/test/confusion_matrix_5_table.table.json", "path": "media/table/test/confusion_matrix_5_table_10_e39e74a0b98767cec95f.table.json", "ncols": 3, "nrows": 256}, "test/confusion_matrix_6_table": {"_type": "table-file", "sha256": "56362edaec100a8272963e5beccb56d2dc59c2d3bcfe3cd64a8bc31bf00596e4", "size": 14272, "artifact_path": "wandb-client-artifact://ro19xco4vw7i0bzi6ee1dfp2tmevj7hk0t32xwpfyfr0h0me4icwms9pjcx4x45o05ddovlinge3tv1unmoqdt2m1mrdhkf4zkyy7o5cm9xamhgslgywgjaeewpanh7a:latest/test/confusion_matrix_6_table.table.json", "_latest_artifact_path": "wandb-client-artifact://ro19xco4vw7i0bzi6ee1dfp2tmevj7hk0t32xwpfyfr0h0me4icwms9pjcx4x45o05ddovlinge3tv1unmoqdt2m1mrdhkf4zkyy7o5cm9xamhgslgywgjaeewpanh7a:latest/test/confusion_matrix_6_table.table.json",