{"train/loss": 0.17320188879966736, "epoch": 4, "trainer/global_step": 1860, "_timestamp": 1705553881.5198207, "_runtime": 856.8372437953949, "_step": 45, "val_loss": 0.17035755515098572, "val/multilabelaccuracy": 0.8838540315628052, "val/multilabelprecision": 0.08793553709983826, "val/multilabelrecall": 0.10454639792442322, "val/multilabelf1score": 0.09552422165870667, "val/multilabelmatthewscorrcoef": 0.4944058358669281, "val/accuracy_label_\u3042\u3044\u3065\u3061": 0.6644222736358643, "val/presicion_label_\u3042\u3044\u3065\u3061": 0.703484296798706, "val/recall_label_\u3042\u3044\u3065\u3061": 0.8363711833953857, "val/f1score_label_\u3042\u3044\u3065\u3061": 0.7641937732696533, "val/accuracy_label_\u611f\u5fc3": 0.7007810473442078, "val/presicion_label_\u611f\u5fc3": 0.0, "val/recall_label_\u611f\u5fc3": 0.0, "val/f1score_label_\u611f\u5fc3": 0.0, "val/accuracy_label_\u8a55\u4fa1": 0.957177460193634, "val/presicion_label_\u8a55\u4fa1": 0.0, "val/recall_label_\u8a55\u4fa1": 0.0, "val/f1score_label_\u8a55\u4fa1": 0.0, "val/accuracy_label_\u7e70\u308a\u8fd4\u3057\u5fdc\u7b54": 0.9237813353538513, "val/presicion_label_\u7e70\u308a\u8fd4\u3057\u5fdc\u7b54": 0.0, "val/recall_label_\u7e70\u308a\u8fd4\u3057\u5fdc\u7b54": 0.0, "val/f1score_label_\u7e70\u308a\u8fd4\u3057\u5fdc\u7b54": 0.0, "val/accuracy_label_\u540c\u610f": 0.9536762833595276, "val/presicion_label_\u540c\u610f": 0.0, "val/recall_label_\u540c\u610f": 0.0, "val/f1score_label_\u540c\u610f": 0.0, "val/accuracy_label_\u7d0d\u5f97": 0.9711823463439941, "val/presicion_label_\u7d0d\u5f97": 0.0, "val/recall_label_\u7d0d\u5f97": 0.0, "val/f1score_label_\u7d0d\u5f97": 0.0, "val/accuracy_label_\u9a5a\u304d": 0.9709129929542542, "val/presicion_label_\u9a5a\u304d": 0.0, "val/recall_label_\u9a5a\u304d": 0.0, "val/f1score_label_\u9a5a\u304d": 0.0, "val/accuracy_label_\u8a00\u3044\u63db\u3048": 0.9288984537124634, "val/presicion_label_\u8a00\u3044\u63db\u3048": 0.0, "val/recall_label_\u8a00\u3044\u63db\u3048": 0.0, "val/f1score_label_\u8a00\u3044\u63db\u3048": 0.0, "train_loss": 0.17060250043869019, "train/multilabelaccuracy": 0.8824495077133179, "train/multilabelprecision": 0.2121163308620453, "train/multilabelrecall": 0.10416154563426971, "train/multilabelf1score": 0.09758221358060837, "train/multilabelmatthewscorrcoef": 0.48734593391418457, "train/accuracy_label_\u3042\u3044\u3065\u3061": 0.6592592597007751, "train/presicion_label_\u3042\u3044\u3065\u3061": 0.7034274339675903, "train/recall_label_\u3042\u3044\u3065\u3061": 0.8216137886047363, "train/f1score_label_\u3042\u3044\u3065\u3061": 0.7579410672187805, "train/accuracy_label_\u611f\u5fc3": 0.7020875215530396, "train/presicion_label_\u611f\u5fc3": 0.6000000238418579, "train/recall_label_\u611f\u5fc3": 0.000677966105286032, "train/f1score_label_\u611f\u5fc3": 0.001354401814751327, "train/accuracy_label_\u8a55\u4fa1": 0.9566329717636108, "train/presicion_label_\u8a55\u4fa1": 0.1428571492433548, "train/recall_label_\u8a55\u4fa1": 0.0031545741949230433, "train/f1score_label_\u8a55\u4fa1": 0.006172839552164078, "train/accuracy_label_\u7e70\u308a\u8fd4\u3057\u5fdc\u7b54": 0.9218855500221252, "train/presicion_label_\u7e70\u308a\u8fd4\u3057\u5fdc\u7b54": 0.13953489065170288, "train/recall_label_\u7e70\u308a\u8fd4\u3057\u5fdc\u7b54": 0.005314437672495842, "train/f1score_label_\u7e70\u308a\u8fd4\u3057\u5fdc\u7b54": 0.010238908231258392, "train/accuracy_label_\u540c\u610f": 0.9510437846183777, "train/presicion_label_\u540c\u610f": 0.0, "train/recall_label_\u540c\u610f": 0.0, "train/f1score_label_\u540c\u610f": 0.0, "train/accuracy_label_\u7d0d\u5f97": 0.9729292988777161, "train/presicion_label_\u7d0d\u5f97": 0.0, "train/recall_label_\u7d0d\u5f97": 0.0, "train/f1score_label_\u7d0d\u5f97": 0.0, "train/accuracy_label_\u9a5a\u304d": 0.9769697189331055, "train/presicion_label_\u9a5a\u304d": 0.0, "train/recall_label_\u9a5a\u304d": 0.0, "train/f1score_label_\u9a5a\u304d": 0.0, "train/accuracy_label_\u8a00\u3044\u63db\u3048": 0.9187878966331482, "train/presicion_label_\u8a00\u3044\u63db\u3048": 0.1111111119389534, "train/recall_label_\u8a00\u3044\u63db\u3048": 0.0025316455867141485, "train/f1score_label_\u8a00\u3044\u63db\u3048": 0.004950494971126318, "test_loss": 0.1707993596792221, "test/multilabelaccuracy": 0.8850427865982056, "test/multilabelprecision": 0.10283327102661133, "test/multilabelrecall": 0.10705122351646423, "test/multilabelf1score": 0.09516995400190353, "test/multilabelmatthewscorrcoef": 0.4907127022743225, "test/accuracy_label_\u3042\u3044\u3065\u3061": 0.6540942192077637, "test/presicion_label_\u3042\u3044\u3065\u3061": 0.679809033870697, "test/recall_label_\u3042\u3044\u3065\u3061": 0.8542546033859253, "test/f1score_label_\u3042\u3044\u3065\u3061": 0.7571133375167847, "test/accuracy_label_\u611f\u5fc3": 0.7034492492675781, "test/presicion_label_\u611f\u5fc3": 0.0, "test/recall_label_\u611f\u5fc3": 0.0, "test/f1score_label_\u611f\u5fc3": 0.0, "test/accuracy_label_\u8a55\u4fa1": 0.9659281969070435, "test/presicion_label_\u8a55\u4fa1": 0.0, "test/recall_label_\u8a55\u4fa1": 0.0, "test/f1score_label_\u8a55\u4fa1": 0.0, "test/accuracy_label_\u7e70\u308a\u8fd4\u3057\u5fdc\u7b54": 0.9151710867881775, "test/presicion_label_\u7e70\u308a\u8fd4\u3057\u5fdc\u7b54": 0.0, "test/recall_label_\u7e70\u308a\u8fd4\u3057\u5fdc\u7b54": 0.0, "test/f1score_label_\u7e70\u308a\u8fd4\u3057\u5fdc\u7b54": 0.0, "test/accuracy_label_\u540c\u610f": 0.9589175581932068, "test/presicion_label_\u540c\u610f": 0.0, "test/recall_label_\u540c\u610f": 0.0, "test/f1score_label_\u540c\u610f": 0.0, "test/accuracy_label_\u7d0d\u5f97": 0.9662086367607117, "test/presicion_label_\u7d0d\u5f97": 0.0, "test/recall_label_\u7d0d\u5f97": 0.0, "test/f1score_label_\u7d0d\u5f97": 0.0, "test/accuracy_label_\u9a5a\u304d": 0.9823331236839294, "test/presicion_label_\u9a5a\u304d": 0.0, "test/recall_label_\u9a5a\u304d": 0.0, "test/f1score_label_\u9a5a\u304d": 0.0, "test/accuracy_label_\u8a00\u3044\u63db\u3048": 0.9342400431632996, "test/presicion_label_\u8a00\u3044\u63db\u3048": 0.1428571492433548, "test/recall_label_\u8a00\u3044\u63db\u3048": 0.0021551724057644606, "test/f1score_label_\u8a00\u3044\u63db\u3048": 0.00424628471955657, "_wandb": {"runtime": 855}}