{"val_loss": 0.6891521215438843, "val/multilabelaccuracy": 0.9384146332740784, "val/multilabelprecision": 0.6481481194496155, "val/multilabelrecall": 0.5263158082962036, "val/multilabelf1score": 0.5809128880500793, "val/multilabelmatthewscorrcoef": 0.5515256524085999, "epoch": 4, "trainer/global_step": 104, "_timestamp": 1701924055.3886216, "_runtime": 180.78564763069153, "_step": 11, "train_loss": 0.6900595426559448, "train/multilabelaccuracy": 0.9287240505218506, "train/multilabelprecision": 0.5681098103523254, "train/multilabelrecall": 0.5061147809028625, "train/multilabelf1score": 0.5353233814239502, "train/multilabelmatthewscorrcoef": 0.4978378117084503, "train/accuracy_label_0": 0.6398046612739563, "train/presicion_label_0": 0.640586793422699, "train/recall_label_0": 0.9980952143669128, "train/f1score_label_0": 0.7803425192832947, "train/accuracy_label_1": 0.682539701461792, "train/presicion_label_1": 0.4000000059604645, "train/recall_label_1": 0.03125, "train/f1score_label_1": 0.05797101557254791, "train/accuracy_label_2": 0.9072039127349854, "train/presicion_label_2": 0.1666666716337204, "train/recall_label_2": 0.046875, "train/f1score_label_2": 0.0731707289814949, "train/accuracy_label_3": 0.9597069621086121, "train/presicion_label_3": 0.0, "train/recall_label_3": 0.0, "train/f1score_label_3": 0.0, "train/accuracy_label_4": 0.9120879173278809, "train/presicion_label_4": 0.0, "train/recall_label_4": 0.0, "train/f1score_label_4": 0.0, "train/accuracy_label_5": 0.9426129460334778, "train/presicion_label_5": 0.11999999731779099, "train/recall_label_5": 0.1071428582072258, "train/f1score_label_5": 0.11320754885673523, "train/accuracy_label_6": 0.9572649598121643, "train/presicion_label_6": 0.0, "train/recall_label_6": 0.0, "train/f1score_label_6": 0.0, "train/accuracy_label_7": 0.9938949942588806, "train/presicion_label_7": 0.0, "train/recall_label_7": 0.0, "train/f1score_label_7": 0.0, "train/accuracy_label_8": 0.9670329689979553, "train/presicion_label_8": 0.0, "train/recall_label_8": 0.0, "train/f1score_label_8": 0.0, "train/accuracy_label_9": 0.9865689873695374, "train/presicion_label_9": 0.0, "train/recall_label_9": 0.0, "train/f1score_label_9": 0.0, "train/accuracy_label_10": 0.9987789988517761, "train/presicion_label_10": 0.0, "train/recall_label_10": 0.0, "train/f1score_label_10": 0.0, "train/accuracy_label_11": 0.9816849827766418, "train/presicion_label_11": 0.0, "train/recall_label_11": 0.0, "train/f1score_label_11": 0.0, "train/accuracy_label_12": 0.9951159954071045, "train/presicion_label_12": 0.0, "train/recall_label_12": 0.0, "train/f1score_label_12": 0.0, "train/accuracy_label_13": 0.9963369965553284, "train/presicion_label_13": 0.0, "train/recall_label_13": 0.0, "train/f1score_label_13": 0.0, "train/accuracy_label_14": 0.990231990814209, "train/presicion_label_14": 0.0, "train/recall_label_14": 0.0, "train/f1score_label_14": 0.0, "train/accuracy_label_15": 0.9487179517745972, "train/presicion_label_15": 0.0, "train/recall_label_15": 0.0, "train/f1score_label_15": 0.0, "train/loss": 0.684487521648407, "test/confusion_matrix_0_table": {"_type": "table-file", "sha256": "b8fc98c718a1e007a4bbb65be2765397e82b0cafc83f25250baca6f8f75c0820", "size": 206, "artifact_path": "wandb-client-artifact://wg3n7v34pu4abd6bzpb86kai440uzqcwqc3mjr77n4lnmikc10n4kmlhlkv9zxr1y0qrs7pkl3lhi5qz7b06fujrzbax019n9pdmiiezsprk4h4n2cqjzbjyftgzho25:latest/test/confusion_matrix_0_table.table.json", "_latest_artifact_path": "wandb-client-artifact://wg3n7v34pu4abd6bzpb86kai440uzqcwqc3mjr77n4lnmikc10n4kmlhlkv9zxr1y0qrs7pkl3lhi5qz7b06fujrzbax019n9pdmiiezsprk4h4n2cqjzbjyftgzho25:latest/test/confusion_matrix_0_table.table.json", "path": "media/table/test/confusion_matrix_0_table_10_b8fc98c718a1e007a4bb.table.json", "ncols": 3, "nrows": 4}, "test/confusion_matrix_1_table": {"_type": "table-file", "sha256": "b8fc98c718a1e007a4bbb65be2765397e82b0cafc83f25250baca6f8f75c0820", "size": 206, "artifact_path": "wandb-client-artifact://wancoqrac4mukw5396ogwj72t56m4s20fu8ure7b40h8rnj91a5rjfn4644zcoztec858gomwnttlzknyy8rrbal3iyifx27zjyl13itupcmly7vannmhzexkq6z7uv6:latest/test/confusion_matrix_1_table.table.json", "_latest_artifact_path": "wandb-client-artifact://wancoqrac4mukw5396ogwj72t56m4s20fu8ure7b40h8rnj91a5rjfn4644zcoztec858gomwnttlzknyy8rrbal3iyifx27zjyl13itupcmly7vannmhzexkq6z7uv6:latest/test/confusion_matrix_1_table.table.json", "path": "media/table/test/confusion_matrix_1_table_10_b8fc98c718a1e007a4bb.table.json", "ncols": 3, "nrows": 4}, "test/confusion_matrix_2_table": {"_type": "table-file", "sha256": "b8fc98c718a1e007a4bbb65be2765397e82b0cafc83f25250baca6f8f75c0820", "size": 206, "artifact_path": "wandb-client-artifact://jr2twzb0w42epkazqwv87oygxlzd7is8ve4prqi4j089ic5qm3rz11ycc5xmr6bvrs350zfb46lx7pu4hob56o35vrk29udg1xpstykhzp3ib88oakxxh68g52ld93cz:latest/test/confusion_matrix_2_table.table.json", "_latest_artifact_path": "wandb-client-artifact://jr2twzb0w42epkazqwv87oygxlzd7is8ve4prqi4j089ic5qm3rz11ycc5xmr6bvrs350zfb46lx7pu4hob56o35vrk29udg1xpstykhzp3ib88oakxxh68g52ld93cz:latest/test/confusion_matrix_2_table.table.json", "path": "media/table/test/confusion_matrix_2_table_10_b8fc98c718a1e007a4bb.table.json", "ncols": 3, "nrows": 4}, "test/confusion_matrix_3_table": {"_type": "table-file", "sha256": "b8fc98c718a1e007a4bbb65be2765397e82b0cafc83f25250baca6f8f75c0820", "size": 206, "artifact_path": "wandb-client-artifact://bv1uu8ih2hm9jum52miqatossx74pt2xq4mquqovvx6j5v12bfny5a4p1q9q0m35z2jnwxnkrf4h65w292f93w71y6hw7n3y3o6nqlv9dqcprjm06rsvi7ywgaf8jy75:latest/test/confusion_matrix_3_table.table.json", "_latest_artifact_path": "wandb-client-artifact://bv1uu8ih2hm9jum52miqatossx74pt2xq4mquqovvx6j5v12bfny5a4p1q9q0m35z2jnwxnkrf4h65w292f93w71y6hw7n3y3o6nqlv9dqcprjm06rsvi7ywgaf8jy75:latest/test/confusion_matrix_3_table.table.json", "path": "media/table/test/confusion_matrix_3_table_10_b8fc98c718a1e007a4bb.table.json", "ncols": 3, "nrows": 4}, "test/confusion_matrix_4_table": {"_type": "table-file", "sha256": "01c347c664350124631b2c41af0c6d082d19dbba8a197eddd93652d2d0f1b9a8", "size": 288, "artifact_path": "wandb-client-artifact://bitt7hkx7m2o2z354fhnq3mc0whm2k6xjzvu8p1eqsr0y6x10niq81ngjn4rnfookos96m5ui5zefym3i9qrk0w73jvvzmcl1qhi0w0gfldwe6dqicjhqvpk93km7zzd:latest/test/confusion_matrix_4_table.table.json", "_latest_artifact_path": "wandb-client-artifact://bitt7hkx7m2o2z354fhnq3mc0whm2k6xjzvu8p1eqsr0y6x10niq81ngjn4rnfookos96m5ui5zefym3i9qrk0w73jvvzmcl1qhi0w0gfldwe6dqicjhqvpk93km7zzd:latest/test/confusion_matrix_4_table.table.json", "path": "media/table/test/confusion_matrix_4_table_10_01c347c664350124631b.table.json", "ncols": 3, "nrows": 6}, "test/confusion_matrix_5_table": {"_type": "table-file", "sha256": "b8fc98c718a1e007a4bbb65be2765397e82b0cafc83f25250baca6f8f75c0820", "size": 206, "artifact_path": "wandb-client-artifact://yxdg52joezsx0jpuitvvnqg25i2oa35dkc46pss68b0leel7w4k0cb3m9qinx7i142fblj6ehnqpn5f7zmx21t3xbnq7xbjt3pibgf8ab4m3j5ebvu71u0uiekz76njf:latest/test/confusion_matrix_5_table.table.json", "_latest_artifact_path": "wandb-client-artifact://yxdg52joezsx0jpuitvvnqg25i2oa35dkc46pss68b0leel7w4k0cb3m9qinx7i142fblj6ehnqpn5f7zmx21t3xbnq7xbjt3pibgf8ab4m3j5ebvu71u0uiekz76njf:latest/test/confusion_matrix_5_table.table.json", "path": "media/table/test/confusion_matrix_5_table_10_b8fc98c718a1e007a4bb.table.json", "ncols": 3, "nrows": 4}, "test/confusion_matrix_6_table": {"_type": "table-file", "sha256": "b8fc98c718a1e007a4bbb65be2765397e82b0cafc83f25250baca6f8f75c0820", "size": 206, "artifact_path": "wandb-client-artifact://l8uq49vxu60k9xrpegej4j2pusv9yx17ffc4zebuz0ii885jpomphxpam31ndzo66gi3k5ofzg15z2vlf6u48ssg2fztu809hmg1n4qdtm25lvbv7zyrfxmaloyrvm2f:latest/test/confusion_matrix_6_table.table.json", "_latest_artifact_path": "wandb-client-artifact://l8uq49vxu60k9xrpegej4j2pusv9yx17ffc4zebuz0ii885jpomphxpam31ndzo66gi3k5ofzg15z2vlf6u48ssg2fztu809hmg1n4qdtm25lvbv7zyrfxmaloyrvm2f:latest/test/confusion_matrix_6_table.table.json",