{"train/loss": 0.6521563529968262, "epoch": 8, "trainer/global_step": 736, "_timestamp": 1705560581.6995203, "_runtime": 205.79689645767212, "_step": 30, "val_loss": 0.6403902769088745, "val/multilabelaccuracy": 0.8233991861343384, "val/multilabelprecision": 0.27067339420318604, "val/multilabelrecall": 0.3134384751319885, "val/multilabelf1score": 0.27938544750213623, "val/multilabelmatthewscorrcoef": 0.5529732704162598, "val/accuracy_label_\u3042\u3044\u3065\u3061": 0.9482288956642151, "val/presicion_label_\u3042\u3044\u3065\u3061": 0.9470751881599426, "val/recall_label_\u3042\u3044\u3065\u3061": 1.0, "val/f1score_label_\u3042\u3044\u3065\u3061": 0.9728183150291443, "val/accuracy_label_\u611f\u5fc3": 0.8855586051940918, "val/presicion_label_\u611f\u5fc3": 0.882022500038147, "val/recall_label_\u611f\u5fc3": 1.0, "val/f1score_label_\u611f\u5fc3": 0.937313437461853, "val/accuracy_label_\u8a55\u4fa1": 0.6512261629104614, "val/presicion_label_\u8a55\u4fa1": 0.0, "val/recall_label_\u8a55\u4fa1": 0.0, "val/f1score_label_\u8a55\u4fa1": 0.0, "val/accuracy_label_\u7e70\u308a\u8fd4\u3057\u5fdc\u7b54": 0.7138964533805847, "val/presicion_label_\u7e70\u308a\u8fd4\u3057\u5fdc\u7b54": 0.6790540814399719, "val/recall_label_\u7e70\u308a\u8fd4\u3057\u5fdc\u7b54": 0.9526066184043884, "val/f1score_label_\u7e70\u308a\u8fd4\u3057\u5fdc\u7b54": 0.7928994297981262, "val/accuracy_label_\u540c\u610f": 0.6376021504402161, "val/presicion_label_\u540c\u610f": 0.0, "val/recall_label_\u540c\u610f": 0.0, "val/f1score_label_\u540c\u610f": 0.0, "val/accuracy_label_\u7d0d\u5f97": 0.640326976776123, "val/presicion_label_\u7d0d\u5f97": 0.4484536051750183, "val/recall_label_\u7d0d\u5f97": 0.7767857313156128, "val/f1score_label_\u7d0d\u5f97": 0.5686274766921997, "val/accuracy_label_\u9a5a\u304d": 0.7847411632537842, "val/presicion_label_\u9a5a\u304d": 0.4833333194255829, "val/recall_label_\u9a5a\u304d": 0.37662336230278015, "val/f1score_label_\u9a5a\u304d": 0.42335766553878784, "val/accuracy_label_\u8a00\u3044\u63db\u3048": 0.7547683715820312, "val/presicion_label_\u8a00\u3044\u63db\u3048": 0.0, "val/recall_label_\u8a00\u3044\u63db\u3048": 0.0, "val/f1score_label_\u8a00\u3044\u63db\u3048": 0.0, "val/accuracy_label_\u610f\u898b": 0.8719345927238464, "val/presicion_label_\u610f\u898b": 0.0, "val/recall_label_\u610f\u898b": 0.0, "val/f1score_label_\u610f\u898b": 0.0, "val/accuracy_label_\u8003\u3048\u3066\u3044\u308b\u6700\u4e2d": 0.9318801164627075, "val/presicion_label_\u8003\u3048\u3066\u3044\u308b\u6700\u4e2d": 0.4285714328289032, "val/recall_label_\u8003\u3048\u3066\u3044\u308b\u6700\u4e2d": 0.125, "val/f1score_label_\u8003\u3048\u3066\u3044\u308b\u6700\u4e2d": 0.19354838132858276, "val/accuracy_label_\u4e0d\u540c\u610f": 0.9564032554626465, "val/presicion_label_\u4e0d\u540c\u610f": 0.0, "val/recall_label_\u4e0d\u540c\u610f": 0.0, "val/f1score_label_\u4e0d\u540c\u610f": 0.0, "val/accuracy_label_\u88dc\u5b8c": 0.8228882551193237, "val/presicion_label_\u88dc\u5b8c": 0.0, "val/recall_label_\u88dc\u5b8c": 0.0, "val/f1score_label_\u88dc\u5b8c": 0.0, "val/accuracy_label_\u3042\u3044\u3055\u3064": 0.9700272679328918, "val/presicion_label_\u3042\u3044\u3055\u3064": 0.0, "val/recall_label_\u3042\u3044\u3055\u3064": 0.0, "val/f1score_label_\u3042\u3044\u3055\u3064": 0.0, "val/accuracy_label_\u60f3\u8d77": 0.9945504069328308, "val/presicion_label_\u60f3\u8d77": 0.0, "val/recall_label_\u60f3\u8d77": 0.0, "val/f1score_label_\u60f3\u8d77": 0.0, "val/accuracy_label_\u9a5a\u304d\u3068\u3044\u3076\u304b\u308a": 0.9945504069328308, "val/presicion_label_\u9a5a\u304d\u3068\u3044\u3076\u304b\u308a": 0.0, "val/recall_label_\u9a5a\u304d\u3068\u3044\u3076\u304b\u308a": 0.0, "val/f1score_label_\u9a5a\u304d\u3068\u3044\u3076\u304b\u308a": 0.0, "val/accuracy_label_\u305d\u306e\u4ed6": 0.6158038377761841, "val/presicion_label_\u305d\u306e\u4ed6": 0.46226415038108826, "val/recall_label_\u305d\u306e\u4ed6": 0.7839999794960022, "val/f1score_label_\u305d\u306e\u4ed6": 0.5816023945808411, "train_loss": 0.6410096883773804, "train/multilabelaccuracy": 0.7752559781074524, "train/multilabelprecision": 0.2551164925098419, "train/multilabelrecall": 0.3830452859401703, "train/multilabelf1score": 0.2848297655582428, "train/multilabelmatthewscorrcoef": 0.4793391525745392, "train/accuracy_label_\u3042\u3044\u3065\u3061": 0.9549487829208374, "train/presicion_label_\u3042\u3044\u3065\u3061": 0.9550483822822571, "train/recall_label_\u3042\u3044\u3065\u3061": 0.9992763996124268, "train/f1score_label_\u3042\u3044\u3065\u3061": 0.9766619801521301, "train/accuracy_label_\u611f\u5fc3": 0.8477815985679626, "train/presicion_label_\u611f\u5fc3": 0.8473867774009705, "train/recall_label_\u611f\u5fc3": 0.9967213273048401, "train/f1score_label_\u611f\u5fc3": 0.9160075187683105, "train/accuracy_label_\u8a55\u4fa1": 0.6368600726127625, "train/presicion_label_\u8a55\u4fa1": 0.0, "train/recall_label_\u8a55\u4fa1": 0.0, "train/f1score_label_\u8a55\u4fa1": 0.0, "train/accuracy_label_\u7e70\u308a\u8fd4\u3057\u5fdc\u7b54": 0.694197952747345, "train/presicion_label_\u7e70\u308a\u8fd4\u3057\u5fdc\u7b54": 0.6618819832801819, "train/recall_label_\u7e70\u308a\u8fd4\u3057\u5fdc\u7b54": 0.9718969464302063, "train/f1score_label_\u7e70\u308a\u8fd4\u3057\u5fdc\u7b54": 0.7874763011932373, "train/accuracy_label_\u540c\u610f": 0.6791808605194092, "train/presicion_label_\u540c\u610f": 0.0, "train/recall_label_\u540c\u610f": 0.0, "train/f1score_label_\u540c\u610f": 0.0, "train/accuracy_label_\u7d0d\u5f97": 0.5610921382904053, "train/presicion_label_\u7d0d\u5f97": 0.3943943977355957, "train/recall_label_\u7d0d\u5f97": 0.9120370149612427, "train/f1score_label_\u7d0d\u5f97": 0.5506638884544373, "train/accuracy_label_\u9a5a\u304d": 0.6006826162338257, "train/presicion_label_\u9a5a\u304d": 0.3013100326061249, "train/recall_label_\u9a5a\u304d": 0.6634615659713745, "train/f1score_label_\u9a5a\u304d": 0.4144144058227539, "train/accuracy_label_\u8a00\u3044\u63db\u3048": 0.7194539308547974, "train/presicion_label_\u8a00\u3044\u63db\u3048": 0.0, "train/recall_label_\u8a00\u3044\u63db\u3048": 0.0, "train/f1score_label_\u8a00\u3044\u63db\u3048": 0.0, "train/accuracy_label_\u610f\u898b": 0.8607508540153503, "train/presicion_label_\u610f\u898b": 0.0, "train/recall_label_\u610f\u898b": 0.0, "train/f1score_label_\u610f\u898b": 0.0, "train/accuracy_label_\u8003\u3048\u3066\u3044\u308b\u6700\u4e2d": 0.7392491698265076, "train/presicion_label_\u8003\u3048\u3066\u3044\u308b\u6700\u4e2d": 0.15915119647979736, "train/recall_label_\u8003\u3048\u3066\u3044\u308b\u6700\u4e2d": 0.47999998927116394, "train/f1score_label_\u8003\u3048\u3066\u3044\u308b\u6700\u4e2d": 0.23904383182525635, "train/accuracy_label_\u4e0d\u540c\u610f": 0.9426621198654175, "train/presicion_label_\u4e0d\u540c\u610f": 0.0, "train/recall_label_\u4e0d\u540c\u610f": 0.0, "train/f1score_label_\u4e0d\u540c\u610f": 0.0, "train/accuracy_label_\u88dc\u5b8c": 0.8163822293281555, "train/presicion_label_\u88dc\u5b8c": 0.2857142984867096, "train/recall_label_\u88dc\u5b8c": 0.007518797181546688, "train/f1score_label_\u88dc\u5b8c": 0.014652014710009098, "train/accuracy_label_\u3042\u3044\u3055\u3064": 0.835494875907898, "train/presicion_label_\u3042\u3044\u3055\u3064": 0.0476190485060215, "train/recall_label_\u3042\u3044\u3055\u3064": 0.19607843458652496, "train/f1score_label_\u3042\u3044\u3055\u3064": 0.07662834972143173, "train/accuracy_label_\u60f3\u8d77": 0.9836177229881287, "train/presicion_label_\u60f3\u8d77": 0.0, "train/recall_label_\u60f3\u8d77": 0.0, "train/f1score_label_\u60f3\u8d77": 0.0, "train/accuracy_label_\u9a5a\u304d\u3068\u3044\u3076\u304b\u308a": 0.991126298904419, "train/presicion_label_\u9a5a\u304d\u3068\u3044\u3076\u304b\u308a": 0.0, "train/recall_label_\u9a5a\u304d\u3068\u3044\u3076\u304b\u308a": 0.0, "train/f1score_label_\u9a5a\u304d\u3068\u3044\u3076\u304b\u308a": 0.0, "train/accuracy_label_\u305d\u306e\u4ed6": 0.5406143069267273, "train/presicion_label_\u305d\u306e\u4ed6": 0.4293577969074249,