{"val_loss": 0.691521167755127, "val/multilabelaccuracy": 0.9344512224197388, "val/multilabelprecision": 0.6133333444595337, "val/multilabelrecall": 0.518796980381012, "val/multilabelf1score": 0.5621181130409241, "val/multilabelmatthewscorrcoef": 0.5291162729263306, "epoch": 0, "trainer/global_step": 25, "_timestamp": 1701838641.8079069, "_runtime": 41.92294192314148, "_step": 0, "_wandb": {"runtime": 42}}