{"val_loss": 0.6685065627098083, "val/multilabelaccuracy": 0.8416212797164917, "val/multilabelprecision": 0.15414410829544067, "val/multilabelrecall": 0.1864275485277176, "val/multilabelf1score": 0.16761407256126404, "val/multilabelmatthewscorrcoef": 0.5742477774620056, "val/accuracy_label_\u3042\u3044\u3065\u3061": 0.9482288956642151, "val/presicion_label_\u3042\u3044\u3065\u3061": 0.9495798349380493, "val/recall_label_\u3042\u3044\u3065\u3061": 0.9970588088035583, "val/f1score_label_\u3042\u3044\u3065\u3061": 0.9727402925491333, "val/accuracy_label_\u611f\u5fc3": 0.888283371925354, "val/presicion_label_\u611f\u5fc3": 0.8845070600509644, "val/recall_label_\u611f\u5fc3": 1.0, "val/f1score_label_\u611f\u5fc3": 0.9387145042419434, "val/accuracy_label_\u8a55\u4fa1": 0.6512261629104614, "val/presicion_label_\u8a55\u4fa1": 0.0, "val/recall_label_\u8a55\u4fa1": 0.0, "val/f1score_label_\u8a55\u4fa1": 0.0, "val/accuracy_label_\u7e70\u308a\u8fd4\u3057\u5fdc\u7b54": 0.6621253490447998, "val/presicion_label_\u7e70\u308a\u8fd4\u3057\u5fdc\u7b54": 0.6322188377380371, "val/recall_label_\u7e70\u308a\u8fd4\u3057\u5fdc\u7b54": 0.9857819676399231, "val/f1score_label_\u7e70\u308a\u8fd4\u3057\u5fdc\u7b54": 0.770370364189148, "val/accuracy_label_\u540c\u610f": 0.6376021504402161, "val/presicion_label_\u540c\u610f": 0.0, "val/recall_label_\u540c\u610f": 0.0, "val/f1score_label_\u540c\u610f": 0.0, "val/accuracy_label_\u7d0d\u5f97": 0.6948229074478149, "val/presicion_label_\u7d0d\u5f97": 0.0, "val/recall_label_\u7d0d\u5f97": 0.0, "val/f1score_label_\u7d0d\u5f97": 0.0, "val/accuracy_label_\u9a5a\u304d": 0.7901907563209534, "val/presicion_label_\u9a5a\u304d": 0.0, "val/recall_label_\u9a5a\u304d": 0.0, "val/f1score_label_\u9a5a\u304d": 0.0, "val/accuracy_label_\u8a00\u3044\u63db\u3048": 1.0, "val/presicion_label_\u8a00\u3044\u63db\u3048": 0.0, "val/recall_label_\u8a00\u3044\u63db\u3048": 0.0, "val/f1score_label_\u8a00\u3044\u63db\u3048": 0.0, "val/accuracy_label_\u610f\u898b": 0.8719345927238464, "val/presicion_label_\u610f\u898b": 0.0, "val/recall_label_\u610f\u898b": 0.0, "val/f1score_label_\u610f\u898b": 0.0, "val/accuracy_label_\u8003\u3048\u3066\u3044\u308b\u6700\u4e2d": 0.9264305233955383, "val/presicion_label_\u8003\u3048\u3066\u3044\u308b\u6700\u4e2d": 0.0, "val/recall_label_\u8003\u3048\u3066\u3044\u308b\u6700\u4e2d": 0.0, "val/f1score_label_\u8003\u3048\u3066\u3044\u308b\u6700\u4e2d": 0.0, "val/accuracy_label_\u4e0d\u540c\u610f": 0.9564032554626465, "val/presicion_label_\u4e0d\u540c\u610f": 0.0, "val/recall_label_\u4e0d\u540c\u610f": 0.0, "val/f1score_label_\u4e0d\u540c\u610f": 0.0, "val/accuracy_label_\u88dc\u5b8c": 0.8228882551193237, "val/presicion_label_\u88dc\u5b8c": 0.0, "val/recall_label_\u88dc\u5b8c": 0.0, "val/f1score_label_\u88dc\u5b8c": 0.0, "val/accuracy_label_\u3042\u3044\u3055\u3064": 0.9700272679328918, "val/presicion_label_\u3042\u3044\u3055\u3064": 0.0, "val/recall_label_\u3042\u3044\u3055\u3064": 0.0, "val/f1score_label_\u3042\u3044\u3055\u3064": 0.0, "val/accuracy_label_\u60f3\u8d77": 0.9918256402015686, "val/presicion_label_\u60f3\u8d77": 0.0, "val/recall_label_\u60f3\u8d77": 0.0, "val/f1score_label_\u60f3\u8d77": 0.0, "val/accuracy_label_\u9a5a\u304d\u3068\u3044\u3076\u304b\u308a": 0.9945504069328308, "val/presicion_label_\u9a5a\u304d\u3068\u3044\u3076\u304b\u308a": 0.0, "val/recall_label_\u9a5a\u304d\u3068\u3044\u3076\u304b\u308a": 0.0, "val/f1score_label_\u9a5a\u304d\u3068\u3044\u3076\u304b\u308a": 0.0, "val/accuracy_label_\u305d\u306e\u4ed6": 0.6594005227088928, "val/presicion_label_\u305d\u306e\u4ed6": 0.0, "val/recall_label_\u305d\u306e\u4ed6": 0.0, "val/f1score_label_\u305d\u306e\u4ed6": 0.0, "epoch": 4, "trainer/global_step": 184, "_timestamp": 1706064694.7953715, "_runtime": 119.72219157218933, "_step": 11, "train_loss": 0.6702021956443787, "train/multilabelaccuracy": 0.8210324048995972, "train/multilabelprecision": 0.19178767502307892, "train/multilabelrecall": 0.2042679786682129, "train/multilabelf1score": 0.176112100481987, "train/multilabelmatthewscorrcoef": 0.5220399498939514, "train/accuracy_label_\u3042\u3044\u3065\u3061": 0.956313967704773, "train/presicion_label_\u3042\u3044\u3065\u3061": 0.9576388597488403, "train/recall_label_\u3042\u3044\u3065\u3061": 0.997829258441925, "train/f1score_label_\u3042\u3044\u3065\u3061": 0.9773210287094116, "train/accuracy_label_\u611f\u5fc3": 0.8470989465713501, "train/presicion_label_\u611f\u5fc3": 0.8472803235054016, "train/recall_label_\u611f\u5fc3": 0.9959016442298889, "train/f1score_label_\u611f\u5fc3": 0.9155991077423096, "train/accuracy_label_\u8a55\u4fa1": 0.6313993334770203, "train/presicion_label_\u8a55\u4fa1": 0.10000000149011612, "train/recall_label_\u8a55\u4fa1": 0.001879699295386672, "train/f1score_label_\u8a55\u4fa1": 0.0036900369450449944, "train/accuracy_label_\u7e70\u308a\u8fd4\u3057\u5fdc\u7b54": 0.6532423496246338, "train/presicion_label_\u7e70\u308a\u8fd4\u3057\u5fdc\u7b54": 0.6275811195373535, "train/recall_label_\u7e70\u308a\u8fd4\u3057\u5fdc\u7b54": 0.9964871406555176, "train/f1score_label_\u7e70\u308a\u8fd4\u3057\u5fdc\u7b54": 0.770135760307312, "train/accuracy_label_\u540c\u610f": 0.6730375289916992, "train/presicion_label_\u540c\u610f": 0.09090909361839294, "train/recall_label_\u540c\u610f": 0.0021276595070958138, "train/f1score_label_\u540c\u610f": 0.0041580041870474815, "train/accuracy_label_\u7d0d\u5f97": 0.7044368386268616, "train/presicion_label_\u7d0d\u5f97": 0.0, "train/recall_label_\u7d0d\u5f97": 0.0, "train/f1score_label_\u7d0d\u5f97": 0.0, "train/accuracy_label_\u9a5a\u304d": 0.7863481044769287, "train/presicion_label_\u9a5a\u304d": 0.3333333432674408, "train/recall_label_\u9a5a\u304d": 0.0032051282469183207, "train/f1score_label_\u9a5a\u304d": 0.0063492064364254475, "train/accuracy_label_\u8a00\u3044\u63db\u3048": 0.9993174076080322, "train/presicion_label_\u8a00\u3044\u63db\u3048": 0.0, "train/recall_label_\u8a00\u3044\u63db\u3048": 0.0, "train/f1score_label_\u8a00\u3044\u63db\u3048": 0.0, "train/accuracy_label_\u610f\u898b": 0.8614334464073181, "train/presicion_label_\u610f\u898b": 0.0, "train/recall_label_\u610f\u898b": 0.0, "train/f1score_label_\u610f\u898b": 0.0, "train/accuracy_label_\u8003\u3048\u3066\u3044\u308b\u6700\u4e2d": 0.8197952508926392, "train/presicion_label_\u8003\u3048\u3066\u3044\u308b\u6700\u4e2d": 0.09356725215911865, "train/recall_label_\u8003\u3048\u3066\u3044\u308b\u6700\u4e2d": 0.12800000607967377, "train/f1score_label_\u8003\u3048\u3066\u3044\u308b\u6700\u4e2d": 0.10810811072587967, "train/accuracy_label_\u4e0d\u540c\u610f": 0.9160409569740295, "train/presicion_label_\u4e0d\u540c\u610f": 0.0, "train/recall_label_\u4e0d\u540c\u610f": 0.0, "train/f1score_label_\u4e0d\u540c\u610f": 0.0, "train/accuracy_label_\u88dc\u5b8c": 0.8184300065040588, "train/presicion_label_\u88dc\u5b8c": 0.0, "train/recall_label_\u88dc\u5b8c": 0.0, "train/f1score_label_\u88dc\u5b8c": 0.0, "train/accuracy_label_\u3042\u3044\u3055\u3064": 0.9576791524887085, "train/presicion_label_\u3042\u3044\u3055\u3064": 0.0, "train/recall_label_\u3042\u3044\u3055\u3064": 0.0, "train/f1score_label_\u3042\u3044\u3055\u3064": 0.0, "train/accuracy_label_\u60f3\u8d77": 0.8778157234191895, "train/presicion_label_\u60f3\u8d77": 0.018292682245373726, "train/recall_label_\u60f3\u8d77": 0.1428571492433548, "train/f1score_label_\u60f3\u8d77": 0.0324324332177639, "train/accuracy_label_\u9a5a\u304d\u3068\u3044\u3076\u304b\u308a": 0.9904437065124512, "train/presicion_label_\u9a5a\u304d\u3068\u3044\u3076\u304b\u308a": 0.0, "train/recall_label_\u9a5a\u304d\u3068\u3044\u3076\u304b\u308a": 0.0, "train/f1score_label_\u9a5a\u304d\u3068\u3044\u3076\u304b\u308a": 0.0, "train/accuracy_label_\u305d\u306e\u4ed6": 0.6436859965324402, "train/presicion_label_\u305d\u306e\u4ed6": 0.0, "train/recall_label_\u305d\u306e\u4ed6": 0.0, "train/f1score_label_\u305d\u306e\u4ed6": 0.0, "train/loss": 0.6724460124969482, "test_loss": 0.667509913444519, "test/multilabelaccuracy": 0.8482972383499146,