{"val_accuracy": 0.9950730800628662, "epoch": 0, "trainer/global_step": 7, "_timestamp": 1685930520.5494678, "_runtime": 495.13942670822144, "_step": 0, "_wandb": {"runtime": 495}}