{"train/loss": 0.6870808601379395, "epoch": 2, "trainer/global_step": 1099, "_timestamp": 1700111557.7115126, "_runtime": 1724.9891896247864, "_step": 25, "val_loss": 0.6874439716339111, "val/binaryaccuracy": 0.9407337307929993, "val/binaryprecision": 0.6861912608146667, "val/binaryrecall": 0.44430193305015564, "val/binaryf1score": 0.5393683314323425, "val/binarymatthewscorrcoef": 0.5230134129524231, "train_loss": 0.6875351071357727, "train/binaryaccuracy": 0.9408625364303589, "train/binaryprecision": 0.6871160864830017, "train/binaryrecall": 0.4340415596961975, "train/binaryf1score": 0.5320160984992981, "train/binarymatthewscorrcoef": 0.5172991156578064, "_wandb": {"runtime": 1765}}