{"val_loss": 0.6914580464363098, "val/multilabelaccuracy": 0.9390243887901306, "val/multilabelprecision": 0.6571428775787354, "val/multilabelrecall": 0.518796980381012, "val/multilabelf1score": 0.5798319578170776, "val/multilabelmatthewscorrcoef": 0.5518975853919983, "epoch": 0, "trainer/global_step": 25, "_timestamp": 1700630448.0892413, "_runtime": 42.39285135269165, "_step": 0, "_wandb": {"runtime": 42}}