{"test/accuracy_label_補完":0.9361867904663086,"test/accuracy_label_評価":0.9089494347572327,"test/recall_label_その他":0.8125622868537903,"test/presicion_label_驚きといぶかり":1,"test/accuracy_label_あいづち":0.9898832440376282,"test/accuracy_label_感心":0.9778209924697876,"test/accuracy_label_納得":0.9050583839416504,"test/multilabelaccuracy":0.9336819052696228,"epoch":0,"test/f1score_label_感心":0.9881423115730286,"test/presicion_label_評価":0.882300078868866,"test/f1score_label_その他":0.8660998940467834,"test/f1score_label_評価":0.8935396075248718,"test/recall_label_驚きといぶかり":0.5454545617103577,"test_loss":0.5476669073104858,"test/recall_label_繰り返し応答":0.9600231647491455,"test/accuracy_label_考えている最中":0.966926097869873,"test/accuracy_label_繰り返し応答":0.8980544805526733,"test/recall_label_不同意":0.7908496856689453,"test/presicion_label_言い換え":0,"test/presicion_label_納得":0.8582502603530884,"test/recall_label_考えている最中":0.6622806787490845,"test/presicion_label_あいづち":0.9904950261116028,"trainer/global_step":0,"test/presicion_label_考えている最中":0.9496855139732361,"_step":0,"test/f1score_label_驚き":0.8762243986129761,"test/f1score_label_補完":0.8221257925033569,"test/presicion_label_不同意":0.8962963223457336,"test/multilabelf1score":0.8082515001296997,"_wandb":{"runtime":71},"test/presicion_label_繰り返し応答":0.8956756591796875,"test/presicion_label_同意":0.8663883209228516,"test/multilabelrecall":0.7728394269943237,"test/presicion_label_感心":0.9862957000732422,"test/recall_label_あいづち":0.9992009401321411,"test/f1score_label_不同意":0.8402777910232544,"test/f1score_label_言い換え":0,"test/presicion_label_驚き":0.9094269871711731,"test/multilabelmatthewscorrcoef":0.8469300866127014,"test/f1score_label_驚きといぶかり":0.7058823704719543,"test/recall_label_意見":0.7463054060935974,"test/recall_label_同意":0.9120879173278809,"test/f1score_label_同意":0.8886509537696838,"test/recall_label_驚き":0.8453608155250549,"test/accuracy_label_言い換え":0.6797665357589722,"test/presicion_label_意見":0.8757225275039673,"test/accuracy_label_不同意":0.9821011424064636,"test/f1score_label_納得":0.8639910817146301,"test/recall_label_言い換え":0,"test/recall_label_納得":0.8698092103004456,"test/recall_label_あいさつ":0.790123462677002,"test/accuracy_label_驚き":0.9459143877029419,"test/presicion_label_あいさつ":0.9014084339141846,"test/f1score_label_想起":0.8372092843055725,"test/multilabelprecision":0.8592416644096375,"test/recall_label_評価":0.90506911277771,"test/f1score_label_意見":0.8058510422706604,"test/recall_label_補完":0.7863070368766785,"test/f1score_label_あいさつ":0.8421052694320679,"test/accuracy_label_その他":0.9019455313682556,"test/f1score_label_あいづち":0.9948289394378662,"test/accuracy_label_意見":0.9431906342506409,"test/accuracy_label_同意":0.9190661311149597,"test/presicion_label_補完":0.8613636493682861,"test/recall_label_想起":0.75,"test/accuracy_label_あいさつ":0.9906615018844604,"test/f1score_label_繰り返し応答":0.9267337918281555,"test/f1score_label_考えている最中":0.7803617715835571,"_runtime":70.489636987,"test/recall_label_感心":0.9899958372116089,"test/accuracy_label_驚きといぶかり":0.9961089491844177,"test/presicion_label_その他":0.9271900057792664,"_timestamp":1.7358238497753103e+09,"test/accuracy_label_想起":0.997276246547699,"test/presicion_label_想起":0.9473684430122375}