{"val_loss": 0.6724957823753357, "val/multilabelaccuracy": 0.6519230604171753, "val/multilabelprecision": 0.4580529034137726, "val/multilabelrecall": 0.4838608503341675, "val/multilabelf1score": 0.4293362498283386, "val/multilabelmatthewscorrcoef": 0.3059529960155487, "val/accuracy_label_\u3042\u3044\u3065\u3061": 0.9230769276618958, "val/presicion_label_\u3042\u3044\u3065\u3061": 0.9230769276618958, "val/recall_label_\u3042\u3044\u3065\u3061": 1.0, "val/f1score_label_\u3042\u3044\u3065\u3061": 0.9599999785423279, "val/accuracy_label_\u611f\u5fc3": 0.8615384697914124, "val/presicion_label_\u611f\u5fc3": 0.8615384697914124, "val/recall_label_\u611f\u5fc3": 1.0, "val/f1score_label_\u611f\u5fc3": 0.9256198406219482, "val/accuracy_label_\u8a55\u4fa1": 0.5846154093742371, "val/presicion_label_\u8a55\u4fa1": 0.4375, "val/recall_label_\u8a55\u4fa1": 0.6086956262588501, "val/f1score_label_\u8a55\u4fa1": 0.5090909004211426, "val/accuracy_label_\u7e70\u308a\u8fd4\u3057\u5fdc\u7b54": 0.4000000059604645, "val/presicion_label_\u7e70\u308a\u8fd4\u3057\u5fdc\u7b54": 0.5, "val/recall_label_\u7e70\u308a\u8fd4\u3057\u5fdc\u7b54": 0.05128205195069313, "val/f1score_label_\u7e70\u308a\u8fd4\u3057\u5fdc\u7b54": 0.09302325546741486, "val/accuracy_label_\u540c\u610f": 0.5230769515037537, "val/presicion_label_\u540c\u610f": 0.25, "val/recall_label_\u540c\u610f": 0.11999999731779099, "val/f1score_label_\u540c\u610f": 0.1621621549129486, "val/accuracy_label_\u7d0d\u5f97": 0.6461538672447205, "val/presicion_label_\u7d0d\u5f97": 0.0, "val/recall_label_\u7d0d\u5f97": 0.0, "val/f1score_label_\u7d0d\u5f97": 0.0, "val/accuracy_label_\u9a5a\u304d": 0.7846153974533081, "val/presicion_label_\u9a5a\u304d": 0.20000000298023224, "val/recall_label_\u9a5a\u304d": 0.09090909361839294, "val/f1score_label_\u9a5a\u304d": 0.125, "val/accuracy_label_\u305d\u306e\u4ed6": 0.4923076927661896, "val/presicion_label_\u305d\u306e\u4ed6": 0.4923076927661896, "val/recall_label_\u305d\u306e\u4ed6": 1.0, "val/f1score_label_\u305d\u306e\u4ed6": 0.6597937941551208, "epoch": 8, "trainer/global_step": 24, "_timestamp": 1704939387.0804017, "_runtime": 138.72703576087952, "_step": 16, "train_loss": 0.6738526821136475, "train/multilabelaccuracy": 0.6551556587219238, "train/multilabelprecision": 0.4574211835861206, "train/multilabelrecall": 0.4854639172554016, "train/multilabelf1score": 0.4239322543144226, "train/multilabelmatthewscorrcoef": 0.311305969953537, "train/accuracy_label_\u3042\u3044\u3065\u3061": 0.957198441028595, "train/presicion_label_\u3042\u3044\u3065\u3061": 0.957198441028595, "train/recall_label_\u3042\u3044\u3065\u3061": 1.0, "train/f1score_label_\u3042\u3044\u3065\u3061": 0.9781312346458435, "train/accuracy_label_\u611f\u5fc3": 0.8715953230857849, "train/presicion_label_\u611f\u5fc3": 0.8715953230857849, "train/recall_label_\u611f\u5fc3": 1.0, "train/f1score_label_\u611f\u5fc3": 0.9313929080963135, "train/accuracy_label_\u8a55\u4fa1": 0.505836546421051, "train/presicion_label_\u8a55\u4fa1": 0.4054054021835327, "train/recall_label_\u8a55\u4fa1": 0.6060606241226196, "train/f1score_label_\u8a55\u4fa1": 0.4858299493789673, "train/accuracy_label_\u7e70\u308a\u8fd4\u3057\u5fdc\u7b54": 0.3852140009403229, "train/presicion_label_\u7e70\u308a\u8fd4\u3057\u5fdc\u7b54": 0.6000000238418579, "train/recall_label_\u7e70\u308a\u8fd4\u3057\u5fdc\u7b54": 0.01886792480945587, "train/f1score_label_\u7e70\u308a\u8fd4\u3057\u5fdc\u7b54": 0.03658536449074745, "train/accuracy_label_\u540c\u610f": 0.5642023086547852, "train/presicion_label_\u540c\u610f": 0.2602739632129669, "train/recall_label_\u540c\u610f": 0.2467532455921173, "train/f1score_label_\u540c\u610f": 0.25333333015441895, "train/accuracy_label_\u7d0d\u5f97": 0.6381322741508484, "train/presicion_label_\u7d0d\u5f97": 0.0, "train/recall_label_\u7d0d\u5f97": 0.0, "train/f1score_label_\u7d0d\u5f97": 0.0, "train/accuracy_label_\u9a5a\u304d": 0.801556408405304, "train/presicion_label_\u9a5a\u304d": 0.05882352963089943, "train/recall_label_\u9a5a\u304d": 0.02777777798473835, "train/f1score_label_\u9a5a\u304d": 0.03773584961891174, "train/accuracy_label_\u305d\u306e\u4ed6": 0.5175096988677979, "train/presicion_label_\u305d\u306e\u4ed6": 0.5060728788375854, "train/recall_label_\u305d\u306e\u4ed6": 0.9842519760131836, "train/f1score_label_\u305d\u306e\u4ed6": 0.6684492230415344, "test_loss": 0.6716439723968506, "test/multilabelaccuracy": 0.6638199090957642, "test/multilabelprecision": 0.4835689067840576, "test/multilabelrecall": 0.47488418221473694, "test/multilabelf1score": 0.4292103052139282, "test/multilabelmatthewscorrcoef": 0.33039629459381104, "_wandb": {"runtime": 138}}