{"val_loss": 0.6403865814208984, "val/multilabelaccuracy": 0.7557901740074158, "val/multilabelprecision": 0.464213103055954, "val/multilabelrecall": 0.5527865290641785, "val/multilabelf1score": 0.5024865865707397, "val/multilabelmatthewscorrcoef": 0.5130212306976318, "val/accuracy_label_\u3042\u3044\u3065\u3061": 0.9536784887313843, "val/presicion_label_\u3042\u3044\u3065\u3061": 0.9526462554931641, "val/recall_label_\u3042\u3044\u3065\u3061": 1.0, "val/f1score_label_\u3042\u3044\u3065\u3061": 0.9757489562034607, "val/accuracy_label_\u611f\u5fc3": 0.8855586051940918, "val/presicion_label_\u611f\u5fc3": 0.8816901445388794, "val/recall_label_\u611f\u5fc3": 1.0, "val/f1score_label_\u611f\u5fc3": 0.9371257424354553, "val/accuracy_label_\u8a55\u4fa1": 0.6975476741790771, "val/presicion_label_\u8a55\u4fa1": 0.5797101259231567, "val/recall_label_\u8a55\u4fa1": 0.6015037298202515, "val/f1score_label_\u8a55\u4fa1": 0.5904058814048767, "val/accuracy_label_\u7e70\u308a\u8fd4\u3057\u5fdc\u7b54": 0.7111716866493225, "val/presicion_label_\u7e70\u308a\u8fd4\u3057\u5fdc\u7b54": 0.6845637559890747, "val/recall_label_\u7e70\u308a\u8fd4\u3057\u5fdc\u7b54": 0.9444444179534912, "val/f1score_label_\u7e70\u308a\u8fd4\u3057\u5fdc\u7b54": 0.7937743067741394, "val/accuracy_label_\u540c\u610f": 0.6457765698432922, "val/presicion_label_\u540c\u610f": 0.0, "val/recall_label_\u540c\u610f": 0.0, "val/f1score_label_\u540c\u610f": 0.0, "val/accuracy_label_\u7d0d\u5f97": 0.7002725005149841, "val/presicion_label_\u7d0d\u5f97": 0.0, "val/recall_label_\u7d0d\u5f97": 0.0, "val/f1score_label_\u7d0d\u5f97": 0.0, "val/accuracy_label_\u9a5a\u304d": 0.7929155230522156, "val/presicion_label_\u9a5a\u304d": 0.0, "val/recall_label_\u9a5a\u304d": 0.0, "val/f1score_label_\u9a5a\u304d": 0.0, "val/accuracy_label_\u305d\u306e\u4ed6": 0.6594005227088928, "val/presicion_label_\u305d\u306e\u4ed6": 0.6150943636894226, "val/recall_label_\u305d\u306e\u4ed6": 0.8763440847396851, "val/f1score_label_\u305d\u306e\u4ed6": 0.7228381633758545, "epoch": 8, "trainer/global_step": 368, "_timestamp": 1705282678.3578844, "_runtime": 177.21387648582458, "_step": 23, "train_loss": 0.6433289051055908, "train/multilabelaccuracy": 0.7521315813064575, "train/multilabelprecision": 0.45516374707221985, "train/multilabelrecall": 0.5762940049171448, "train/multilabelf1score": 0.5060797929763794, "train/multilabelmatthewscorrcoef": 0.5041046142578125, "train/accuracy_label_\u3042\u3044\u3065\u3061": 0.957025945186615, "train/presicion_label_\u3042\u3044\u3065\u3061": 0.9576388597488403, "train/recall_label_\u3042\u3044\u3065\u3061": 0.9985517859458923, "train/f1score_label_\u3042\u3044\u3065\u3061": 0.977667510509491, "train/accuracy_label_\u611f\u5fc3": 0.8540245294570923, "train/presicion_label_\u611f\u5fc3": 0.8554301857948303, "train/recall_label_\u611f\u5fc3": 0.9926350116729736, "train/f1score_label_\u611f\u5fc3": 0.9189394116401672, "train/accuracy_label_\u8a55\u4fa1": 0.6834924817085266, "train/presicion_label_\u8a55\u4fa1": 0.5451936721801758, "train/recall_label_\u8a55\u4fa1": 0.7210626006126404, "train/f1score_label_\u8a55\u4fa1": 0.6209150552749634, "train/accuracy_label_\u7e70\u308a\u8fd4\u3057\u5fdc\u7b54": 0.6903137564659119, "train/presicion_label_\u7e70\u308a\u8fd4\u3057\u5fdc\u7b54": 0.657392680644989, "train/recall_label_\u7e70\u308a\u8fd4\u3057\u5fdc\u7b54": 0.9729411602020264, "train/f1score_label_\u7e70\u308a\u8fd4\u3057\u5fdc\u7b54": 0.7846300005912781, "train/accuracy_label_\u540c\u610f": 0.6773533225059509, "train/presicion_label_\u540c\u610f": 0.0, "train/recall_label_\u540c\u610f": 0.0, "train/f1score_label_\u540c\u610f": 0.0, "train/accuracy_label_\u7d0d\u5f97": 0.7005457282066345, "train/presicion_label_\u7d0d\u5f97": 0.0, "train/recall_label_\u7d0d\u5f97": 0.0, "train/f1score_label_\u7d0d\u5f97": 0.0, "train/accuracy_label_\u9a5a\u304d": 0.7864938378334045, "train/presicion_label_\u9a5a\u304d": 0.0, "train/recall_label_\u9a5a\u304d": 0.0, "train/f1score_label_\u9a5a\u304d": 0.0, "train/accuracy_label_\u305d\u306e\u4ed6": 0.6678035259246826, "train/presicion_label_\u305d\u306e\u4ed6": 0.6256544589996338, "train/recall_label_\u305d\u306e\u4ed6": 0.9251613020896912, "train/f1score_label_\u305d\u306e\u4ed6": 0.7464861869812012, "train/loss": 0.6346567273139954, "test_loss": 0.6399743556976318, "test/multilabelaccuracy": 0.7457298040390015, "test/multilabelprecision": 0.4510585069656372, "test/multilabelrecall": 0.5646744966506958, "test/multilabelf1score": 0.4986448884010315, "test/multilabelmatthewscorrcoef": 0.49101585149765015, "_wandb": {"runtime": 177}}