{"val_loss": 1.0058977603912354, "epoch": 0, "trainer/global_step": 7, "_timestamp": 1687317420.3044798, "_runtime": 547.0594289302826, "_step": 0, "_wandb": {"runtime": 582}}