{"train/loss": 0.6403512954711914, "epoch": 6, "trainer/global_step": 27630, "_timestamp": 1716444014.1551137, "_runtime": 2520.113763809204, "_step": 564, "val_loss": 0.6404571533203125, "val/multilabelaccuracy": 0.8751702308654785, "val/multilabelprecision": 0.337494432926178, "val/multilabelrecall": 0.35134661197662354, "val/multilabelf1score": 0.31177735328674316, "val/multilabelmatthewscorrcoef": 0.6719359159469604, "val/accuracy_label_\u3042\u3044\u3065\u3061": 0.9762645959854126, "val/presicion_label_\u3042\u3044\u3065\u3061": 0.9788318276405334, "val/recall_label_\u3042\u3044\u3065\u3061": 0.9972044825553894, "val/f1score_label_\u3042\u3044\u3065\u3061": 0.9879327416419983, "val/accuracy_label_\u611f\u5fc3": 0.9603112936019897, "val/presicion_label_\u611f\u5fc3": 0.9614121317863464, "val/recall_label_\u611f\u5fc3": 0.9965957403182983, "val/f1score_label_\u611f\u5fc3": 0.9786878228187561, "val/accuracy_label_\u8a55\u4fa1": 0.6575875282287598, "val/presicion_label_\u8a55\u4fa1": 0.0, "val/recall_label_\u8a55\u4fa1": 0.0, "val/f1score_label_\u8a55\u4fa1": 0.0, "val/accuracy_label_\u7e70\u308a\u8fd4\u3057\u5fdc\u7b54": 0.9081711769104004, "val/presicion_label_\u7e70\u308a\u8fd4\u3057\u5fdc\u7b54": 0.9034572839736938, "val/recall_label_\u7e70\u308a\u8fd4\u3057\u5fdc\u7b54": 0.9402579665184021, "val/f1score_label_\u7e70\u308a\u8fd4\u3057\u5fdc\u7b54": 0.9214903712272644, "val/accuracy_label_\u540c\u610f": 0.7883268594741821, "val/presicion_label_\u540c\u610f": 0.5899654030799866, "val/recall_label_\u540c\u610f": 0.9069148898124695, "val/f1score_label_\u540c\u610f": 0.7148846983909607, "val/accuracy_label_\u7d0d\u5f97": 0.7178988456726074, "val/presicion_label_\u7d0d\u5f97": 0.5015949010848999, "val/recall_label_\u7d0d\u5f97": 0.8628258109092712, "val/f1score_label_\u7d0d\u5f97": 0.6343923211097717, "val/accuracy_label_\u9a5a\u304d": 0.8264591693878174, "val/presicion_label_\u9a5a\u304d": 0.20000000298023224, "val/recall_label_\u9a5a\u304d": 0.004545454401522875, "val/f1score_label_\u9a5a\u304d": 0.008888889104127884, "val/accuracy_label_\u8a00\u3044\u63db\u3048": 1.0, "val/presicion_label_\u8a00\u3044\u63db\u3048": 0.0, "val/recall_label_\u8a00\u3044\u63db\u3048": 0.0, "val/f1score_label_\u8a00\u3044\u63db\u3048": 0.0, "val/accuracy_label_\u610f\u898b": 0.8817120790481567, "val/presicion_label_\u610f\u898b": 0.4444444477558136, "val/recall_label_\u610f\u898b": 0.013201320543885231, "val/f1score_label_\u610f\u898b": 0.025641025975346565, "val/accuracy_label_\u8003\u3048\u3066\u3044\u308b\u6700\u4e2d": 0.9334630370140076, "val/presicion_label_\u8003\u3048\u3066\u3044\u308b\u6700\u4e2d": 0.47457626461982727, "val/recall_label_\u8003\u3048\u3066\u3044\u308b\u6700\u4e2d": 0.1666666716337204, "val/f1score_label_\u8003\u3048\u3066\u3044\u308b\u6700\u4e2d": 0.24669604003429413, "val/accuracy_label_\u4e0d\u540c\u610f": 0.9560311436653137, "val/presicion_label_\u4e0d\u540c\u610f": 0.0, "val/recall_label_\u4e0d\u540c\u610f": 0.0, "val/f1score_label_\u4e0d\u540c\u610f": 0.0, "val/accuracy_label_\u88dc\u5b8c": 0.7778210043907166, "val/presicion_label_\u88dc\u5b8c": 0.34562841057777405, "val/recall_label_\u88dc\u5b8c": 0.7333333492279053, "val/f1score_label_\u88dc\u5b8c": 0.46982359886169434, "val/accuracy_label_\u3042\u3044\u3055\u3064": 0.9735408425331116, "val/presicion_label_\u3042\u3044\u3055\u3064": 0.0, "val/recall_label_\u3042\u3044\u3055\u3064": 0.0, "val/f1score_label_\u3042\u3044\u3055\u3064": 0.0, "val/accuracy_label_\u60f3\u8d77": 0.9785992503166199, "val/presicion_label_\u60f3\u8d77": 0.0, "val/recall_label_\u60f3\u8d77": 0.0, "val/f1score_label_\u60f3\u8d77": 0.0, "val/accuracy_label_\u9a5a\u304d\u3068\u3044\u3076\u304b\u308a": 0.9926069974899292, "val/presicion_label_\u9a5a\u304d\u3068\u3044\u3076\u304b\u308a": 0.0, "val/recall_label_\u9a5a\u304d\u3068\u3044\u3076\u304b\u308a": 0.0, "val/f1score_label_\u9a5a\u304d\u3068\u3044\u3076\u304b\u308a": 0.0, "val/accuracy_label_\u305d\u306e\u4ed6": 0.6739299893379211, "val/presicion_label_\u305d\u306e\u4ed6": 0.0, "val/recall_label_\u305d\u306e\u4ed6": 0.0, "val/f1score_label_\u305d\u306e\u4ed6": 0.0, "train_loss": 0.6374000906944275, "train/multilabelaccuracy": 0.8562816381454468, "train/multilabelprecision": 0.3441753089427948, "train/multilabelrecall": 0.3489511013031006, "train/multilabelf1score": 0.3217528462409973, "train/multilabelmatthewscorrcoef": 0.6497775316238403, "train/accuracy_label_\u3042\u3044\u3065\u3061": 0.9926623702049255, "train/presicion_label_\u3042\u3044\u3065\u3061": 0.9934431910514832, "train/recall_label_\u3042\u3044\u3065\u3061": 0.9991854429244995, "train/f1score_label_\u3042\u3044\u3065\u3061": 0.9963060617446899, "train/accuracy_label_\u611f\u5fc3": 0.9752567410469055, "train/presicion_label_\u611f\u5fc3": 0.9757081270217896, "train/recall_label_\u611f\u5fc3": 0.9988414645195007, "train/f1score_label_\u611f\u5fc3": 0.9871392846107483, "train/accuracy_label_\u8a55\u4fa1": 0.6302472949028015, "train/presicion_label_\u8a55\u4fa1": 0.0, "train/recall_label_\u8a55\u4fa1": 0.0, "train/f1score_label_\u8a55\u4fa1": 0.0, "train/accuracy_label_\u7e70\u308a\u8fd4\u3057\u5fdc\u7b54": 0.9069374203681946, "train/presicion_label_\u7e70\u308a\u8fd4\u3057\u5fdc\u7b54": 0.8942140936851501, "train/recall_label_\u7e70\u308a\u8fd4\u3057\u5fdc\u7b54": 0.9626043438911438, "train/f1score_label_\u7e70\u308a\u8fd4\u3057\u5fdc\u7b54": 0.927149772644043, "train/accuracy_label_\u540c\u610f": 0.8410381078720093, "train/presicion_label_\u540c\u610f": 0.7138856649398804, "train/recall_label_\u540c\u610f": 0.9024827480316162, "train/f1score_label_\u540c\u610f": 0.7971814870834351, "train/accuracy_label_\u7d0d\u5f97": 0.7439111471176147, "train/presicion_label_\u7d0d\u5f97": 0.5643836259841919, "train/recall_label_\u7d0d\u5f97": 0.8273133635520935, "train/f1score_label_\u7d0d\u5f97": 0.671011209487915, "train/accuracy_label_\u9a5a\u304d": 0.8040861487388611, "train/presicion_label_\u9a5a\u304d": 0.2772020697593689, "train/recall_label_\u9a5a\u304d": 0.00858954805880785, "train/f1score_label_\u9a5a\u304d": 0.016662772744894028, "train/accuracy_label_\u8a00\u3044\u63db\u3048": 1.0, "train/presicion_label_\u8a00\u3044\u63db\u3048": 0.0, "train/recall_label_\u8a00\u3044\u63db\u3048": 0.0, "train/f1score_label_\u8a00\u3044\u63db\u3048": 0.0, "train/accuracy_label_\u610f\u898b": 0.8187769651412964, "train/presicion_label_\u610f\u898b": 0.3684210479259491, "train/recall_label_\u610f\u898b": 0.0011994516244158149, "train/f1score_label_\u610f\u898b": 0.0023911187890917063, "train/accuracy_label_\u8003\u3048\u3066\u3044\u308b\u6700\u4e2d": 0.8747323751449585, "train/presicion_label_\u8003\u3048\u3066\u3044\u308b\u6700\u4e2d": 0.2667601704597473, "train/recall_label_\u8003\u3048\u3066\u3044\u308b\u6700\u4e2d": 0.1483156532049179, "train/f1score_label_\u8003\u3048\u3066\u3044\u308b\u6700\u4e2d": 0.190638467669487, "train/accuracy_label_\u4e0d\u540c\u610f": 0.9376376867294312, "train/presicion_label_\u4e0d\u540c\u610f": 0.0, "train/recall_label_\u4e0d\u540c\u610f": 0.0, "train/f1score_label_\u4e0d\u540c\u610f": 0.0, "train/accuracy_label_\u88dc\u5b8c": 0.7447333335876465, "train/presicion_label_\u88dc\u5b8c": 0.44881102442741394, "train/recall_label_\u88dc\u5b8c": 0.7321985960006714, "train/f1score_label_\u88dc\u5b8c": 0.5565048456192017, "train/accuracy_label_\u3042\u3044\u3055\u3064": 0.956982433795929, "train/presicion_label_\u3042\u3044\u3055\u3064": 0.0, "train/recall_label_\u3042\u3044\u3055\u3064": 0.0, "train/f1score_label_\u3042\u3044\u3055\u3064": 0.0, "train/accuracy_label_\u60f3\u8d77": 0.9797865152359009, "train/presicion_label_\u60f3\u8d77": 0.003976142965257168, "train/recall_label_\u60f3\u8d77": 0.002487562131136656,