{"val_loss": 0.12096813321113586, "val/multilabelaccuracy": 0.7476158142089844, "val/multilabelprecision": 0.454112708568573, "val/multilabelrecall": 0.5781872868537903, "val/multilabelf1score": 0.5052782297134399, "val/multilabelmatthewscorrcoef": 0.4951039254665375, "val/accuracy_label_\u3042\u3044\u3065\u3061": 0.9536784887313843, "val/presicion_label_\u3042\u3044\u3065\u3061": 0.9551820755004883, "val/recall_label_\u3042\u3044\u3065\u3061": 0.9970760345458984, "val/f1score_label_\u3042\u3044\u3065\u3061": 0.9756795167922974, "val/accuracy_label_\u611f\u5fc3": 0.891008198261261, "val/presicion_label_\u611f\u5fc3": 0.8888888955116272, "val/recall_label_\u611f\u5fc3": 0.9968051314353943, "val/f1score_label_\u611f\u5fc3": 0.9397590160369873, "val/accuracy_label_\u8a55\u4fa1": 0.6376021504402161, "val/presicion_label_\u8a55\u4fa1": 0.0, "val/recall_label_\u8a55\u4fa1": 0.0, "val/f1score_label_\u8a55\u4fa1": 0.0, "val/accuracy_label_\u7e70\u308a\u8fd4\u3057\u5fdc\u7b54": 0.7084468603134155, "val/presicion_label_\u7e70\u308a\u8fd4\u3057\u5fdc\u7b54": 0.6786885261535645, "val/recall_label_\u7e70\u308a\u8fd4\u3057\u5fdc\u7b54": 0.9583333134651184, "val/f1score_label_\u7e70\u308a\u8fd4\u3057\u5fdc\u7b54": 0.7946256995201111, "val/accuracy_label_\u540c\u610f": 0.6294277906417847, "val/presicion_label_\u540c\u610f": 0.4861111044883728, "val/recall_label_\u540c\u610f": 0.807692289352417, "val/f1score_label_\u540c\u610f": 0.6069363951683044, "val/accuracy_label_\u7d0d\u5f97": 0.7002725005149841, "val/presicion_label_\u7d0d\u5f97": 0.0, "val/recall_label_\u7d0d\u5f97": 0.0, "val/f1score_label_\u7d0d\u5f97": 0.0, "val/accuracy_label_\u9a5a\u304d": 0.7929155230522156, "val/presicion_label_\u9a5a\u304d": 0.0, "val/recall_label_\u9a5a\u304d": 0.0, "val/f1score_label_\u9a5a\u304d": 0.0, "val/accuracy_label_\u8a00\u3044\u63db\u3048": 0.667574942111969, "val/presicion_label_\u8a00\u3044\u63db\u3048": 0.6240310072898865, "val/recall_label_\u8a00\u3044\u63db\u3048": 0.8655914068222046, "val/f1score_label_\u8a00\u3044\u63db\u3048": 0.7252252101898193, "epoch": 8, "trainer/global_step": 368, "_timestamp": 1705565545.9644432, "_runtime": 181.87967228889465, "_step": 23, "train_loss": 0.12175481021404266, "train/multilabelaccuracy": 0.7539222240447998, "train/multilabelprecision": 0.5197271704673767, "train/multilabelrecall": 0.56733638048172, "train/multilabelf1score": 0.5160579681396484, "train/multilabelmatthewscorrcoef": 0.5086932182312012, "train/accuracy_label_\u3042\u3044\u3065\u3061": 0.9583901762962341, "train/presicion_label_\u3042\u3044\u3065\u3061": 0.9602510333061218, "train/recall_label_\u3042\u3044\u3065\u3061": 0.9971035718917847, "train/f1score_label_\u3042\u3044\u3065\u3061": 0.9783303737640381, "train/accuracy_label_\u611f\u5fc3": 0.8540245294570923, "train/presicion_label_\u611f\u5fc3": 0.8662790656089783, "train/recall_label_\u611f\u5fc3": 0.9754500985145569, "train/f1score_label_\u611f\u5fc3": 0.9176289439201355, "train/accuracy_label_\u8a55\u4fa1": 0.6405184268951416, "train/presicion_label_\u8a55\u4fa1": 0.0, "train/recall_label_\u8a55\u4fa1": 0.0, "train/f1score_label_\u8a55\u4fa1": 0.0, "train/accuracy_label_\u7e70\u308a\u8fd4\u3057\u5fdc\u7b54": 0.7182810306549072, "train/presicion_label_\u7e70\u308a\u8fd4\u3057\u5fdc\u7b54": 0.6828451752662659, "train/recall_label_\u7e70\u308a\u8fd4\u3057\u5fdc\u7b54": 0.9599999785423279, "train/f1score_label_\u7e70\u308a\u8fd4\u3057\u5fdc\u7b54": 0.7980440258979797, "train/accuracy_label_\u540c\u610f": 0.698499321937561, "train/presicion_label_\u540c\u610f": 0.5241809487342834, "train/recall_label_\u540c\u610f": 0.7103593945503235, "train/f1score_label_\u540c\u610f": 0.6032316088676453, "train/accuracy_label_\u7d0d\u5f97": 0.6998635530471802, "train/presicion_label_\u7d0d\u5f97": 0.2222222238779068, "train/recall_label_\u7d0d\u5f97": 0.004597701132297516, "train/f1score_label_\u7d0d\u5f97": 0.009009009227156639, "train/accuracy_label_\u9a5a\u304d": 0.7646657824516296, "train/presicion_label_\u9a5a\u304d": 0.23333333432674408, "train/recall_label_\u9a5a\u304d": 0.04472843557596207, "train/f1score_label_\u9a5a\u304d": 0.07506702095270157, "train/accuracy_label_\u8a00\u3044\u63db\u3048": 0.6971350908279419, "train/presicion_label_\u8a00\u3044\u63db\u3048": 0.668705403804779, "train/recall_label_\u8a00\u3044\u63db\u3048": 0.8464516401290894, "train/f1score_label_\u8a00\u3044\u63db\u3048": 0.7471526265144348, "train/loss": 0.11938349157571793, "test_loss": 0.12123025208711624, "test/multilabelaccuracy": 0.7325310707092285, "test/multilabelprecision": 0.44008302688598633, "test/multilabelrecall": 0.5947802066802979, "test/multilabelf1score": 0.49900010228157043, "test/multilabelmatthewscorrcoef": 0.4641644060611725, "test/accuracy_label_\u3042\u3044\u3065\u3061": 0.9503105878829956, "test/presicion_label_\u3042\u3044\u3065\u3061": 0.955974817276001, "test/recall_label_\u3042\u3044\u3065\u3061": 0.9934640526771545, "test/f1score_label_\u3042\u3044\u3065\u3061": 0.9743589758872986, "test/accuracy_label_\u611f\u5fc3": 0.8788819909095764, "test/presicion_label_\u611f\u5fc3": 0.8801261782646179, "test/recall_label_\u611f\u5fc3": 0.9964285492897034, "test/f1score_label_\u611f\u5fc3": 0.9346733689308167, "test/accuracy_label_\u8a55\u4fa1": 0.6211180090904236, "test/presicion_label_\u8a55\u4fa1": 0.0, "test/recall_label_\u8a55\u4fa1": 0.0, "test/f1score_label_\u8a55\u4fa1": 0.0, "test/accuracy_label_\u7e70\u308a\u8fd4\u3057\u5fdc\u7b54": 0.7236024737358093, "test/presicion_label_\u7e70\u308a\u8fd4\u3057\u5fdc\u7b54": 0.6912280917167664, "test/recall_label_\u7e70\u308a\u8fd4\u3057\u5fdc\u7b54": 0.9949495196342468, "test/f1score_label_\u7e70\u308a\u8fd4\u3057\u5fdc\u7b54": 0.8157349824905396, "test/accuracy_label_\u540c\u610f": 0.6024844646453857, "test/presicion_label_\u540c\u610f": 0.4386792480945587, "test/recall_label_\u540c\u610f": 0.9117646813392639, "test/f1score_label_\u540c\u610f": 0.5923566818237305, "test/accuracy_label_\u7d0d\u5f97": 0.6397515535354614, "test/presicion_label_\u7d0d\u5f97": 0.0, "test/recall_label_\u7d0d\u5f97": 0.0, "test/f1score_label_\u7d0d\u5f97": 0.0, "test/accuracy_label_\u9a5a\u304d": 0.8540372848510742, "test/presicion_label_\u9a5a\u304d": 0.0, "test/recall_label_\u9a5a\u304d": 0.0, "test/f1score_label_\u9a5a\u304d": 0.0, "test/accuracy_label_\u8a00\u3044\u63db\u3048": 0.590062141418457, "test/presicion_label_\u8a00\u3044\u63db\u3048": 0.5546558499336243, "test/recall_label_\u8a00\u3044\u63db\u3048": 0.8616352081298828, "test/f1score_label_\u8a00\u3044\u63db\u3048": 0.674876868724823, "_wandb": {"runtime": 181}}