{"val_loss": 0.3465736210346222, "val/multilabelaccuracy": 0.9189024567604065, "val/multilabelprecision": 0.0, "val/multilabelrecall": 0.0, "val/multilabelf1score": 0.0, "val/multilabelmatthewscorrcoef": 0.05358797684311867, "val/accuracy_label_\u3042\u3044\u3065\u3061": 0.3268292546272278, "val/presicion_label_\u3042\u3044\u3065\u3061": 0.0, "val/recall_label_\u3042\u3044\u3065\u3061": 0.0, "val/f1score_label_\u3042\u3044\u3065\u3061": 0.0, "val/accuracy_label_\u611f\u5fc3": 0.7268292903900146, "val/presicion_label_\u611f\u5fc3": 0.0, "val/recall_label_\u611f\u5fc3": 0.0, "val/f1score_label_\u611f\u5fc3": 0.0, "val/accuracy_label_\u8a55\u4fa1": 0.8926829099655151, "val/presicion_label_\u8a55\u4fa1": 0.0, "val/recall_label_\u8a55\u4fa1": 0.0, "val/f1score_label_\u8a55\u4fa1": 0.0, "val/accuracy_label_\u7e70\u308a\u8fd4\u3057\u5fdc\u7b54": 0.9609755873680115, "val/presicion_label_\u7e70\u308a\u8fd4\u3057\u5fdc\u7b54": 0.0, "val/recall_label_\u7e70\u308a\u8fd4\u3057\u5fdc\u7b54": 0.0, "val/f1score_label_\u7e70\u308a\u8fd4\u3057\u5fdc\u7b54": 0.0, "val/accuracy_label_\u540c\u610f": 0.9268292784690857, "val/presicion_label_\u540c\u610f": 0.0, "val/recall_label_\u540c\u610f": 0.0, "val/f1score_label_\u540c\u610f": 0.0, "val/accuracy_label_\u7d0d\u5f97": 0.9512194991111755, "val/presicion_label_\u7d0d\u5f97": 0.0, "val/recall_label_\u7d0d\u5f97": 0.0, "val/f1score_label_\u7d0d\u5f97": 0.0, "val/accuracy_label_\u9a5a\u304d": 0.9707317352294922, "val/presicion_label_\u9a5a\u304d": 0.0, "val/recall_label_\u9a5a\u304d": 0.0, "val/f1score_label_\u9a5a\u304d": 0.0, "val/accuracy_label_\u8a00\u3044\u63db\u3048": 1.0, "val/presicion_label_\u8a00\u3044\u63db\u3048": 0.0, "val/recall_label_\u8a00\u3044\u63db\u3048": 0.0, "val/f1score_label_\u8a00\u3044\u63db\u3048": 0.0, "val/accuracy_label_\u610f\u898b": 0.9902439117431641, "val/presicion_label_\u610f\u898b": 0.0, "val/recall_label_\u610f\u898b": 0.0, "val/f1score_label_\u610f\u898b": 0.0, "val/accuracy_label_\u8003\u3048\u3066\u3044\u308b\u6700\u4e2d": 1.0, "val/presicion_label_\u8003\u3048\u3066\u3044\u308b\u6700\u4e2d": 0.0, "val/recall_label_\u8003\u3048\u3066\u3044\u308b\u6700\u4e2d": 0.0, "val/f1score_label_\u8003\u3048\u3066\u3044\u308b\u6700\u4e2d": 0.0, "val/accuracy_label_\u4e0d\u540c\u610f": 1.0, "val/presicion_label_\u4e0d\u540c\u610f": 0.0, "val/recall_label_\u4e0d\u540c\u610f": 0.0, "val/f1score_label_\u4e0d\u540c\u610f": 0.0, "val/accuracy_label_\u88dc\u5b8c": 0.9902439117431641, "val/presicion_label_\u88dc\u5b8c": 0.0, "val/recall_label_\u88dc\u5b8c": 0.0, "val/f1score_label_\u88dc\u5b8c": 0.0, "val/accuracy_label_\u3042\u3044\u3055\u3064": 1.0, "val/presicion_label_\u3042\u3044\u3055\u3064": 0.0, "val/recall_label_\u3042\u3044\u3055\u3064": 0.0, "val/f1score_label_\u3042\u3044\u3055\u3064": 0.0, "val/accuracy_label_\u60f3\u8d77": 1.0, "val/presicion_label_\u60f3\u8d77": 0.0, "val/recall_label_\u60f3\u8d77": 0.0, "val/f1score_label_\u60f3\u8d77": 0.0, "val/accuracy_label_\u9a5a\u304d\u3068\u3044\u3076\u304b\u308a": 1.0, "val/presicion_label_\u9a5a\u304d\u3068\u3044\u3076\u304b\u308a": 0.0, "val/recall_label_\u9a5a\u304d\u3068\u3044\u3076\u304b\u308a": 0.0, "val/f1score_label_\u9a5a\u304d\u3068\u3044\u3076\u304b\u308a": 0.0, "val/accuracy_label_\u305d\u306e\u4ed6": 0.9658536314964294, "val/presicion_label_\u305d\u306e\u4ed6": 0.0, "val/recall_label_\u305d\u306e\u4ed6": 0.0, "val/f1score_label_\u305d\u306e\u4ed6": 0.0, "epoch": 4, "trainer/global_step": 104, "_timestamp": 1704854416.6977365, "_runtime": 69.39943552017212, "_step": 10, "train_loss": 0.3465789556503296, "train/multilabelaccuracy": 0.9168956279754639, "train/multilabelprecision": 0.02083333395421505, "train/multilabelrecall": 0.000244140625, "train/multilabelf1score": 0.0004826254735235125, "train/multilabelmatthewscorrcoef": -0.00769407395273447, "train/accuracy_label_\u3042\u3044\u3065\u3061": 0.3589743673801422, "train/presicion_label_\u3042\u3044\u3065\u3061": 0.0, "train/recall_label_\u3042\u3044\u3065\u3061": 0.0, "train/f1score_label_\u3042\u3044\u3065\u3061": 0.0, "train/accuracy_label_\u611f\u5fc3": 0.6862027049064636, "train/presicion_label_\u611f\u5fc3": 0.3333333432674408, "train/recall_label_\u611f\u5fc3": 0.00390625, "train/f1score_label_\u611f\u5fc3": 0.0077220075763762, "train/accuracy_label_\u8a55\u4fa1": 0.9181929230690002, "train/presicion_label_\u8a55\u4fa1": 0.0, "train/recall_label_\u8a55\u4fa1": 0.0, "train/f1score_label_\u8a55\u4fa1": 0.0, "train/accuracy_label_\u7e70\u308a\u8fd4\u3057\u5fdc\u7b54": 0.9633699655532837, "train/presicion_label_\u7e70\u308a\u8fd4\u3057\u5fdc\u7b54": 0.0, "train/recall_label_\u7e70\u308a\u8fd4\u3057\u5fdc\u7b54": 0.0, "train/f1score_label_\u7e70\u308a\u8fd4\u3057\u5fdc\u7b54": 0.0, "train/accuracy_label_\u540c\u610f": 0.9145299196243286, "train/presicion_label_\u540c\u610f": 0.0, "train/recall_label_\u540c\u610f": 0.0, "train/f1score_label_\u540c\u610f": 0.0, "train/accuracy_label_\u7d0d\u5f97": 0.9633699655532837, "train/presicion_label_\u7d0d\u5f97": 0.0, "train/recall_label_\u7d0d\u5f97": 0.0, "train/f1score_label_\u7d0d\u5f97": 0.0, "train/accuracy_label_\u9a5a\u304d": 0.9670329689979553, "train/presicion_label_\u9a5a\u304d": 0.0, "train/recall_label_\u9a5a\u304d": 0.0, "train/f1score_label_\u9a5a\u304d": 0.0, "train/accuracy_label_\u8a00\u3044\u63db\u3048": 1.0, "train/presicion_label_\u8a00\u3044\u63db\u3048": 0.0, "train/recall_label_\u8a00\u3044\u63db\u3048": 0.0, "train/f1score_label_\u8a00\u3044\u63db\u3048": 0.0, "train/accuracy_label_\u610f\u898b": 0.9792429804801941, "train/presicion_label_\u610f\u898b": 0.0, "train/recall_label_\u610f\u898b": 0.0, "train/f1score_label_\u610f\u898b": 0.0, "train/accuracy_label_\u8003\u3048\u3066\u3044\u308b\u6700\u4e2d": 0.9865689873695374, "train/presicion_label_\u8003\u3048\u3066\u3044\u308b\u6700\u4e2d": 0.0, "train/recall_label_\u8003\u3048\u3066\u3044\u308b\u6700\u4e2d": 0.0, "train/f1score_label_\u8003\u3048\u3066\u3044\u308b\u6700\u4e2d": 0.0, "train/accuracy_label_\u4e0d\u540c\u610f": 0.9963369965553284, "train/presicion_label_\u4e0d\u540c\u610f": 0.0, "train/recall_label_\u4e0d\u540c\u610f": 0.0, "train/f1score_label_\u4e0d\u540c\u610f": 0.0, "train/accuracy_label_\u88dc\u5b8c": 0.9890109896659851, "train/presicion_label_\u88dc\u5b8c": 0.0, "train/recall_label_\u88dc\u5b8c": 0.0, "train/f1score_label_\u88dc\u5b8c": 0.0, "train/accuracy_label_\u3042\u3044\u3055\u3064": 0.9987789988517761, "train/presicion_label_\u3042\u3044\u3055\u3064": 0.0, "train/recall_label_\u3042\u3044\u3055\u3064": 0.0, "train/f1score_label_\u3042\u3044\u3055\u3064": 0.0, "train/accuracy_label_\u60f3\u8d77": 0.9975579977035522, "train/presicion_label_\u60f3\u8d77": 0.0, "train/recall_label_\u60f3\u8d77": 0.0, "train/f1score_label_\u60f3\u8d77": 0.0, "train/accuracy_label_\u9a5a\u304d\u3068\u3044\u3076\u304b\u308a": 0.9975579977035522, "train/presicion_label_\u9a5a\u304d\u3068\u3044\u3076\u304b\u308a": 0.0, "train/recall_label_\u9a5a\u304d\u3068\u3044\u3076\u304b\u308a": 0.0, "train/f1score_label_\u9a5a\u304d\u3068\u3044\u3076\u304b\u308a": 0.0, "train/accuracy_label_\u305d\u306e\u4ed6": 0.9536019563674927, "train/presicion_label_\u305d\u306e\u4ed6": 0.0, "train/recall_label_\u305d\u306e\u4ed6": 0.0, "train/f1score_label_\u305d\u306e\u4ed6": 0.0, "train/loss": 0.3465772569179535, "test_loss": 0.3465735912322998, "test/multilabelaccuracy": 0.91259765625, "test/multilabelprecision": 0.0, "test/multilabelrecall": 0.0, "test/multilabelf1score": 0.0, "test/multilabelmatthewscorrcoef": 0.06456402689218521, "_wandb": {"runtime": 69}}