{"train/loss": 0.16505280137062073, "epoch": 4, "trainer/global_step": 2572, "_timestamp": 1713840274.5654051, "_runtime": 469.39018511772156, "_step": 59, "val_loss": 0.1650940626859665, "val/multilabelaccuracy": 0.9149562120437622, "val/multilabelprecision": 0.15786436200141907, "val/multilabelrecall": 0.14368705451488495, "val/multilabelf1score": 0.14334940910339355, "val/multilabelmatthewscorrcoef": 0.6443434357643127, "val/accuracy_label_\u3042\u3044\u3065\u3061": 0.9420233368873596, "val/presicion_label_\u3042\u3044\u3065\u3061": 0.9609696269035339, "val/recall_label_\u3042\u3044\u3065\u3061": 0.9774341583251953, "val/f1score_label_\u3042\u3044\u3065\u3061": 0.9691319465637207, "val/accuracy_label_\u611f\u5fc3": 0.691439688205719, "val/presicion_label_\u611f\u5fc3": 0.711442768573761, "val/recall_label_\u611f\u5fc3": 0.8260590434074402, "val/f1score_label_\u611f\u5fc3": 0.7644787430763245, "val/accuracy_label_\u8a55\u4fa1": 0.8817120790481567, "val/presicion_label_\u8a55\u4fa1": 0.0, "val/recall_label_\u8a55\u4fa1": 0.0, "val/f1score_label_\u8a55\u4fa1": 0.0, "val/accuracy_label_\u7e70\u308a\u8fd4\u3057\u5fdc\u7b54": 0.7513618469238281, "val/presicion_label_\u7e70\u308a\u8fd4\u3057\u5fdc\u7b54": 0.5160142183303833, "val/recall_label_\u7e70\u308a\u8fd4\u3057\u5fdc\u7b54": 0.22376543283462524, "val/f1score_label_\u7e70\u308a\u8fd4\u3057\u5fdc\u7b54": 0.3121636211872101, "val/accuracy_label_\u540c\u610f": 0.8634241223335266, "val/presicion_label_\u540c\u610f": 0.2612612545490265, "val/recall_label_\u540c\u610f": 0.09731543809175491, "val/f1score_label_\u540c\u610f": 0.14180928468704224, "val/accuracy_label_\u7d0d\u5f97": 0.9054474830627441, "val/presicion_label_\u7d0d\u5f97": 0.0, "val/recall_label_\u7d0d\u5f97": 0.0, "val/f1score_label_\u7d0d\u5f97": 0.0, "val/accuracy_label_\u9a5a\u304d": 0.9381322860717773, "val/presicion_label_\u9a5a\u304d": 0.0, "val/recall_label_\u9a5a\u304d": 0.0, "val/f1score_label_\u9a5a\u304d": 0.0, "val/accuracy_label_\u8a00\u3044\u63db\u3048": 1.0, "val/presicion_label_\u8a00\u3044\u63db\u3048": 0.0, "val/recall_label_\u8a00\u3044\u63db\u3048": 0.0, "val/f1score_label_\u8a00\u3044\u63db\u3048": 0.0, "val/accuracy_label_\u610f\u898b": 0.9015564322471619, "val/presicion_label_\u610f\u898b": 0.07614213228225708, "val/recall_label_\u610f\u898b": 0.1744185984134674, "val/f1score_label_\u610f\u898b": 0.10600706934928894, "val/accuracy_label_\u8003\u3048\u3066\u3044\u308b\u6700\u4e2d": 0.9785992503166199, "val/presicion_label_\u8003\u3048\u3066\u3044\u308b\u6700\u4e2d": 0.0, "val/recall_label_\u8003\u3048\u3066\u3044\u308b\u6700\u4e2d": 0.0, "val/f1score_label_\u8003\u3048\u3066\u3044\u308b\u6700\u4e2d": 0.0, "val/accuracy_label_\u4e0d\u540c\u610f": 0.9859921932220459, "val/presicion_label_\u4e0d\u540c\u610f": 0.0, "val/recall_label_\u4e0d\u540c\u610f": 0.0, "val/f1score_label_\u4e0d\u540c\u610f": 0.0, "val/accuracy_label_\u88dc\u5b8c": 0.9505836367607117, "val/presicion_label_\u88dc\u5b8c": 0.0, "val/recall_label_\u88dc\u5b8c": 0.0, "val/f1score_label_\u88dc\u5b8c": 0.0, "val/accuracy_label_\u3042\u3044\u3055\u3064": 0.994163453578949, "val/presicion_label_\u3042\u3044\u3055\u3064": 0.0, "val/recall_label_\u3042\u3044\u3055\u3064": 0.0, "val/f1score_label_\u3042\u3044\u3055\u3064": 0.0, "val/accuracy_label_\u60f3\u8d77": 0.9961089491844177, "val/presicion_label_\u60f3\u8d77": 0.0, "val/recall_label_\u60f3\u8d77": 0.0, "val/f1score_label_\u60f3\u8d77": 0.0, "val/accuracy_label_\u9a5a\u304d\u3068\u3044\u3076\u304b\u308a": 0.9894941449165344, "val/presicion_label_\u9a5a\u304d\u3068\u3044\u3076\u304b\u308a": 0.0, "val/recall_label_\u9a5a\u304d\u3068\u3044\u3076\u304b\u308a": 0.0, "val/f1score_label_\u9a5a\u304d\u3068\u3044\u3076\u304b\u308a": 0.0, "val/accuracy_label_\u305d\u306e\u4ed6": 0.8692607283592224, "val/presicion_label_\u305d\u306e\u4ed6": 0.0, "val/recall_label_\u305d\u306e\u4ed6": 0.0, "val/f1score_label_\u305d\u306e\u4ed6": 0.0, "train_loss": 0.16494841873645782, "train/multilabelaccuracy": 0.9161649942398071, "train/multilabelprecision": 0.20426681637763977, "train/multilabelrecall": 0.14685918390750885, "train/multilabelf1score": 0.1517411172389984, "train/multilabelmatthewscorrcoef": 0.6491325497627258, "train/accuracy_label_\u3042\u3044\u3065\u3061": 0.9416229128837585, "train/presicion_label_\u3042\u3044\u3065\u3061": 0.9580957293510437, "train/recall_label_\u3042\u3044\u3065\u3061": 0.9803584218025208, "train/f1score_label_\u3042\u3044\u3065\u3061": 0.969099223613739, "train/accuracy_label_\u611f\u5fc3": 0.7104495167732239, "train/presicion_label_\u611f\u5fc3": 0.7336679697036743, "train/recall_label_\u611f\u5fc3": 0.8148836493492126, "train/f1score_label_\u611f\u5fc3": 0.7721461057662964, "train/accuracy_label_\u8a55\u4fa1": 0.8836349248886108, "train/presicion_label_\u8a55\u4fa1": 0.31578946113586426, "train/recall_label_\u8a55\u4fa1": 0.00504625728353858, "train/f1score_label_\u8a55\u4fa1": 0.009933775290846825, "train/accuracy_label_\u7e70\u308a\u8fd4\u3057\u5fdc\u7b54": 0.7279626131057739, "train/presicion_label_\u7e70\u308a\u8fd4\u3057\u5fdc\u7b54": 0.4563926160335541, "train/recall_label_\u7e70\u308a\u8fd4\u3057\u5fdc\u7b54": 0.2747976779937744, "train/f1score_label_\u7e70\u308a\u8fd4\u3057\u5fdc\u7b54": 0.34304511547088623, "train/accuracy_label_\u540c\u610f": 0.8523058891296387, "train/presicion_label_\u540c\u610f": 0.26579520106315613, "train/recall_label_\u540c\u610f": 0.15307402610778809, "train/f1score_label_\u540c\u610f": 0.19426751136779785, "train/accuracy_label_\u7d0d\u5f97": 0.91097491979599, "train/presicion_label_\u7d0d\u5f97": 0.2906976640224457, "train/recall_label_\u7d0d\u5f97": 0.013935339637100697, "train/f1score_label_\u7d0d\u5f97": 0.026595745235681534, "train/accuracy_label_\u9a5a\u304d": 0.9386067390441895, "train/presicion_label_\u9a5a\u304d": 0.0, "train/recall_label_\u9a5a\u304d": 0.0, "train/f1score_label_\u9a5a\u304d": 0.0, "train/accuracy_label_\u8a00\u3044\u63db\u3048": 1.0, "train/presicion_label_\u8a00\u3044\u63db\u3048": 0.0, "train/recall_label_\u8a00\u3044\u63db\u3048": 0.0, "train/f1score_label_\u8a00\u3044\u63db\u3048": 0.0, "train/accuracy_label_\u610f\u898b": 0.9447363018989563, "train/presicion_label_\u610f\u898b": 0.04606525972485542, "train/recall_label_\u610f\u898b": 0.03619909659028053, "train/f1score_label_\u610f\u898b": 0.04054053872823715, "train/accuracy_label_\u8003\u3048\u3066\u3044\u308b\u6700\u4e2d": 0.9802490472793579, "train/presicion_label_\u8003\u3048\u3066\u3044\u308b\u6700\u4e2d": 0.02500000037252903, "train/recall_label_\u8003\u3048\u3066\u3044\u308b\u6700\u4e2d": 0.0027173913549631834, "train/f1score_label_\u8003\u3048\u3066\u3044\u308b\u6700\u4e2d": 0.0049019609577953815, "train/accuracy_label_\u4e0d\u540c\u610f": 0.9840435981750488, "train/presicion_label_\u4e0d\u540c\u610f": 0.0, "train/recall_label_\u4e0d\u540c\u610f": 0.0, "train/f1score_label_\u4e0d\u540c\u610f": 0.0, "train/accuracy_label_\u88dc\u5b8c": 0.9546604156494141, "train/presicion_label_\u88dc\u5b8c": 0.0, "train/recall_label_\u88dc\u5b8c": 0.0, "train/f1score_label_\u88dc\u5b8c": 0.0, "train/accuracy_label_\u3042\u3044\u3055\u3064": 0.9928001761436462, "train/presicion_label_\u3042\u3044\u3055\u3064": 0.0, "train/recall_label_\u3042\u3044\u3055\u3064": 0.0, "train/f1score_label_\u3042\u3044\u3055\u3064": 0.0, "train/accuracy_label_\u60f3\u8d77": 0.9866219162940979, "train/presicion_label_\u60f3\u8d77": 0.0, "train/recall_label_\u60f3\u8d77": 0.0, "train/f1score_label_\u60f3\u8d77": 0.0, "train/accuracy_label_\u9a5a\u304d\u3068\u3044\u3076\u304b\u308a": 0.9888110756874084, "train/presicion_label_\u9a5a\u304d\u3068\u3044\u3076\u304b\u308a": 0.004950494971126318, "train/recall_label_\u9a5a\u304d\u3068\u3044\u3076\u304b\u308a": 0.03333333507180214, "train/f1score_label_\u9a5a\u304d\u3068\u3044\u3076\u304b\u308a": 0.008620689623057842, "train/accuracy_label_\u305d\u306e\u4ed6": 0.8611597418785095, "train/presicion_label_\u305d\u306e\u4ed6": 0.1718146651983261,