{"train/loss": 0.08065174520015717, "epoch": 3, "trainer/global_step": 2939, "_timestamp": 1714029282.6034899, "_runtime": 464.1574249267578, "_step": 65, "val_loss": 0.0822608694434166, "val/multilabelaccuracy": 0.907538890838623, "val/multilabelprecision": 0.1741284877061844, "val/multilabelrecall": 0.14552593231201172, "val/multilabelf1score": 0.1438424438238144, "val/multilabelmatthewscorrcoef": 0.6193749308586121, "val/accuracy_label_\u3042\u3044\u3065\u3061": 0.9404669404029846, "val/presicion_label_\u3042\u3044\u3065\u3061": 0.9578904509544373, "val/recall_label_\u3042\u3044\u3065\u3061": 0.9791057109832764, "val/f1score_label_\u3042\u3044\u3065\u3061": 0.9683818817138672, "val/accuracy_label_\u611f\u5fc3": 0.7003890872001648, "val/presicion_label_\u611f\u5fc3": 0.7581913471221924, "val/recall_label_\u611f\u5fc3": 0.74261873960495, "val/f1score_label_\u611f\u5fc3": 0.7503242492675781, "val/accuracy_label_\u8a55\u4fa1": 0.8821011781692505, "val/presicion_label_\u8a55\u4fa1": 0.0, "val/recall_label_\u8a55\u4fa1": 0.0, "val/f1score_label_\u8a55\u4fa1": 0.0, "val/accuracy_label_\u7e70\u308a\u8fd4\u3057\u5fdc\u7b54": 0.6852139830589294, "val/presicion_label_\u7e70\u308a\u8fd4\u3057\u5fdc\u7b54": 0.4009840190410614, "val/recall_label_\u7e70\u308a\u8fd4\u3057\u5fdc\u7b54": 0.5030864477157593, "val/f1score_label_\u7e70\u308a\u8fd4\u3057\u5fdc\u7b54": 0.446269690990448, "val/accuracy_label_\u540c\u610f": 0.842801570892334, "val/presicion_label_\u540c\u610f": 0.0923076942563057, "val/recall_label_\u540c\u610f": 0.04026845470070839, "val/f1score_label_\u540c\u610f": 0.05607476457953453, "val/accuracy_label_\u7d0d\u5f97": 0.9062256813049316, "val/presicion_label_\u7d0d\u5f97": 0.0, "val/recall_label_\u7d0d\u5f97": 0.0, "val/f1score_label_\u7d0d\u5f97": 0.0, "val/accuracy_label_\u9a5a\u304d": 0.9361867904663086, "val/presicion_label_\u9a5a\u304d": 0.2222222238779068, "val/recall_label_\u9a5a\u304d": 0.012578615918755531, "val/f1score_label_\u9a5a\u304d": 0.02380952425301075, "val/accuracy_label_\u8a00\u3044\u63db\u3048": 0.9894941449165344, "val/presicion_label_\u8a00\u3044\u63db\u3048": 0.0, "val/recall_label_\u8a00\u3044\u63db\u3048": 0.0, "val/f1score_label_\u8a00\u3044\u63db\u3048": 0.0, "val/accuracy_label_\u610f\u898b": 0.9136186838150024, "val/presicion_label_\u610f\u898b": 0.0211267601698637, "val/recall_label_\u610f\u898b": 0.03488372266292572, "val/f1score_label_\u610f\u898b": 0.02631578966975212, "val/accuracy_label_\u8003\u3048\u3066\u3044\u308b\u6700\u4e2d": 0.9665369391441345, "val/presicion_label_\u8003\u3048\u3066\u3044\u308b\u6700\u4e2d": 0.0, "val/recall_label_\u8003\u3048\u3066\u3044\u308b\u6700\u4e2d": 0.0, "val/f1score_label_\u8003\u3048\u3066\u3044\u308b\u6700\u4e2d": 0.0, "val/accuracy_label_\u4e0d\u540c\u610f": 0.9626458883285522, "val/presicion_label_\u4e0d\u540c\u610f": 0.0, "val/recall_label_\u4e0d\u540c\u610f": 0.0, "val/f1score_label_\u4e0d\u540c\u610f": 0.0, "val/accuracy_label_\u88dc\u5b8c": 0.9501945376396179, "val/presicion_label_\u88dc\u5b8c": 0.3333333432674408, "val/recall_label_\u88dc\u5b8c": 0.01587301678955555, "val/f1score_label_\u88dc\u5b8c": 0.03030303120613098, "val/accuracy_label_\u3042\u3044\u3055\u3064": 0.994163453578949, "val/presicion_label_\u3042\u3044\u3055\u3064": 0.0, "val/recall_label_\u3042\u3044\u3055\u3064": 0.0, "val/f1score_label_\u3042\u3044\u3055\u3064": 0.0, "val/accuracy_label_\u60f3\u8d77": 0.9953307509422302, "val/presicion_label_\u60f3\u8d77": 0.0, "val/recall_label_\u60f3\u8d77": 0.0, "val/f1score_label_\u60f3\u8d77": 0.0, "val/accuracy_label_\u9a5a\u304d\u3068\u3044\u3076\u304b\u308a": 0.9852139949798584, "val/presicion_label_\u9a5a\u304d\u3068\u3044\u3076\u304b\u308a": 0.0, "val/recall_label_\u9a5a\u304d\u3068\u3044\u3076\u304b\u308a": 0.0, "val/f1score_label_\u9a5a\u304d\u3068\u3044\u3076\u304b\u308a": 0.0, "val/accuracy_label_\u305d\u306e\u4ed6": 0.8700389266014099, "val/presicion_label_\u305d\u306e\u4ed6": 0.0, "val/recall_label_\u305d\u306e\u4ed6": 0.0, "val/f1score_label_\u305d\u306e\u4ed6": 0.0, "train_loss": 0.08211035281419754, "train/multilabelaccuracy": 0.9171562194824219, "train/multilabelprecision": 0.17188714444637299, "train/multilabelrecall": 0.1384252905845642, "train/multilabelf1score": 0.14435890316963196, "train/multilabelmatthewscorrcoef": 0.6505119204521179, "train/accuracy_label_\u3042\u3044\u3065\u3061": 0.9404553174972534, "train/presicion_label_\u3042\u3044\u3065\u3061": 0.9584183692932129, "train/recall_label_\u3042\u3044\u3065\u3061": 0.9786912798881531, "train/f1score_label_\u3042\u3044\u3065\u3061": 0.9684487581253052, "train/accuracy_label_\u611f\u5fc3": 0.7104981541633606, "train/presicion_label_\u611f\u5fc3": 0.7403306365013123, "train/recall_label_\u611f\u5fc3": 0.7996121644973755, "train/f1score_label_\u611f\u5fc3": 0.7688303589820862, "train/accuracy_label_\u8a55\u4fa1": 0.8842673897743225, "train/presicion_label_\u8a55\u4fa1": 0.0, "train/recall_label_\u8a55\u4fa1": 0.0, "train/f1score_label_\u8a55\u4fa1": 0.0, "train/accuracy_label_\u7e70\u308a\u8fd4\u3057\u5fdc\u7b54": 0.7419731616973877, "train/presicion_label_\u7e70\u308a\u8fd4\u3057\u5fdc\u7b54": 0.5017354488372803, "train/recall_label_\u7e70\u308a\u8fd4\u3057\u5fdc\u7b54": 0.24487106502056122, "train/f1score_label_\u7e70\u308a\u8fd4\u3057\u5fdc\u7b54": 0.3291171193122864, "train/accuracy_label_\u540c\u610f": 0.8567814826965332, "train/presicion_label_\u540c\u610f": 0.24702653288841248, "train/recall_label_\u540c\u610f": 0.11292346566915512, "train/f1score_label_\u540c\u610f": 0.15499426424503326, "train/accuracy_label_\u7d0d\u5f97": 0.9123857021331787, "train/presicion_label_\u7d0d\u5f97": 0.1111111119389534, "train/recall_label_\u7d0d\u5f97": 0.0005574136157520115, "train/f1score_label_\u7d0d\u5f97": 0.001109262346290052, "train/accuracy_label_\u9a5a\u304d": 0.9324771165847778, "train/presicion_label_\u9a5a\u304d": 0.09090909361839294, "train/recall_label_\u9a5a\u304d": 0.011093501932919025, "train/f1score_label_\u9a5a\u304d": 0.01977401040494442, "train/accuracy_label_\u8a00\u3044\u63db\u3048": 0.9970811605453491, "train/presicion_label_\u8a00\u3044\u63db\u3048": 0.0, "train/recall_label_\u8a00\u3044\u63db\u3048": 0.0, "train/f1score_label_\u8a00\u3044\u63db\u3048": 0.0, "train/accuracy_label_\u610f\u898b": 0.948433518409729, "train/presicion_label_\u610f\u898b": 0.03294117748737335, "train/recall_label_\u610f\u898b": 0.021116139367222786, "train/f1score_label_\u610f\u898b": 0.025735294446349144, "train/accuracy_label_\u8003\u3048\u3066\u3044\u308b\u6700\u4e2d": 0.9752870202064514, "train/presicion_label_\u8003\u3048\u3066\u3044\u308b\u6700\u4e2d": 0.013888888992369175, "train/recall_label_\u8003\u3048\u3066\u3044\u308b\u6700\u4e2d": 0.005434782709926367, "train/f1score_label_\u8003\u3048\u3066\u3044\u308b\u6700\u4e2d": 0.0078125, "train/accuracy_label_\u4e0d\u540c\u610f": 0.9813193082809448, "train/presicion_label_\u4e0d\u540c\u610f": 0.0, "train/recall_label_\u4e0d\u540c\u610f": 0.0, "train/f1score_label_\u4e0d\u540c\u610f": 0.0, "train/accuracy_label_\u88dc\u5b8c": 0.9486281275749207, "train/presicion_label_\u88dc\u5b8c": 0.03496503457427025, "train/recall_label_\u88dc\u5b8c": 0.005417118314653635, "train/f1score_label_\u88dc\u5b8c": 0.009380863048136234, "train/accuracy_label_\u3042\u3044\u3055\u3064": 0.9923136830329895, "train/presicion_label_\u3042\u3044\u3055\u3064": 0.0, "train/recall_label_\u3042\u3044\u3055\u3064": 0.0, "train/f1score_label_\u3042\u3044\u3055\u3064": 0.0, "train/accuracy_label_\u60f3\u8d77": 0.9922650456428528, "train/presicion_label_\u60f3\u8d77": 0.01886792480945587, "train/recall_label_\u60f3\u8d77": 0.035087719559669495,