{"val_loss": 0.5167297124862671, "val/binaryaccuracy": 0.7804877758026123, "val/binaryprecision": 0.7804877758026123, "val/binaryrecall": 1.0, "val/binaryf1score": 0.8767123222351074, "val/binarymatthewscorrcoef": 0.21166041493415833, "epoch": 3, "trainer/global_step": 43, "_timestamp": 1693941896.9285965, "_runtime": 2580.706542491913, "_step": 8, "train_loss": 0.36836713552474976, "train/binaryaccuracy": 0.907975435256958, "train/binaryprecision": 0.907975435256958, "train/binaryrecall": 1.0, "train/binaryf1score": 0.9517685174942017, "train/binarymatthewscorrcoef": 0.2210962176322937, "test/confusion_matrix_table": {"_type": "table-file", "sha256": "f87a73ac9428a229c5cec4be100496c34cdb4854c6014b5536a44988169b1ac1", "size": 315, "artifact_path": "wandb-client-artifact://ji2j7iz7glmzkwp0bv5ied08blvoqr0eqn39lbq9xzlb7ygafyb8h78x8ta3ljgtl2d4b3qfsmsjg8h9vxw2xrrtpcewtdek0mj62w47ccb4ontjqoz23ub4ps48jeyn:latest/test/confusion_matrix_table.table.json", "_latest_artifact_path": "wandb-client-artifact://ji2j7iz7glmzkwp0bv5ied08blvoqr0eqn39lbq9xzlb7ygafyb8h78x8ta3ljgtl2d4b3qfsmsjg8h9vxw2xrrtpcewtdek0mj62w47ccb4ontjqoz23ub4ps48jeyn:latest/test/confusion_matrix_table.table.json", "path": "media/table/test/confusion_matrix_table_8_f87a73ac9428a229c5ce.table.json", "ncols": 3, "nrows": 4}, "_wandb": {"runtime": 2580}}