{"train_loss": 0.6357511281967163, "epoch": 1, "trainer/global_step": 5, "_timestamp": 1691751527.871908, "_runtime": 360.64394998550415, "_step": 1, "_wandb": {"runtime": 427}}