{"val_loss": 0.6416615843772888, "val/multilabelaccuracy": 0.7377384305000305, "val/multilabelprecision": 0.4242849349975586, "val/multilabelrecall": 0.48879045248031616, "val/multilabelf1score": 0.4283249080181122, "val/multilabelmatthewscorrcoef": 0.4797210991382599, "val/accuracy_label_\u3042\u3044\u3065\u3061": 0.9536784887313843, "val/presicion_label_\u3042\u3044\u3065\u3061": 0.9551820755004883, "val/recall_label_\u3042\u3044\u3065\u3061": 0.9970760345458984, "val/f1score_label_\u3042\u3044\u3065\u3061": 0.9756795167922974, "val/accuracy_label_\u611f\u5fc3": 0.8855586051940918, "val/presicion_label_\u611f\u5fc3": 0.8816901445388794, "val/recall_label_\u611f\u5fc3": 1.0, "val/f1score_label_\u611f\u5fc3": 0.9371257424354553, "val/accuracy_label_\u8a55\u4fa1": 0.6348773837089539, "val/presicion_label_\u8a55\u4fa1": 0.0, "val/recall_label_\u8a55\u4fa1": 0.0, "val/f1score_label_\u8a55\u4fa1": 0.0, "val/accuracy_label_\u7e70\u308a\u8fd4\u3057\u5fdc\u7b54": 0.6893733143806458, "val/presicion_label_\u7e70\u308a\u8fd4\u3057\u5fdc\u7b54": 0.6574074029922485, "val/recall_label_\u7e70\u308a\u8fd4\u3057\u5fdc\u7b54": 0.9861111044883728, "val/f1score_label_\u7e70\u308a\u8fd4\u3057\u5fdc\u7b54": 0.7888888716697693, "val/accuracy_label_\u540c\u610f": 0.6457765698432922, "val/presicion_label_\u540c\u610f": 0.0, "val/recall_label_\u540c\u610f": 0.0, "val/f1score_label_\u540c\u610f": 0.0, "val/accuracy_label_\u7d0d\u5f97": 0.7002725005149841, "val/presicion_label_\u7d0d\u5f97": 0.0, "val/recall_label_\u7d0d\u5f97": 0.0, "val/f1score_label_\u7d0d\u5f97": 0.0, "val/accuracy_label_\u9a5a\u304d": 0.7901907563209534, "val/presicion_label_\u9a5a\u304d": 0.3333333432674408, "val/recall_label_\u9a5a\u304d": 0.01315789483487606, "val/f1score_label_\u9a5a\u304d": 0.025316456332802773, "val/accuracy_label_\u305d\u306e\u4ed6": 0.6021798253059387, "val/presicion_label_\u305d\u306e\u4ed6": 0.5666666626930237, "val/recall_label_\u305d\u306e\u4ed6": 0.9139785170555115, "val/f1score_label_\u305d\u306e\u4ed6": 0.6995884776115417, "epoch": 4, "trainer/global_step": 184, "_timestamp": 1705283109.9962487, "_runtime": 93.09344172477722, "_step": 11, "train_loss": 0.646181046962738, "train/multilabelaccuracy": 0.7232264280319214, "train/multilabelprecision": 0.6329960227012634, "train/multilabelrecall": 0.5320411920547485, "train/multilabelf1score": 0.47514843940734863, "train/multilabelmatthewscorrcoef": 0.44670572876930237, "train/accuracy_label_\u3042\u3044\u3065\u3061": 0.9515689015388489, "train/presicion_label_\u3042\u3044\u3065\u3061": 0.9529737234115601, "train/recall_label_\u3042\u3044\u3065\u3061": 0.9978276491165161, "train/f1score_label_\u3042\u3044\u3065\u3061": 0.9748850464820862, "train/accuracy_label_\u611f\u5fc3": 0.8478854298591614, "train/presicion_label_\u611f\u5fc3": 0.8505263328552246, "train/recall_label_\u611f\u5fc3": 0.9918166995048523, "train/f1score_label_\u611f\u5fc3": 0.9157536625862122, "train/accuracy_label_\u8a55\u4fa1": 0.6377899050712585, "train/presicion_label_\u8a55\u4fa1": 0.30000001192092896, "train/recall_label_\u8a55\u4fa1": 0.005692599806934595, "train/f1score_label_\u8a55\u4fa1": 0.011173184029757977, "train/accuracy_label_\u7e70\u308a\u8fd4\u3057\u5fdc\u7b54": 0.648703932762146, "train/presicion_label_\u7e70\u308a\u8fd4\u3057\u5fdc\u7b54": 0.6234340667724609, "train/recall_label_\u7e70\u308a\u8fd4\u3057\u5fdc\u7b54": 0.9952940940856934, "train/f1score_label_\u7e70\u308a\u8fd4\u3057\u5fdc\u7b54": 0.7666515707969666, "train/accuracy_label_\u540c\u610f": 0.6732605695724487, "train/presicion_label_\u540c\u610f": 0.4625000059604645, "train/recall_label_\u540c\u610f": 0.07822410017251968, "train/f1score_label_\u540c\u610f": 0.13381555676460266, "train/accuracy_label_\u7d0d\u5f97": 0.7039563655853271, "train/presicion_label_\u7d0d\u5f97": 1.0, "train/recall_label_\u7d0d\u5f97": 0.002298850566148758, "train/f1score_label_\u7d0d\u5f97": 0.004587155766785145, "train/accuracy_label_\u9a5a\u304d": 0.698499321937561, "train/presicion_label_\u9a5a\u304d": 0.28135591745376587, "train/recall_label_\u9a5a\u304d": 0.2651757299900055, "train/f1score_label_\u9a5a\u304d": 0.27302631735801697, "train/accuracy_label_\u305d\u306e\u4ed6": 0.624147355556488, "train/presicion_label_\u305d\u306e\u4ed6": 0.5931780338287354, "train/recall_label_\u305d\u306e\u4ed6": 0.9200000166893005, "train/f1score_label_\u305d\u306e\u4ed6": 0.7212948799133301, "train/loss": 0.6447629928588867, "test_loss": 0.6408990025520325, "test/multilabelaccuracy": 0.7352484464645386, "test/multilabelprecision": 0.4261710047721863, "test/multilabelrecall": 0.49773725867271423, "test/multilabelf1score": 0.4407038986682892, "test/multilabelmatthewscorrcoef": 0.47359225153923035, "_wandb": {"runtime": 93}}