{"train/loss": 0.16536663472652435, "epoch": 0, "trainer/global_step": 478, "_timestamp": 1714026891.876989, "_runtime": 116.07124781608582, "_step": 9, "val_loss": 0.16627612709999084, "val/multilabelaccuracy": 0.8964493870735168, "val/multilabelprecision": 0.12383890897035599, "val/multilabelrecall": 0.07193052768707275, "val/multilabelf1score": 0.07529342919588089, "val/multilabelmatthewscorrcoef": 0.5315836071968079, "val/accuracy_label_\u3042\u3044\u3065\u3061": 0.9346303343772888, "val/presicion_label_\u3042\u3044\u3065\u3061": 0.9361034631729126, "val/recall_label_\u3042\u3044\u3065\u3061": 0.9979105591773987, "val/f1score_label_\u3042\u3044\u3065\u3061": 0.9660193920135498, "val/accuracy_label_\u611f\u5fc3": 0.3937743306159973, "val/presicion_label_\u611f\u5fc3": 0.0, "val/recall_label_\u611f\u5fc3": 0.0, "val/f1score_label_\u611f\u5fc3": 0.0, "val/accuracy_label_\u8a55\u4fa1": 0.8645914196968079, "val/presicion_label_\u8a55\u4fa1": 0.13114753365516663, "val/recall_label_\u8a55\u4fa1": 0.026402641087770462, "val/f1score_label_\u8a55\u4fa1": 0.04395604506134987, "val/accuracy_label_\u7e70\u308a\u8fd4\u3057\u5fdc\u7b54": 0.7521401047706604, "val/presicion_label_\u7e70\u308a\u8fd4\u3057\u5fdc\u7b54": 0.6774193644523621, "val/recall_label_\u7e70\u308a\u8fd4\u3057\u5fdc\u7b54": 0.032407406717538834, "val/f1score_label_\u7e70\u308a\u8fd4\u3057\u5fdc\u7b54": 0.06185567006468773, "val/accuracy_label_\u540c\u610f": 0.8840466737747192, "val/presicion_label_\u540c\u610f": 0.0, "val/recall_label_\u540c\u610f": 0.0, "val/f1score_label_\u540c\u610f": 0.0, "val/accuracy_label_\u7d0d\u5f97": 0.8731517791748047, "val/presicion_label_\u7d0d\u5f97": 0.1367521435022354, "val/recall_label_\u7d0d\u5f97": 0.06639004498720169, "val/f1score_label_\u7d0d\u5f97": 0.08938547223806381, "val/accuracy_label_\u9a5a\u304d": 0.9373540878295898, "val/presicion_label_\u9a5a\u304d": 0.0, "val/recall_label_\u9a5a\u304d": 0.0, "val/f1score_label_\u9a5a\u304d": 0.0, "val/accuracy_label_\u8a00\u3044\u63db\u3048": 1.0, "val/presicion_label_\u8a00\u3044\u63db\u3048": 0.0, "val/recall_label_\u8a00\u3044\u63db\u3048": 0.0, "val/f1score_label_\u8a00\u3044\u63db\u3048": 0.0, "val/accuracy_label_\u610f\u898b": 0.965758740901947, "val/presicion_label_\u610f\u898b": 0.0, "val/recall_label_\u610f\u898b": 0.0, "val/f1score_label_\u610f\u898b": 0.0, "val/accuracy_label_\u8003\u3048\u3066\u3044\u308b\u6700\u4e2d": 0.9782100915908813, "val/presicion_label_\u8003\u3048\u3066\u3044\u308b\u6700\u4e2d": 0.0, "val/recall_label_\u8003\u3048\u3066\u3044\u308b\u6700\u4e2d": 0.0, "val/f1score_label_\u8003\u3048\u3066\u3044\u308b\u6700\u4e2d": 0.0, "val/accuracy_label_\u4e0d\u540c\u610f": 0.9828794002532959, "val/presicion_label_\u4e0d\u540c\u610f": 0.10000000149011612, "val/recall_label_\u4e0d\u540c\u610f": 0.02777777798473835, "val/f1score_label_\u4e0d\u540c\u610f": 0.043478261679410934, "val/accuracy_label_\u88dc\u5b8c": 0.9509727358818054, "val/presicion_label_\u88dc\u5b8c": 0.0, "val/recall_label_\u88dc\u5b8c": 0.0, "val/f1score_label_\u88dc\u5b8c": 0.0, "val/accuracy_label_\u3042\u3044\u3055\u3064": 0.9894941449165344, "val/presicion_label_\u3042\u3044\u3055\u3064": 0.0, "val/recall_label_\u3042\u3044\u3055\u3064": 0.0, "val/f1score_label_\u3042\u3044\u3055\u3064": 0.0, "val/accuracy_label_\u60f3\u8d77": 0.9949416518211365, "val/presicion_label_\u60f3\u8d77": 0.0, "val/recall_label_\u60f3\u8d77": 0.0, "val/f1score_label_\u60f3\u8d77": 0.0, "val/accuracy_label_\u9a5a\u304d\u3068\u3044\u3076\u304b\u308a": 0.9712062478065491, "val/presicion_label_\u9a5a\u304d\u3068\u3044\u3076\u304b\u308a": 0.0, "val/recall_label_\u9a5a\u304d\u3068\u3044\u3076\u304b\u308a": 0.0, "val/f1score_label_\u9a5a\u304d\u3068\u3044\u3076\u304b\u308a": 0.0, "val/accuracy_label_\u305d\u306e\u4ed6": 0.8700389266014099, "val/presicion_label_\u305d\u306e\u4ed6": 0.0, "val/recall_label_\u305d\u306e\u4ed6": 0.0, "val/f1score_label_\u305d\u306e\u4ed6": 0.0, "_wandb": {"runtime": 116}}