{"test/recall_label_驚き":0.8480801582336426,"test/presicion_label_意見":0.874316930770874,"test/recall_label_その他":0.8061855435371399,"test/accuracy_label_言い換え":1,"test/recall_label_言い換え":0,"test/multilabelmatthewscorrcoef":0.8912816047668457,"test/f1score_label_納得":0.8573092818260193,"test/presicion_label_驚きといぶかり":0.9166666865348816,"test/recall_label_驚きといぶかり":0.6111111044883728,"test/recall_label_意見":0.7748184204101562,"test/f1score_label_感心":0.9876336455345154,"test/f1score_label_補完":0.8126410841941833,"test/recall_label_繰り返し応答":0.9613164067268372,"test/recall_label_同意":0.9119911789894104,"test/presicion_label_繰り返し応答":0.9039087891578674,"test/recall_label_考えている最中":0.6826087236404419,"test/presicion_label_驚き":0.9136690497398376,"test/f1score_label_想起":0.8500000238418579,"test/recall_label_不同意":0.8428571224212646,"test/accuracy_label_驚き":0.9459143877029419,"test/accuracy_label_評価":0.9112840294837952,"test/presicion_label_同意":0.8726315498352051,"test/f1score_label_不同意":0.8458781242370605,"test/presicion_label_評価":0.8805969953536987,"test/accuracy_label_繰り返し応答":0.9050583839416504,"test/f1score_label_驚きといぶかり":0.7333333492279053,"test/presicion_label_補完":0.84112149477005,"test/accuracy_label_驚きといぶかり":0.9968871474266052,"test/multilabelaccuracy":0.9544017314910889,"trainer/global_step":0,"test/presicion_label_あいさつ":0.9204545617103577,"test/f1score_label_その他":0.8626585602760315,"test/f1score_label_同意":0.8918773531913757,"test/recall_label_納得":0.8608186841011047,"test/f1score_label_言い換え":0,"test/f1score_label_評価":0.8922495245933533,"test/presicion_label_納得":0.8538283109664917,"_wandb":{"runtime":76},"test/presicion_label_不同意":0.8489208817481995,"test/f1score_label_意見":0.821566104888916,"test/f1score_label_驚き":0.8796536922454834,"test/accuracy_label_意見":0.9459143877029419,"test/f1score_label_考えている最中":0.7791563272476196,"test/accuracy_label_同意":0.9217898845672607,"_runtime":74.590927631,"test/presicion_label_感心":0.9841269850730896,"test/accuracy_label_その他":0.9031128287315369,"test/accuracy_label_想起":0.9976653456687927,"test/accuracy_label_考えている最中":0.9653696417808533,"test/recall_label_あいづち":0.9983909726142883,"test/accuracy_label_あいさつ":0.9918287992477417,"test/recall_label_感心":0.9911653399467468,"test/multilabelprecision":0.851992666721344,"test/multilabelf1score":0.8139584064483643,"test/f1score_label_あいさつ":0.8852459192276001,"_step":0,"epoch":0,"test/f1score_label_繰り返し応答":0.9317291378974915,"test/recall_label_評価":0.9042145609855652,"test_loss":0.13700361549854279,"_timestamp":1.7262043477401993e+09,"test/accuracy_label_不同意":0.9832684993743896,"test/accuracy_label_感心":0.9770427942276001,"test/f1score_label_あいづち":0.9924030303955078,"test/presicion_label_あいづち":0.9864864945411682,"test/accuracy_label_補完":0.9354085326194763,"test/multilabelrecall":0.7857091426849365,"test/accuracy_label_あいづち":0.9852139949798584,"test/recall_label_想起":0.739130437374115,"test/presicion_label_言い換え":0,"test/presicion_label_想起":1,"test/accuracy_label_納得":0.9046692848205566,"test/presicion_label_その他":0.927639365196228,"test/presicion_label_考えている最中":0.9075144529342651,"test/recall_label_補完":0.7860261797904968,"test/recall_label_あいさつ":0.8526315689086914}