{"val_loss": 0.8658596873283386, "epoch": 1, "trainer/global_step": 15, "_timestamp": 1687313994.0899394, "_runtime": 982.55579829216, "_step": 1, "_wandb": {"runtime": 986}}