{"train/loss": 0.6808086633682251, "epoch": 4, "trainer/global_step": 1860, "_timestamp": 1705548821.8530366, "_runtime": 845.0578377246857, "_step": 45, "val_loss": 0.6839451193809509, "val/multilabelaccuracy": 0.8866482377052307, "val/multilabelprecision": 0.15301008522510529, "val/multilabelrecall": 0.16652360558509827, "val/multilabelf1score": 0.15576717257499695, "val/multilabelmatthewscorrcoef": 0.5502800345420837, "val/accuracy_label_\u3042\u3044\u3065\u3061": 0.6644222736358643, "val/presicion_label_\u3042\u3044\u3065\u3061": 0.6753754019737244, "val/recall_label_\u3042\u3044\u3065\u3061": 0.9316487312316895, "val/f1score_label_\u3042\u3044\u3065\u3061": 0.7830780148506165, "val/accuracy_label_\u611f\u5fc3": 0.7220576405525208, "val/presicion_label_\u611f\u5fc3": 0.5487052798271179, "val/recall_label_\u611f\u5fc3": 0.4005400538444519, "val/f1score_label_\u611f\u5fc3": 0.46305930614471436, "val/accuracy_label_\u8a55\u4fa1": 0.957177460193634, "val/presicion_label_\u8a55\u4fa1": 0.0, "val/recall_label_\u8a55\u4fa1": 0.0, "val/f1score_label_\u8a55\u4fa1": 0.0, "val/accuracy_label_\u7e70\u308a\u8fd4\u3057\u5fdc\u7b54": 0.9240506291389465, "val/presicion_label_\u7e70\u308a\u8fd4\u3057\u5fdc\u7b54": 0.0, "val/recall_label_\u7e70\u308a\u8fd4\u3057\u5fdc\u7b54": 0.0, "val/f1score_label_\u7e70\u308a\u8fd4\u3057\u5fdc\u7b54": 0.0, "val/accuracy_label_\u540c\u610f": 0.9539455771446228, "val/presicion_label_\u540c\u610f": 0.0, "val/recall_label_\u540c\u610f": 0.0, "val/f1score_label_\u540c\u610f": 0.0, "val/accuracy_label_\u7d0d\u5f97": 0.9711823463439941, "val/presicion_label_\u7d0d\u5f97": 0.0, "val/recall_label_\u7d0d\u5f97": 0.0, "val/f1score_label_\u7d0d\u5f97": 0.0, "val/accuracy_label_\u9a5a\u304d": 0.9709129929542542, "val/presicion_label_\u9a5a\u304d": 0.0, "val/recall_label_\u9a5a\u304d": 0.0, "val/f1score_label_\u9a5a\u304d": 0.0, "val/accuracy_label_\u305d\u306e\u4ed6": 0.9294371008872986, "val/presicion_label_\u305d\u306e\u4ed6": 0.0, "val/recall_label_\u305d\u306e\u4ed6": 0.0, "val/f1score_label_\u305d\u306e\u4ed6": 0.0, "train_loss": 0.6839020252227783, "train/multilabelaccuracy": 0.8801431059837341, "train/multilabelprecision": 0.20919187366962433, "train/multilabelrecall": 0.17096908390522003, "train/multilabelf1score": 0.17738011479377747, "train/multilabelmatthewscorrcoef": 0.5162517428398132, "train/accuracy_label_\u3042\u3044\u3065\u3061": 0.6644444465637207, "train/presicion_label_\u3042\u3044\u3065\u3061": 0.6979016065597534, "train/recall_label_\u3042\u3044\u3065\u3061": 0.8520016670227051, "train/f1score_label_\u3042\u3044\u3065\u3061": 0.7672908902168274, "train/accuracy_label_\u611f\u5fc3": 0.7329292893409729, "train/presicion_label_\u611f\u5fc3": 0.5812389254570007, "train/recall_label_\u611f\u5fc3": 0.371073454618454, "train/f1score_label_\u611f\u5fc3": 0.45296552777290344, "train/accuracy_label_\u8a55\u4fa1": 0.9469360113143921, "train/presicion_label_\u8a55\u4fa1": 0.05232558026909828, "train/recall_label_\u8a55\u4fa1": 0.014195583760738373, "train/f1score_label_\u8a55\u4fa1": 0.022332506254315376, "train/accuracy_label_\u7e70\u308a\u8fd4\u3057\u5fdc\u7b54": 0.8964983224868774, "train/presicion_label_\u7e70\u308a\u8fd4\u3057\u5fdc\u7b54": 0.13176895678043365, "train/recall_label_\u7e70\u308a\u8fd4\u3057\u5fdc\u7b54": 0.0646589919924736, "train/f1score_label_\u7e70\u308a\u8fd4\u3057\u5fdc\u7b54": 0.0867498517036438, "train/accuracy_label_\u540c\u610f": 0.9454545378684998, "train/presicion_label_\u540c\u610f": 0.11009174585342407, "train/recall_label_\u540c\u610f": 0.016551723703742027, "train/f1score_label_\u540c\u610f": 0.028776979073882103, "train/accuracy_label_\u7d0d\u5f97": 0.9707744121551514, "train/presicion_label_\u7d0d\u5f97": 0.029411764815449715, "train/recall_label_\u7d0d\u5f97": 0.002487562131136656, "train/f1score_label_\u7d0d\u5f97": 0.004587155766785145, "train/accuracy_label_\u9a5a\u304d": 0.9639057517051697, "train/presicion_label_\u9a5a\u304d": 0.07079645991325378, "train/recall_label_\u9a5a\u304d": 0.046783626079559326, "train/f1score_label_\u9a5a\u304d": 0.056338027119636536, "train/accuracy_label_\u305d\u306e\u4ed6": 0.9202020168304443, "train/presicion_label_\u305d\u306e\u4ed6": 0.0, "train/recall_label_\u305d\u306e\u4ed6": 0.0, "train/f1score_label_\u305d\u306e\u4ed6": 0.0, "test_loss": 0.6853245496749878, "test/multilabelaccuracy": 0.8892140984535217, "test/multilabelprecision": 0.156256303191185, "test/multilabelrecall": 0.17084282636642456, "test/multilabelf1score": 0.15833808481693268, "test/multilabelmatthewscorrcoef": 0.5549595952033997, "test/accuracy_label_\u3042\u3044\u3065\u3061": 0.6451205611228943, "test/presicion_label_\u3042\u3044\u3065\u3061": 0.6511199474334717, "test/recall_label_\u3042\u3044\u3065\u3061": 0.9429015517234802, "test/f1score_label_\u3042\u3044\u3065\u3061": 0.7703058123588562, "test/accuracy_label_\u611f\u5fc3": 0.745092511177063, "test/presicion_label_\u611f\u5fc3": 0.5989304780960083, "test/recall_label_\u611f\u5fc3": 0.42384105920791626, "test/f1score_label_\u611f\u5fc3": 0.4963988959789276, "test/accuracy_label_\u8a55\u4fa1": 0.9659281969070435, "test/presicion_label_\u8a55\u4fa1": 0.0, "test/recall_label_\u8a55\u4fa1": 0.0, "test/f1score_label_\u8a55\u4fa1": 0.0, "test/accuracy_label_\u7e70\u308a\u8fd4\u3057\u5fdc\u7b54": 0.9151710867881775, "test/presicion_label_\u7e70\u308a\u8fd4\u3057\u5fdc\u7b54": 0.0, "test/recall_label_\u7e70\u308a\u8fd4\u3057\u5fdc\u7b54": 0.0, "test/f1score_label_\u7e70\u308a\u8fd4\u3057\u5fdc\u7b54": 0.0, "test/accuracy_label_\u540c\u610f": 0.9589175581932068, "test/presicion_label_\u540c\u610f": 0.0, "test/recall_label_\u540c\u610f": 0.0, "test/f1score_label_\u540c\u610f": 0.0, "test/accuracy_label_\u7d0d\u5f97": 0.9662086367607117, "test/presicion_label_\u7d0d\u5f97": 0.0, "test/recall_label_\u7d0d\u5f97": 0.0, "test/f1score_label_\u7d0d\u5f97": 0.0, "test/accuracy_label_\u9a5a\u304d": 0.9823331236839294, "test/presicion_label_\u9a5a\u304d": 0.0, "test/recall_label_\u9a5a\u304d": 0.0, "test/f1score_label_\u9a5a\u304d": 0.0, "test/accuracy_label_\u305d\u306e\u4ed6": 0.9349411129951477, "test/presicion_label_\u305d\u306e\u4ed6": 0.0, "test/recall_label_\u305d\u306e\u4ed6": 0.0, "test/f1score_label_\u305d\u306e\u4ed6": 0.0, "_wandb": {"runtime": 845}}