{"train/loss": 0.040372997522354126, "epoch": 3, "trainer/global_step": 1915, "_timestamp": 1714026300.127624, "_runtime": 448.5763919353485, "_step": 45, "val_loss": 0.041154973208904266, "val/multilabelaccuracy": 0.9168773889541626, "val/multilabelprecision": 0.1975741982460022, "val/multilabelrecall": 0.1270270049571991, "val/multilabelf1score": 0.1373278796672821, "val/multilabelmatthewscorrcoef": 0.6450340151786804, "val/accuracy_label_\u3042\u3044\u3065\u3061": 0.9385213851928711, "val/presicion_label_\u3042\u3044\u3065\u3061": 0.9615861177444458, "val/recall_label_\u3042\u3044\u3065\u3061": 0.9728374481201172, "val/f1score_label_\u3042\u3044\u3065\u3061": 0.9671790599822998, "val/accuracy_label_\u611f\u5fc3": 0.6754863858222961, "val/presicion_label_\u611f\u5fc3": 0.7938311696052551, "val/recall_label_\u611f\u5fc3": 0.6277278661727905, "val/f1score_label_\u611f\u5fc3": 0.7010752558708191, "val/accuracy_label_\u8a55\u4fa1": 0.8805447220802307, "val/presicion_label_\u8a55\u4fa1": 0.0, "val/recall_label_\u8a55\u4fa1": 0.0, "val/f1score_label_\u8a55\u4fa1": 0.0, "val/accuracy_label_\u7e70\u308a\u8fd4\u3057\u5fdc\u7b54": 0.7319065928459167, "val/presicion_label_\u7e70\u308a\u8fd4\u3057\u5fdc\u7b54": 0.4601941704750061, "val/recall_label_\u7e70\u308a\u8fd4\u3057\u5fdc\u7b54": 0.36574074625968933, "val/f1score_label_\u7e70\u308a\u8fd4\u3057\u5fdc\u7b54": 0.407566636800766, "val/accuracy_label_\u540c\u610f": 0.8782101273536682, "val/presicion_label_\u540c\u610f": 0.05882352963089943, "val/recall_label_\u540c\u610f": 0.003355704713612795, "val/f1score_label_\u540c\u610f": 0.0063492064364254475, "val/accuracy_label_\u7d0d\u5f97": 0.9035019278526306, "val/presicion_label_\u7d0d\u5f97": 0.1111111119389534, "val/recall_label_\u7d0d\u5f97": 0.004149377811700106, "val/f1score_label_\u7d0d\u5f97": 0.00800000037997961, "val/accuracy_label_\u9a5a\u304d": 0.9377431869506836, "val/presicion_label_\u9a5a\u304d": 0.0, "val/recall_label_\u9a5a\u304d": 0.0, "val/f1score_label_\u9a5a\u304d": 0.0, "val/accuracy_label_\u8a00\u3044\u63db\u3048": 0.9988327026367188, "val/presicion_label_\u8a00\u3044\u63db\u3048": 0.0, "val/recall_label_\u8a00\u3044\u63db\u3048": 0.0, "val/f1score_label_\u8a00\u3044\u63db\u3048": 0.0, "val/accuracy_label_\u610f\u898b": 0.9665369391441345, "val/presicion_label_\u610f\u898b": 0.0, "val/recall_label_\u610f\u898b": 0.0, "val/f1score_label_\u610f\u898b": 0.0, "val/accuracy_label_\u8003\u3048\u3066\u3044\u308b\u6700\u4e2d": 0.9797665476799011, "val/presicion_label_\u8003\u3048\u3066\u3044\u308b\u6700\u4e2d": 0.0, "val/recall_label_\u8003\u3048\u3066\u3044\u308b\u6700\u4e2d": 0.0, "val/f1score_label_\u8003\u3048\u3066\u3044\u308b\u6700\u4e2d": 0.0, "val/accuracy_label_\u4e0d\u540c\u610f": 0.9859921932220459, "val/presicion_label_\u4e0d\u540c\u610f": 0.5, "val/recall_label_\u4e0d\u540c\u610f": 0.02777777798473835, "val/f1score_label_\u4e0d\u540c\u610f": 0.05263157933950424, "val/accuracy_label_\u88dc\u5b8c": 0.9431906342506409, "val/presicion_label_\u88dc\u5b8c": 0.0833333358168602, "val/recall_label_\u88dc\u5b8c": 0.01587301678955555, "val/f1score_label_\u88dc\u5b8c": 0.02666666731238365, "val/accuracy_label_\u3042\u3044\u3055\u3064": 0.994163453578949, "val/presicion_label_\u3042\u3044\u3055\u3064": 0.0, "val/recall_label_\u3042\u3044\u3055\u3064": 0.0, "val/f1score_label_\u3042\u3044\u3055\u3064": 0.0, "val/accuracy_label_\u60f3\u8d77": 0.9961089491844177, "val/presicion_label_\u60f3\u8d77": 0.0, "val/recall_label_\u60f3\u8d77": 0.0, "val/f1score_label_\u60f3\u8d77": 0.0, "val/accuracy_label_\u9a5a\u304d\u3068\u3044\u3076\u304b\u308a": 0.995719850063324, "val/presicion_label_\u9a5a\u304d\u3068\u3044\u3076\u304b\u308a": 0.0, "val/recall_label_\u9a5a\u304d\u3068\u3044\u3076\u304b\u308a": 0.0, "val/f1score_label_\u9a5a\u304d\u3068\u3044\u3076\u304b\u308a": 0.0, "val/accuracy_label_\u305d\u306e\u4ed6": 0.8638132214546204, "val/presicion_label_\u305d\u306e\u4ed6": 0.19230769574642181, "val/recall_label_\u305d\u306e\u4ed6": 0.014970059506595135, "val/f1score_label_\u305d\u306e\u4ed6": 0.02777777798473835, "train_loss": 0.041038766503334045, "train/multilabelaccuracy": 0.92022705078125, "train/multilabelprecision": 0.19129985570907593, "train/multilabelrecall": 0.13183288276195526, "train/multilabelf1score": 0.13700774312019348, "train/multilabelmatthewscorrcoef": 0.6618635654449463, "train/accuracy_label_\u3042\u3044\u3065\u3061": 0.941720187664032, "train/presicion_label_\u3042\u3044\u3065\u3061": 0.9543985724449158, "train/recall_label_\u3042\u3044\u3065\u3061": 0.9846305847167969, "train/f1score_label_\u3042\u3044\u3065\u3061": 0.969278872013092, "train/accuracy_label_\u611f\u5fc3": 0.7052441835403442, "train/presicion_label_\u611f\u5fc3": 0.7466614842414856, "train/recall_label_\u611f\u5fc3": 0.7725436091423035, "train/f1score_label_\u611f\u5fc3": 0.7593820691108704, "train/accuracy_label_\u8a55\u4fa1": 0.8773593902587891, "train/presicion_label_\u8a55\u4fa1": 0.19313304126262665, "train/recall_label_\u8a55\u4fa1": 0.01892346516251564, "train/f1score_label_\u8a55\u4fa1": 0.03446955233812332, "train/accuracy_label_\u7e70\u308a\u8fd4\u3057\u5fdc\u7b54": 0.7330706119537354, "train/presicion_label_\u7e70\u308a\u8fd4\u3057\u5fdc\u7b54": 0.47410714626312256, "train/recall_label_\u7e70\u308a\u8fd4\u3057\u5fdc\u7b54": 0.2998306155204773, "train/f1score_label_\u7e70\u308a\u8fd4\u3057\u5fdc\u7b54": 0.36734694242477417, "train/accuracy_label_\u540c\u610f": 0.881007969379425, "train/presicion_label_\u540c\u610f": 0.13333334028720856, "train/recall_label_\u540c\u610f": 0.004182350356131792, "train/f1score_label_\u540c\u610f": 0.008110299706459045, "train/accuracy_label_\u7d0d\u5f97": 0.9121424555778503, "train/presicion_label_\u7d0d\u5f97": 0.2857142984867096, "train/recall_label_\u7d0d\u5f97": 0.004459308926016092, "train/f1score_label_\u7d0d\u5f97": 0.008781558834016323, "train/accuracy_label_\u9a5a\u304d": 0.9385581016540527, "train/presicion_label_\u9a5a\u304d": 0.0, "train/recall_label_\u9a5a\u304d": 0.0, "train/f1score_label_\u9a5a\u304d": 0.0, "train/accuracy_label_\u8a00\u3044\u63db\u3048": 0.9941622614860535, "train/presicion_label_\u8a00\u3044\u63db\u3048": 0.0, "train/recall_label_\u8a00\u3044\u63db\u3048": 0.0, "train/f1score_label_\u8a00\u3044\u63db\u3048": 0.0, "train/accuracy_label_\u610f\u898b": 0.9672115445137024, "train/presicion_label_\u610f\u898b": 0.0, "train/recall_label_\u610f\u898b": 0.0, "train/f1score_label_\u610f\u898b": 0.0, "train/accuracy_label_\u8003\u3048\u3066\u3044\u308b\u6700\u4e2d": 0.9820004105567932, "train/presicion_label_\u8003\u3048\u3066\u3044\u308b\u6700\u4e2d": 0.0, "train/recall_label_\u8003\u3048\u3066\u3044\u308b\u6700\u4e2d": 0.0, "train/f1score_label_\u8003\u3048\u3066\u3044\u308b\u6700\u4e2d": 0.0, "train/accuracy_label_\u4e0d\u540c\u610f": 0.9843841195106506, "train/presicion_label_\u4e0d\u540c\u610f": 0.0, "train/recall_label_\u4e0d\u540c\u610f": 0.0, "train/f1score_label_\u4e0d\u540c\u610f": 0.0, "train/accuracy_label_\u88dc\u5b8c": 0.948871374130249, "train/presicion_label_\u88dc\u5b8c": 0.06756756454706192, "train/recall_label_\u88dc\u5b8c": 0.01083423662930727, "train/f1score_label_\u88dc\u5b8c": 0.018674137070775032, "train/accuracy_label_\u3042\u3044\u3055\u3064": 0.992848813533783, "train/presicion_label_\u3042\u3044\u3055\u3064": 0.0, "train/recall_label_\u3042\u3044\u3055\u3064": 0.0, "train/f1score_label_\u3042\u3044\u3055\u3064": 0.0, "train/accuracy_label_\u60f3\u8d77": 0.9972270727157593, "train/presicion_label_\u60f3\u8d77": 0.0, "train/recall_label_\u60f3\u8d77": 0.0, "train/f1score_label_\u60f3\u8d77": 0.0, "train/accuracy_label_\u9a5a\u304d\u3068\u3044\u3076\u304b\u308a": 0.994989275932312, "train/presicion_label_\u9a5a\u304d\u3068\u3044\u3076\u304b\u308a": 0.0, "train/recall_label_\u9a5a\u304d\u3068\u3044\u3076\u304b\u308a": 0.0, "train/f1score_label_\u9a5a\u304d\u3068\u3044\u3076\u304b\u308a": 0.0, "train/accuracy_label_\u305d\u306e\u4ed6": 0.8728351593017578,