{"val_accuracy": 0.9886677265167236, "epoch": 0, "trainer/global_step": 7, "_timestamp": 1685931572.0920594, "_runtime": 476.11136627197266, "_step": 0, "_wandb": {"runtime": 475}}