{"val_loss": 0.5243304967880249, "val/binaryaccuracy": 0.7804877758026123, "val/binaryprecision": 0.7804877758026123, "val/binaryrecall": 1.0, "val/binaryf1score": 0.8767123222351074, "val/binarymatthewscorrcoef": 0.21166041493415833, "epoch": 3, "trainer/global_step": 43, "_timestamp": 1693985968.6067736, "_runtime": 2811.7453286647797, "_step": 8, "train_loss": 0.41978323459625244, "train/binaryaccuracy": 0.907975435256958, "train/binaryprecision": 0.907975435256958, "train/binaryrecall": 1.0, "train/binaryf1score": 0.9517685174942017, "train/binarymatthewscorrcoef": 0.2210962176322937, "test/confusion_matrix_table": {"_type": "table-file", "sha256": "f87a73ac9428a229c5cec4be100496c34cdb4854c6014b5536a44988169b1ac1", "size": 315, "artifact_path": "wandb-client-artifact://tp23qs58muqsa9ze699n5nwtjkkkf27bzp33w4jocnaqmpzb0y2kp83af9cv4pzei8w1rl510b69hb98x2renxn5dhnwzjjjzs80iyuc2o7m1emem6bzhg5n1i9g9w8v:latest/test/confusion_matrix_table.table.json", "_latest_artifact_path": "wandb-client-artifact://tp23qs58muqsa9ze699n5nwtjkkkf27bzp33w4jocnaqmpzb0y2kp83af9cv4pzei8w1rl510b69hb98x2renxn5dhnwzjjjzs80iyuc2o7m1emem6bzhg5n1i9g9w8v:latest/test/confusion_matrix_table.table.json", "path": "media/table/test/confusion_matrix_table_8_f87a73ac9428a229c5ce.table.json", "ncols": 3, "nrows": 4}, "_wandb": {"runtime": 2813}}