{"val_loss": 0.5939242839813232, "val/binaryaccuracy": 0.7804877758026123, "val/binaryprecision": 0.7804877758026123, "val/binaryrecall": 1.0, "val/binaryf1score": 0.8767123222351074, "val/binarymatthewscorrcoef": 0.21166041493415833, "epoch": 0, "trainer/global_step": 5, "_timestamp": 1695877714.8362792, "_runtime": 797.6560821533203, "_step": 1, "train_loss": 0.5725245475769043, "train/binaryaccuracy": 0.907975435256958, "train/binaryprecision": 0.907975435256958, "train/binaryrecall": 1.0, "train/binaryf1score": 0.9517685174942017, "train/binarymatthewscorrcoef": 0.2210962176322937, "_wandb": {"runtime": 1153}}