{"val_loss": 0.6607211828231812, "val/multilabelaccuracy": 0.6161444187164307, "val/multilabelprecision": 0.2596808969974518, "val/multilabelrecall": 0.3153972625732422, "val/multilabelf1score": 0.28395071625709534, "val/multilabelmatthewscorrcoef": 0.2782666087150574, "val/accuracy_label_\u3042\u3044\u3065\u3061": 0.06811989098787308, "val/presicion_label_\u3042\u3044\u3065\u3061": 0.0, "val/recall_label_\u3042\u3044\u3065\u3061": 0.0, "val/f1score_label_\u3042\u3044\u3065\u3061": 0.0, "val/accuracy_label_\u611f\u5fc3": 0.9019073843955994, "val/presicion_label_\u611f\u5fc3": 0.9159159064292908, "val/recall_label_\u611f\u5fc3": 0.97444087266922, "val/f1score_label_\u611f\u5fc3": 0.9442724585533142, "val/accuracy_label_\u8a55\u4fa1": 0.6376021504402161, "val/presicion_label_\u8a55\u4fa1": 0.0, "val/recall_label_\u8a55\u4fa1": 0.0, "val/f1score_label_\u8a55\u4fa1": 0.0, "val/accuracy_label_\u7e70\u308a\u8fd4\u3057\u5fdc\u7b54": 0.7084468603134155, "val/presicion_label_\u7e70\u308a\u8fd4\u3057\u5fdc\u7b54": 0.6860068440437317, "val/recall_label_\u7e70\u308a\u8fd4\u3057\u5fdc\u7b54": 0.9305555820465088, "val/f1score_label_\u7e70\u308a\u8fd4\u3057\u5fdc\u7b54": 0.7897838950157166, "val/accuracy_label_\u540c\u610f": 0.6457765698432922, "val/presicion_label_\u540c\u610f": 0.0, "val/recall_label_\u540c\u610f": 0.0, "val/f1score_label_\u540c\u610f": 0.0, "val/accuracy_label_\u7d0d\u5f97": 0.6811988949775696, "val/presicion_label_\u7d0d\u5f97": 0.4755244851112366, "val/recall_label_\u7d0d\u5f97": 0.6181818246841431, "val/f1score_label_\u7d0d\u5f97": 0.5375494360923767, "val/accuracy_label_\u9a5a\u304d": 0.7929155230522156, "val/presicion_label_\u9a5a\u304d": 0.0, "val/recall_label_\u9a5a\u304d": 0.0, "val/f1score_label_\u9a5a\u304d": 0.0, "val/accuracy_label_\u305d\u306e\u4ed6": 0.4931880235671997, "val/presicion_label_\u305d\u306e\u4ed6": 0.0, "val/recall_label_\u305d\u306e\u4ed6": 0.0, "val/f1score_label_\u305d\u306e\u4ed6": 0.0, "epoch": 8, "trainer/global_step": 368, "_timestamp": 1705466533.871185, "_runtime": 185.89276099205017, "_step": 23, "train_loss": 0.6637272238731384, "train/multilabelaccuracy": 0.6145122647285461, "train/multilabelprecision": 0.2593095600605011, "train/multilabelrecall": 0.31348830461502075, "train/multilabelf1score": 0.28316357731819153, "train/multilabelmatthewscorrcoef": 0.2730289697647095, "train/accuracy_label_\u3042\u3044\u3065\u3061": 0.05798089876770973, "train/presicion_label_\u3042\u3044\u3065\u3061": 0.0, "train/recall_label_\u3042\u3044\u3065\u3061": 0.0, "train/f1score_label_\u3042\u3044\u3065\u3061": 0.0, "train/accuracy_label_\u611f\u5fc3": 0.862892210483551, "train/presicion_label_\u611f\u5fc3": 0.8876233696937561, "train/recall_label_\u611f\u5fc3": 0.9566285014152527, "train/f1score_label_\u611f\u5fc3": 0.9208349585533142, "train/accuracy_label_\u8a55\u4fa1": 0.6405184268951416, "train/presicion_label_\u8a55\u4fa1": 0.0, "train/recall_label_\u8a55\u4fa1": 0.0, "train/f1score_label_\u8a55\u4fa1": 0.0, "train/accuracy_label_\u7e70\u308a\u8fd4\u3057\u5fdc\u7b54": 0.7210095524787903, "train/presicion_label_\u7e70\u308a\u8fd4\u3057\u5fdc\u7b54": 0.6932515501976013, "train/recall_label_\u7e70\u308a\u8fd4\u3057\u5fdc\u7b54": 0.9305882453918457, "train/f1score_label_\u7e70\u308a\u8fd4\u3057\u5fdc\u7b54": 0.794575572013855, "train/accuracy_label_\u540c\u610f": 0.6773533225059509, "train/presicion_label_\u540c\u610f": 0.0, "train/recall_label_\u540c\u610f": 0.0, "train/f1score_label_\u540c\u610f": 0.0, "train/accuracy_label_\u7d0d\u5f97": 0.698499321937561, "train/presicion_label_\u7d0d\u5f97": 0.4936014711856842, "train/recall_label_\u7d0d\u5f97": 0.6206896305084229, "train/f1score_label_\u7d0d\u5f97": 0.5498981475830078, "train/accuracy_label_\u9a5a\u304d": 0.7864938378334045, "train/presicion_label_\u9a5a\u304d": 0.0, "train/recall_label_\u9a5a\u304d": 0.0, "train/f1score_label_\u9a5a\u304d": 0.0, "train/accuracy_label_\u305d\u306e\u4ed6": 0.47135061025619507, "train/presicion_label_\u305d\u306e\u4ed6": 0.0, "train/recall_label_\u305d\u306e\u4ed6": 0.0, "train/f1score_label_\u305d\u306e\u4ed6": 0.0, "train/loss": 0.6647756099700928, "test_loss": 0.6606833338737488, "test/multilabelaccuracy": 0.6195652484893799, "test/multilabelprecision": 0.26416102051734924, "test/multilabelrecall": 0.32832419872283936, "test/multilabelf1score": 0.2915347218513489, "test/multilabelmatthewscorrcoef": 0.28114598989486694, "test/accuracy_label_\u3042\u3044\u3065\u3061": 0.04968944191932678, "test/presicion_label_\u3042\u3044\u3065\u3061": 0.0, "test/recall_label_\u3042\u3044\u3065\u3061": 0.0, "test/f1score_label_\u3042\u3044\u3065\u3061": 0.0, "test/accuracy_label_\u611f\u5fc3": 0.8633540272712708, "test/presicion_label_\u611f\u5fc3": 0.8986486196517944, "test/recall_label_\u611f\u5fc3": 0.949999988079071, "test/f1score_label_\u611f\u5fc3": 0.9236111044883728, "test/accuracy_label_\u8a55\u4fa1": 0.6211180090904236, "test/presicion_label_\u8a55\u4fa1": 0.0, "test/recall_label_\u8a55\u4fa1": 0.0, "test/f1score_label_\u8a55\u4fa1": 0.0, "test/accuracy_label_\u7e70\u308a\u8fd4\u3057\u5fdc\u7b54": 0.7204968929290771, "test/presicion_label_\u7e70\u308a\u8fd4\u3057\u5fdc\u7b54": 0.695652186870575, "test/recall_label_\u7e70\u308a\u8fd4\u3057\u5fdc\u7b54": 0.9696969985961914, "test/f1score_label_\u7e70\u308a\u8fd4\u3057\u5fdc\u7b54": 0.8101266026496887, "test/accuracy_label_\u540c\u610f": 0.6832298040390015, "test/presicion_label_\u540c\u610f": 0.0, "test/recall_label_\u540c\u610f": 0.0, "test/f1score_label_\u540c\u610f": 0.0, "test/accuracy_label_\u7d0d\u5f97": 0.6583850979804993, "test/presicion_label_\u7d0d\u5f97": 0.5189873576164246, "test/recall_label_\u7d0d\u5f97": 0.7068965435028076, "test/f1score_label_\u7d0d\u5f97": 0.5985401272773743, "test/accuracy_label_\u9a5a\u304d": 0.8540372848510742, "test/presicion_label_\u9a5a\u304d": 0.0, "test/recall_label_\u9a5a\u304d": 0.0, "test/f1score_label_\u9a5a\u304d": 0.0, "test/accuracy_label_\u305d\u306e\u4ed6": 0.5062111616134644, "test/presicion_label_\u305d\u306e\u4ed6": 0.0, "test/recall_label_\u305d\u306e\u4ed6": 0.0, "test/f1score_label_\u305d\u306e\u4ed6": 0.0, "_wandb": {"runtime": 185}}