{"train/loss": 0.7785707712173462, "epoch": 4, "trainer/global_step": 2184, "_timestamp": 1705557854.7520282, "_runtime": 977.7343912124634, "_step": 51, "val_loss": 0.7638561129570007, "val/multilabelaccuracy": 0.9290722012519836, "val/multilabelprecision": 0.09267999976873398, "val/multilabelrecall": 0.1192905381321907, "val/multilabelf1score": 0.09000440686941147, "val/multilabelmatthewscorrcoef": 0.5724581480026245, "val/accuracy_label_\u3042\u3044\u3065\u3061": 0.6426281929016113, "val/presicion_label_\u3042\u3044\u3065\u3061": 0.6426281929016113, "val/recall_label_\u3042\u3044\u3065\u3061": 1.0, "val/f1score_label_\u3042\u3044\u3065\u3061": 0.7824390530586243, "val/accuracy_label_\u611f\u5fc3": 0.5853937864303589, "val/presicion_label_\u611f\u5fc3": 0.3942904472351074, "val/recall_label_\u611f\u5fc3": 0.7330769300460815, "val/f1score_label_\u611f\u5fc3": 0.5127791166305542, "val/accuracy_label_\u8a55\u4fa1": 0.9555860757827759, "val/presicion_label_\u8a55\u4fa1": 0.0, "val/recall_label_\u8a55\u4fa1": 0.0, "val/f1score_label_\u8a55\u4fa1": 0.0, "val/accuracy_label_\u7e70\u308a\u8fd4\u3057\u5fdc\u7b54": 0.9175823926925659, "val/presicion_label_\u7e70\u308a\u8fd4\u3057\u5fdc\u7b54": 0.0, "val/recall_label_\u7e70\u308a\u8fd4\u3057\u5fdc\u7b54": 0.0, "val/f1score_label_\u7e70\u308a\u8fd4\u3057\u5fdc\u7b54": 0.0, "val/accuracy_label_\u540c\u610f": 0.9038461446762085, "val/presicion_label_\u540c\u610f": 0.11262798309326172, "val/recall_label_\u540c\u610f": 0.17098446190357208, "val/f1score_label_\u540c\u610f": 0.1358024626970291, "val/accuracy_label_\u7d0d\u5f97": 0.9686355590820312, "val/presicion_label_\u7d0d\u5f97": 0.0, "val/recall_label_\u7d0d\u5f97": 0.0, "val/f1score_label_\u7d0d\u5f97": 0.0, "val/accuracy_label_\u9a5a\u304d": 0.9736721515655518, "val/presicion_label_\u9a5a\u304d": 0.0, "val/recall_label_\u9a5a\u304d": 0.0, "val/f1score_label_\u9a5a\u304d": 0.0, "val/accuracy_label_\u8a00\u3044\u63db\u3048": 0.9986263513565063, "val/presicion_label_\u8a00\u3044\u63db\u3048": 0.0, "val/recall_label_\u8a00\u3044\u63db\u3048": 0.0, "val/f1score_label_\u8a00\u3044\u63db\u3048": 0.0, "val/accuracy_label_\u610f\u898b": 0.9913003444671631, "val/presicion_label_\u610f\u898b": 0.0, "val/recall_label_\u610f\u898b": 0.0, "val/f1score_label_\u610f\u898b": 0.0, "val/accuracy_label_\u8003\u3048\u3066\u3044\u308b\u6700\u4e2d": 0.997710645198822, "val/presicion_label_\u8003\u3048\u3066\u3044\u308b\u6700\u4e2d": 0.0, "val/recall_label_\u8003\u3048\u3066\u3044\u308b\u6700\u4e2d": 0.0, "val/f1score_label_\u8003\u3048\u3066\u3044\u308b\u6700\u4e2d": 0.0, "val/accuracy_label_\u4e0d\u540c\u610f": 0.9926739931106567, "val/presicion_label_\u4e0d\u540c\u610f": 0.0, "val/recall_label_\u4e0d\u540c\u610f": 0.0, "val/f1score_label_\u4e0d\u540c\u610f": 0.0, "val/accuracy_label_\u88dc\u5b8c": 0.9919871687889099, "val/presicion_label_\u88dc\u5b8c": 0.0, "val/recall_label_\u88dc\u5b8c": 0.0, "val/f1score_label_\u88dc\u5b8c": 0.0, "val/accuracy_label_\u3042\u3044\u3055\u3064": 0.997710645198822, "val/presicion_label_\u3042\u3044\u3055\u3064": 0.0, "val/recall_label_\u3042\u3044\u3055\u3064": 0.0, "val/f1score_label_\u3042\u3044\u3055\u3064": 0.0, "val/accuracy_label_\u60f3\u8d77": 0.9988552927970886, "val/presicion_label_\u60f3\u8d77": 0.0, "val/recall_label_\u60f3\u8d77": 0.0, "val/f1score_label_\u60f3\u8d77": 0.0, "val/accuracy_label_\u9a5a\u304d\u3068\u3044\u3076\u304b\u308a": 0.9990842342376709, "val/presicion_label_\u9a5a\u304d\u3068\u3044\u3076\u304b\u308a": 0.0, "val/recall_label_\u9a5a\u304d\u3068\u3044\u3076\u304b\u308a": 0.0, "val/f1score_label_\u9a5a\u304d\u3068\u3044\u3076\u304b\u308a": 0.0, "val/accuracy_label_\u305d\u306e\u4ed6": 0.9498626589775085, "val/presicion_label_\u305d\u306e\u4ed6": 0.3333333432674408, "val/recall_label_\u305d\u306e\u4ed6": 0.004587155766785145, "val/f1score_label_\u305d\u306e\u4ed6": 0.009049774147570133, "train_loss": 0.7645961046218872, "train/multilabelaccuracy": 0.9142913818359375, "train/multilabelprecision": 0.08423688262701035, "train/multilabelrecall": 0.12510359287261963, "train/multilabelf1score": 0.09753851592540741, "train/multilabelmatthewscorrcoef": 0.5185585021972656, "train/accuracy_label_\u3042\u3044\u3065\u3061": 0.6474931240081787, "train/presicion_label_\u3042\u3044\u3065\u3061": 0.6474931240081787, "train/recall_label_\u3042\u3044\u3065\u3061": 1.0, "train/f1score_label_\u3042\u3044\u3065\u3061": 0.7860344052314758, "train/accuracy_label_\u611f\u5fc3": 0.6639766693115234, "train/presicion_label_\u611f\u5fc3": 0.4509997069835663, "train/recall_label_\u611f\u5fc3": 0.6189371943473816, "train/f1score_label_\u611f\u5fc3": 0.5217887163162231, "train/accuracy_label_\u8a55\u4fa1": 0.9591346383094788, "train/presicion_label_\u8a55\u4fa1": 0.0, "train/recall_label_\u8a55\u4fa1": 0.0, "train/f1score_label_\u8a55\u4fa1": 0.0, "train/accuracy_label_\u7e70\u308a\u8fd4\u3057\u5fdc\u7b54": 0.9215888381004333, "train/presicion_label_\u7e70\u308a\u8fd4\u3057\u5fdc\u7b54": 0.0625, "train/recall_label_\u7e70\u308a\u8fd4\u3057\u5fdc\u7b54": 0.0030441400595009327, "train/f1score_label_\u7e70\u308a\u8fd4\u3057\u5fdc\u7b54": 0.005805515218526125, "train/accuracy_label_\u540c\u610f": 0.8667582273483276, "train/presicion_label_\u540c\u610f": 0.08558807522058487, "train/recall_label_\u540c\u610f": 0.1874244213104248, "train/f1score_label_\u540c\u610f": 0.1175132691860199, "train/accuracy_label_\u7d0d\u5f97": 0.9724130034446716, "train/presicion_label_\u7d0d\u5f97": 0.0, "train/recall_label_\u7d0d\u5f97": 0.0, "train/f1score_label_\u7d0d\u5f97": 0.0, "train/accuracy_label_\u9a5a\u304d": 0.977277934551239, "train/presicion_label_\u9a5a\u304d": 0.0, "train/recall_label_\u9a5a\u304d": 0.0, "train/f1score_label_\u9a5a\u304d": 0.0, "train/accuracy_label_\u8a00\u3044\u63db\u3048": 0.8479281067848206, "train/presicion_label_\u8a00\u3044\u63db\u3048": 0.0, "train/recall_label_\u8a00\u3044\u63db\u3048": 0.0, "train/f1score_label_\u8a00\u3044\u63db\u3048": 0.0, "train/accuracy_label_\u610f\u898b": 0.9902701377868652, "train/presicion_label_\u610f\u898b": 0.0, "train/recall_label_\u610f\u898b": 0.0, "train/f1score_label_\u610f\u898b": 0.0, "train/accuracy_label_\u8003\u3048\u3066\u3044\u308b\u6700\u4e2d": 0.9945627450942993, "train/presicion_label_\u8003\u3048\u3066\u3044\u308b\u6700\u4e2d": 0.0, "train/recall_label_\u8003\u3048\u3066\u3044\u308b\u6700\u4e2d": 0.0, "train/f1score_label_\u8003\u3048\u3066\u3044\u308b\u6700\u4e2d": 0.0, "train/accuracy_label_\u4e0d\u540c\u610f": 0.9832875728607178, "train/presicion_label_\u4e0d\u540c\u610f": 0.010101010091602802, "train/recall_label_\u4e0d\u540c\u610f": 0.020408162847161293, "train/f1score_label_\u4e0d\u540c\u610f": 0.013513513840734959, "train/accuracy_label_\u88dc\u5b8c": 0.9540407657623291, "train/presicion_label_\u88dc\u5b8c": 0.006441223900765181, "train/recall_label_\u88dc\u5b8c": 0.021052632480859756, "train/f1score_label_\u88dc\u5b8c": 0.009864364750683308, "train/accuracy_label_\u3042\u3044\u3055\u3064": 0.9828296899795532, "train/presicion_label_\u3042\u3044\u3055\u3064": 0.003921568859368563, "train/recall_label_\u3042\u3044\u3055\u3064": 0.021276595070958138, "train/f1score_label_\u3042\u3044\u3055\u3064": 0.0066225165501236916, "train/accuracy_label_\u60f3\u8d77": 0.9753891825675964, "train/presicion_label_\u60f3\u8d77": 0.0, "train/recall_label_\u60f3\u8d77": 0.0, "train/f1score_label_\u60f3\u8d77": 0.0, "train/accuracy_label_\u9a5a\u304d\u3068\u3044\u3076\u304b\u308a": 0.9994848966598511, "train/presicion_label_\u9a5a\u304d\u3068\u3044\u3076\u304b\u308a": 0.0, "train/recall_label_\u9a5a\u304d\u3068\u3044\u3076\u304b\u308a": 0.0, "train/f1score_label_\u9a5a\u304d\u3068\u3044\u3076\u304b\u308a": 0.0, "train/accuracy_label_\u305d\u306e\u4ed6": 0.8922275900840759, "train/presicion_label_\u305d\u306e\u4ed6": 0.08074533939361572, "train/recall_label_\u305d\u306e\u4ed6": 0.12951432168483734, "train/f1score_label_\u305d\u306e\u4ed6": 0.09947393834590912, "test_loss": 0.765424907207489,