{"val_loss": 0.6903190016746521, "val/multilabelaccuracy": 0.9390243887901306, "val/multilabelprecision": 0.6447368264198303, "val/multilabelrecall": 0.5526315569877625, "val/multilabelf1score": 0.5951417088508606, "val/multilabelmatthewscorrcoef": 0.5643360614776611, "epoch": 0, "trainer/global_step": 25, "_timestamp": 1700632405.5011966, "_runtime": 43.63116955757141, "_step": 0, "_wandb": {"runtime": 43}}