{"train/loss": 0.6577504873275757, "epoch": 7, "trainer/global_step": 2839, "_timestamp": 1715654978.0403788, "_runtime": 882.2692747116089, "_step": 71, "val_loss": 0.6601182222366333, "val/multilabelaccuracy": 0.8243920207023621, "val/multilabelprecision": 0.2642330825328827, "val/multilabelrecall": 0.29344895482063293, "val/multilabelf1score": 0.2741052210330963, "val/multilabelmatthewscorrcoef": 0.5528756380081177, "val/accuracy_label_\u3042\u3044\u3065\u3061": 0.9743190407752991, "val/presicion_label_\u3042\u3044\u3065\u3061": 0.9776031374931335, "val/recall_label_\u3042\u3044\u3065\u3061": 0.9963956475257874, "val/f1score_label_\u3042\u3044\u3065\u3061": 0.9869099855422974, "val/accuracy_label_\u611f\u5fc3": 0.9575875401496887, "val/presicion_label_\u611f\u5fc3": 0.9592413306236267, "val/recall_label_\u611f\u5fc3": 0.9966456890106201, "val/f1score_label_\u611f\u5fc3": 0.9775858521461487, "val/accuracy_label_\u8a55\u4fa1": 0.7513618469238281, "val/presicion_label_\u8a55\u4fa1": 0.6690712571144104, "val/recall_label_\u8a55\u4fa1": 0.7317554354667664, "val/f1score_label_\u8a55\u4fa1": 0.6990108489990234, "val/accuracy_label_\u7e70\u308a\u8fd4\u3057\u5fdc\u7b54": 0.3614785969257355, "val/presicion_label_\u7e70\u308a\u8fd4\u3057\u5fdc\u7b54": 0.0, "val/recall_label_\u7e70\u308a\u8fd4\u3057\u5fdc\u7b54": 0.0, "val/f1score_label_\u7e70\u308a\u8fd4\u3057\u5fdc\u7b54": 0.0, "val/accuracy_label_\u540c\u610f": 0.7081711888313293, "val/presicion_label_\u540c\u610f": 0.5401402711868286, "val/recall_label_\u540c\u610f": 0.812426745891571, "val/f1score_label_\u540c\u610f": 0.648876428604126, "val/accuracy_label_\u7d0d\u5f97": 0.658365786075592, "val/presicion_label_\u7d0d\u5f97": 0.48447713255882263, "val/recall_label_\u7d0d\u5f97": 0.7059524059295654, "val/f1score_label_\u7d0d\u5f97": 0.5746123790740967, "val/accuracy_label_\u9a5a\u304d": 0.7933852076530457, "val/presicion_label_\u9a5a\u304d": 0.0, "val/recall_label_\u9a5a\u304d": 0.0, "val/f1score_label_\u9a5a\u304d": 0.0, "val/accuracy_label_\u8a00\u3044\u63db\u3048": 0.9836575984954834, "val/presicion_label_\u8a00\u3044\u63db\u3048": 0.0, "val/recall_label_\u8a00\u3044\u63db\u3048": 0.0, "val/f1score_label_\u8a00\u3044\u63db\u3048": 0.0, "val/accuracy_label_\u610f\u898b": 0.7933852076530457, "val/presicion_label_\u610f\u898b": 0.25136610865592957, "val/recall_label_\u610f\u898b": 0.263610303401947, "val/f1score_label_\u610f\u898b": 0.257342666387558, "val/accuracy_label_\u8003\u3048\u3066\u3044\u308b\u6700\u4e2d": 0.917120635509491, "val/presicion_label_\u8003\u3048\u3066\u3044\u308b\u6700\u4e2d": 0.0, "val/recall_label_\u8003\u3048\u3066\u3044\u308b\u6700\u4e2d": 0.0, "val/f1score_label_\u8003\u3048\u3066\u3044\u308b\u6700\u4e2d": 0.0, "val/accuracy_label_\u4e0d\u540c\u610f": 0.9482490420341492, "val/presicion_label_\u4e0d\u540c\u610f": 0.0, "val/recall_label_\u4e0d\u540c\u610f": 0.0, "val/f1score_label_\u4e0d\u540c\u610f": 0.0, "val/accuracy_label_\u88dc\u5b8c": 0.7898832559585571, "val/presicion_label_\u88dc\u5b8c": 0.27230048179626465, "val/recall_label_\u88dc\u5b8c": 0.1309255063533783, "val/f1score_label_\u88dc\u5b8c": 0.1768292635679245, "val/accuracy_label_\u3042\u3044\u3055\u3064": 0.9435797929763794, "val/presicion_label_\u3042\u3044\u3055\u3064": 0.07352941483259201, "val/recall_label_\u3042\u3044\u3055\u3064": 0.05747126415371895, "val/f1score_label_\u3042\u3044\u3055\u3064": 0.06451612710952759, "val/accuracy_label_\u60f3\u8d77": 0.9898832440376282, "val/presicion_label_\u60f3\u8d77": 0.0, "val/recall_label_\u60f3\u8d77": 0.0, "val/f1score_label_\u60f3\u8d77": 0.0, "val/accuracy_label_\u9a5a\u304d\u3068\u3044\u3076\u304b\u308a": 0.9894941449165344, "val/presicion_label_\u9a5a\u304d\u3068\u3044\u3076\u304b\u308a": 0.0, "val/recall_label_\u9a5a\u304d\u3068\u3044\u3076\u304b\u308a": 0.0, "val/f1score_label_\u9a5a\u304d\u3068\u3044\u3076\u304b\u308a": 0.0, "val/accuracy_label_\u305d\u306e\u4ed6": 0.6303501725196838, "val/presicion_label_\u305d\u306e\u4ed6": 0.0, "val/recall_label_\u305d\u306e\u4ed6": 0.0, "val/f1score_label_\u305d\u306e\u4ed6": 0.0, "train_loss": 0.6599428653717041, "train/multilabelaccuracy": 0.8253885507583618, "train/multilabelprecision": 0.2730371654033661, "train/multilabelrecall": 0.29111772775650024, "train/multilabelf1score": 0.26541417837142944, "train/multilabelmatthewscorrcoef": 0.5545637607574463, "train/accuracy_label_\u3042\u3044\u3065\u3061": 0.9784977436065674, "train/presicion_label_\u3042\u3044\u3065\u3061": 0.9799184799194336, "train/recall_label_\u3042\u3044\u3065\u3061": 0.9983492493629456, "train/f1score_label_\u3042\u3044\u3065\u3061": 0.9890480041503906, "train/accuracy_label_\u611f\u5fc3": 0.9587954878807068, "train/presicion_label_\u611f\u5fc3": 0.9593533277511597, "train/recall_label_\u611f\u5fc3": 0.9976283311843872, "train/f1score_label_\u611f\u5fc3": 0.978116512298584, "train/accuracy_label_\u8a55\u4fa1": 0.7246059775352478, "train/presicion_label_\u8a55\u4fa1": 0.595490574836731, "train/recall_label_\u8a55\u4fa1": 0.8562275767326355, "train/f1score_label_\u8a55\u4fa1": 0.7024441361427307, "train/accuracy_label_\u7e70\u308a\u8fd4\u3057\u5fdc\u7b54": 0.35186806321144104, "train/presicion_label_\u7e70\u308a\u8fd4\u3057\u5fdc\u7b54": 0.0, "train/recall_label_\u7e70\u308a\u8fd4\u3057\u5fdc\u7b54": 0.0, "train/f1score_label_\u7e70\u308a\u8fd4\u3057\u5fdc\u7b54": 0.0, "train/accuracy_label_\u540c\u610f": 0.7099143862724304, "train/presicion_label_\u540c\u610f": 0.5426385998725891, "train/recall_label_\u540c\u610f": 0.8368773460388184, "train/f1score_label_\u540c\u610f": 0.6583786606788635, "train/accuracy_label_\u7d0d\u5f97": 0.6414672136306763, "train/presicion_label_\u7d0d\u5f97": 0.47015810012817383, "train/recall_label_\u7d0d\u5f97": 0.7032219767570496, "train/f1score_label_\u7d0d\u5f97": 0.5635437369346619, "train/accuracy_label_\u9a5a\u304d": 0.7877991795539856, "train/presicion_label_\u9a5a\u304d": 0.22857142984867096, "train/recall_label_\u9a5a\u304d": 0.0037002775352448225, "train/f1score_label_\u9a5a\u304d": 0.007282658014446497, "train/accuracy_label_\u8a00\u3044\u63db\u3048": 0.9881786108016968, "train/presicion_label_\u8a00\u3044\u63db\u3048": 0.0, "train/recall_label_\u8a00\u3044\u63db\u3048": 0.0, "train/f1score_label_\u8a00\u3044\u63db\u3048": 0.0, "train/accuracy_label_\u610f\u898b": 0.8257929682731628, "train/presicion_label_\u610f\u898b": 0.20938627421855927, "train/recall_label_\u610f\u898b": 0.10446685552597046, "train/f1score_label_\u610f\u898b": 0.13938957452774048, "train/accuracy_label_\u8003\u3048\u3066\u3044\u308b\u6700\u4e2d": 0.9208503365516663, "train/presicion_label_\u8003\u3048\u3066\u3044\u308b\u6700\u4e2d": 0.09459459781646729, "train/recall_label_\u8003\u3048\u3066\u3044\u308b\u6700\u4e2d": 0.004467134829610586, "train/f1score_label_\u8003\u3048\u3066\u3044\u308b\u6700\u4e2d": 0.008531383238732815, "train/accuracy_label_\u4e0d\u540c\u610f": 0.9548550248146057, "train/presicion_label_\u4e0d\u540c\u610f": 0.0, "train/recall_label_\u4e0d\u540c\u610f": 0.0, "train/f1score_label_\u4e0d\u540c\u610f": 0.0, "train/accuracy_label_\u88dc\u5b8c": 0.7848803400993347, "train/presicion_label_\u88dc\u5b8c": 0.22063666582107544, "train/recall_label_\u88dc\u5b8c": 0.11809635907411575, "train/f1score_label_\u88dc\u5b8c": 0.1538461595773697, "train/accuracy_label_\u3042\u3044\u3055\u3064": 0.9536388516426086, "train/presicion_label_\u3042\u3044\u3055\u3064": 0.06784661114215851, "train/recall_label_\u3042\u3044\u3055\u3064": 0.03484848514199257, "train/f1score_label_\u3042\u3044\u3055\u3064": 0.046046044677495956, "train/accuracy_label_\u60f3\u8d77": 0.9907569289207458, "train/presicion_label_\u60f3\u8d77": 0.0, "train/recall_label_\u60f3\u8d77": 0.0,