{"val_loss": 0.6914554238319397, "val/multilabelaccuracy": 0.9182927012443542, "val/multilabelprecision": 0.4964788854122162, "val/multilabelrecall": 0.530075192451477, "val/multilabelf1score": 0.5127272605895996, "val/multilabelmatthewscorrcoef": 0.4684860110282898, "epoch": 0, "trainer/global_step": 25, "_timestamp": 1700630974.9366157, "_runtime": 42.4075026512146, "_step": 0, "_wandb": {"runtime": 42}}