{"val_loss": 0.6653069257736206, "val/multilabelaccuracy": 0.6978882551193237, "val/multilabelprecision": 0.4644414186477661, "val/multilabelrecall": 0.5095700025558472, "val/multilabelf1score": 0.45184779167175293, "val/multilabelmatthewscorrcoef": 0.3977515995502472, "val/accuracy_label_\u3042\u3044\u3065\u3061": 0.9318801164627075, "val/presicion_label_\u3042\u3044\u3065\u3061": 0.9318801164627075, "val/recall_label_\u3042\u3044\u3065\u3061": 1.0, "val/f1score_label_\u3042\u3044\u3065\u3061": 0.9647390842437744, "val/accuracy_label_\u611f\u5fc3": 0.8528610467910767, "val/presicion_label_\u611f\u5fc3": 0.8528610467910767, "val/recall_label_\u611f\u5fc3": 1.0, "val/f1score_label_\u611f\u5fc3": 0.9205882549285889, "val/accuracy_label_\u8a55\u4fa1": 0.583106279373169, "val/presicion_label_\u8a55\u4fa1": 0.4586776793003082, "val/recall_label_\u8a55\u4fa1": 0.8345864415168762, "val/f1score_label_\u8a55\u4fa1": 0.5920000076293945, "val/accuracy_label_\u7e70\u308a\u8fd4\u3057\u5fdc\u7b54": 0.6239781975746155, "val/presicion_label_\u7e70\u308a\u8fd4\u3057\u5fdc\u7b54": 0.6114285588264465, "val/recall_label_\u7e70\u308a\u8fd4\u3057\u5fdc\u7b54": 0.9907407164573669, "val/f1score_label_\u7e70\u308a\u8fd4\u3057\u5fdc\u7b54": 0.7561837434768677, "val/accuracy_label_\u540c\u610f": 0.6239781975746155, "val/presicion_label_\u540c\u610f": 0.10000000149011612, "val/recall_label_\u540c\u610f": 0.007692307699471712, "val/f1score_label_\u540c\u610f": 0.014285714365541935, "val/accuracy_label_\u7d0d\u5f97": 0.7084468603134155, "val/presicion_label_\u7d0d\u5f97": 0.5384615659713745, "val/recall_label_\u7d0d\u5f97": 0.19090908765792847, "val/f1score_label_\u7d0d\u5f97": 0.281879186630249, "val/accuracy_label_\u9a5a\u304d": 0.7656675577163696, "val/presicion_label_\u9a5a\u304d": 0.2222222238779068, "val/recall_label_\u9a5a\u304d": 0.05263157933950424, "val/f1score_label_\u9a5a\u304d": 0.08510638028383255, "val/accuracy_label_\u305d\u306e\u4ed6": 0.4931880235671997, "val/presicion_label_\u305d\u306e\u4ed6": 0.0, "val/recall_label_\u305d\u306e\u4ed6": 0.0, "val/f1score_label_\u305d\u306e\u4ed6": 0.0, "epoch": 2, "trainer/global_step": 25, "_timestamp": 1704949742.3843346, "_runtime": 60.873467445373535, "_step": 4, "train_loss": 0.6737955212593079, "train/multilabelaccuracy": 0.6732605695724487, "train/multilabelprecision": 0.46640121936798096, "train/multilabelrecall": 0.4692639112472534, "train/multilabelf1score": 0.4388653039932251, "train/multilabelmatthewscorrcoef": 0.35064682364463806, "train/accuracy_label_\u3042\u3044\u3065\u3061": 0.941336989402771, "train/presicion_label_\u3042\u3044\u3065\u3061": 0.9419795274734497, "train/recall_label_\u3042\u3044\u3065\u3061": 0.9992758631706238, "train/f1score_label_\u3042\u3044\u3065\u3061": 0.9697821736335754, "train/accuracy_label_\u611f\u5fc3": 0.8383356332778931, "train/presicion_label_\u611f\u5fc3": 0.8394210934638977, "train/recall_label_\u611f\u5fc3": 0.9967266917228699, "train/f1score_label_\u611f\u5fc3": 0.9113355875015259, "train/accuracy_label_\u8a55\u4fa1": 0.5375170707702637, "train/presicion_label_\u8a55\u4fa1": 0.422404944896698, "train/recall_label_\u8a55\u4fa1": 0.7798861265182495, "train/f1score_label_\u8a55\u4fa1": 0.5479999780654907, "train/accuracy_label_\u7e70\u308a\u8fd4\u3057\u5fdc\u7b54": 0.5511596202850342, "train/presicion_label_\u7e70\u308a\u8fd4\u3057\u5fdc\u7b54": 0.6088435649871826, "train/recall_label_\u7e70\u308a\u8fd4\u3057\u5fdc\u7b54": 0.6317647099494934, "train/f1score_label_\u7e70\u308a\u8fd4\u3057\u5fdc\u7b54": 0.6200923919677734, "train/accuracy_label_\u540c\u610f": 0.6336971521377563, "train/presicion_label_\u540c\u610f": 0.375, "train/recall_label_\u540c\u610f": 0.2029598355293274, "train/f1score_label_\u540c\u610f": 0.2633744776248932, "train/accuracy_label_\u7d0d\u5f97": 0.695770800113678, "train/presicion_label_\u7d0d\u5f97": 0.3333333432674408, "train/recall_label_\u7d0d\u5f97": 0.025287356227636337, "train/f1score_label_\u7d0d\u5f97": 0.04700854793190956, "train/accuracy_label_\u9a5a\u304d": 0.7169167995452881, "train/presicion_label_\u9a5a\u304d": 0.21022726595401764, "train/recall_label_\u9a5a\u304d": 0.11821085959672928, "train/f1score_label_\u9a5a\u304d": 0.15132924914360046, "train/accuracy_label_\u305d\u306e\u4ed6": 0.47135061025619507, "train/presicion_label_\u305d\u306e\u4ed6": 0.0, "train/recall_label_\u305d\u306e\u4ed6": 0.0, "train/f1score_label_\u305d\u306e\u4ed6": 0.0, "test_loss": 0.6629495620727539, "test/multilabelaccuracy": 0.6999223232269287, "test/multilabelprecision": 0.4526820182800293, "test/multilabelrecall": 0.515200674533844, "test/multilabelf1score": 0.45560136437416077, "test/multilabelmatthewscorrcoef": 0.40040719509124756, "_wandb": {"runtime": 60}}