{"train/loss": 0.6872670650482178, "epoch": 8, "trainer/global_step": 1096, "_timestamp": 1704951671.7163298, "_runtime": 1842.690587759018, "_step": 37, "val_loss": 0.6882149577140808, "val/multilabelaccuracy": 0.9419785737991333, "val/multilabelprecision": 0.07767197489738464, "val/multilabelrecall": 0.07781850546598434, "val/multilabelf1score": 0.07681359350681305, "val/multilabelmatthewscorrcoef": 0.5594336986541748, "val/accuracy_label_\u3042\u3044\u3065\u3061": 0.6572802066802979, "val/presicion_label_\u3042\u3044\u3065\u3061": 0.6956391930580139, "val/recall_label_\u3042\u3044\u3065\u3061": 0.8297114372253418, "val/f1score_label_\u3042\u3044\u3065\u3061": 0.756783127784729, "val/accuracy_label_\u611f\u5fc3": 0.7236721515655518, "val/presicion_label_\u611f\u5fc3": 0.5471124649047852, "val/recall_label_\u611f\u5fc3": 0.4153846204280853, "val/f1score_label_\u611f\u5fc3": 0.4722343683242798, "val/accuracy_label_\u8a55\u4fa1": 0.9555860757827759, "val/presicion_label_\u8a55\u4fa1": 0.0, "val/recall_label_\u8a55\u4fa1": 0.0, "val/f1score_label_\u8a55\u4fa1": 0.0, "val/accuracy_label_\u7e70\u308a\u8fd4\u3057\u5fdc\u7b54": 0.9175823926925659, "val/presicion_label_\u7e70\u308a\u8fd4\u3057\u5fdc\u7b54": 0.0, "val/recall_label_\u7e70\u308a\u8fd4\u3057\u5fdc\u7b54": 0.0, "val/f1score_label_\u7e70\u308a\u8fd4\u3057\u5fdc\u7b54": 0.0, "val/accuracy_label_\u540c\u610f": 0.9558150172233582, "val/presicion_label_\u540c\u610f": 0.0, "val/recall_label_\u540c\u610f": 0.0, "val/f1score_label_\u540c\u610f": 0.0, "val/accuracy_label_\u7d0d\u5f97": 0.9686355590820312, "val/presicion_label_\u7d0d\u5f97": 0.0, "val/recall_label_\u7d0d\u5f97": 0.0, "val/f1score_label_\u7d0d\u5f97": 0.0, "val/accuracy_label_\u9a5a\u304d": 0.9736721515655518, "val/presicion_label_\u9a5a\u304d": 0.0, "val/recall_label_\u9a5a\u304d": 0.0, "val/f1score_label_\u9a5a\u304d": 0.0, "val/accuracy_label_\u8a00\u3044\u63db\u3048": 1.0, "val/presicion_label_\u8a00\u3044\u63db\u3048": 0.0, "val/recall_label_\u8a00\u3044\u63db\u3048": 0.0, "val/f1score_label_\u8a00\u3044\u63db\u3048": 0.0, "val/accuracy_label_\u610f\u898b": 0.9913003444671631, "val/presicion_label_\u610f\u898b": 0.0, "val/recall_label_\u610f\u898b": 0.0, "val/f1score_label_\u610f\u898b": 0.0, "val/accuracy_label_\u8003\u3048\u3066\u3044\u308b\u6700\u4e2d": 0.997710645198822, "val/presicion_label_\u8003\u3048\u3066\u3044\u308b\u6700\u4e2d": 0.0, "val/recall_label_\u8003\u3048\u3066\u3044\u308b\u6700\u4e2d": 0.0, "val/f1score_label_\u8003\u3048\u3066\u3044\u308b\u6700\u4e2d": 0.0, "val/accuracy_label_\u4e0d\u540c\u610f": 0.9926739931106567, "val/presicion_label_\u4e0d\u540c\u610f": 0.0, "val/recall_label_\u4e0d\u540c\u610f": 0.0, "val/f1score_label_\u4e0d\u540c\u610f": 0.0, "val/accuracy_label_\u88dc\u5b8c": 0.9919871687889099, "val/presicion_label_\u88dc\u5b8c": 0.0, "val/recall_label_\u88dc\u5b8c": 0.0, "val/f1score_label_\u88dc\u5b8c": 0.0, "val/accuracy_label_\u3042\u3044\u3055\u3064": 0.997710645198822, "val/presicion_label_\u3042\u3044\u3055\u3064": 0.0, "val/recall_label_\u3042\u3044\u3055\u3064": 0.0, "val/f1score_label_\u3042\u3044\u3055\u3064": 0.0, "val/accuracy_label_\u60f3\u8d77": 0.9988552927970886, "val/presicion_label_\u60f3\u8d77": 0.0, "val/recall_label_\u60f3\u8d77": 0.0, "val/f1score_label_\u60f3\u8d77": 0.0, "val/accuracy_label_\u9a5a\u304d\u3068\u3044\u3076\u304b\u308a": 0.9990842342376709, "val/presicion_label_\u9a5a\u304d\u3068\u3044\u3076\u304b\u308a": 0.0, "val/recall_label_\u9a5a\u304d\u3068\u3044\u3076\u304b\u308a": 0.0, "val/f1score_label_\u9a5a\u304d\u3068\u3044\u3076\u304b\u308a": 0.0, "val/accuracy_label_\u305d\u306e\u4ed6": 0.9500916004180908, "val/presicion_label_\u305d\u306e\u4ed6": 0.0, "val/recall_label_\u305d\u306e\u4ed6": 0.0, "val/f1score_label_\u305d\u306e\u4ed6": 0.0, "train_loss": 0.688103973865509, "train/multilabelaccuracy": 0.9396212697029114, "train/multilabelprecision": 0.09648896753787994, "train/multilabelrecall": 0.08976732194423676, "train/multilabelf1score": 0.08866111189126968, "train/multilabelmatthewscorrcoef": 0.5581153631210327, "train/accuracy_label_\u3042\u3044\u3065\u3061": 0.6668956279754639, "train/presicion_label_\u3042\u3044\u3065\u3061": 0.6951887011528015, "train/recall_label_\u3042\u3044\u3065\u3061": 0.8646689653396606, "train/f1score_label_\u3042\u3044\u3065\u3061": 0.7707217335700989, "train/accuracy_label_\u611f\u5fc3": 0.7387248277664185, "train/presicion_label_\u611f\u5fc3": 0.5767488479614258, "train/recall_label_\u611f\u5fc3": 0.44289854168891907, "train/f1score_label_\u611f\u5fc3": 0.5010383725166321, "train/accuracy_label_\u8a55\u4fa1": 0.9591346383094788, "train/presicion_label_\u8a55\u4fa1": 0.0, "train/recall_label_\u8a55\u4fa1": 0.0, "train/f1score_label_\u8a55\u4fa1": 0.0, "train/accuracy_label_\u7e70\u308a\u8fd4\u3057\u5fdc\u7b54": 0.924164354801178, "train/presicion_label_\u7e70\u308a\u8fd4\u3057\u5fdc\u7b54": 0.0, "train/recall_label_\u7e70\u308a\u8fd4\u3057\u5fdc\u7b54": 0.0, "train/f1score_label_\u7e70\u308a\u8fd4\u3057\u5fdc\u7b54": 0.0, "train/accuracy_label_\u540c\u610f": 0.9459707140922546, "train/presicion_label_\u540c\u610f": 0.10204081982374191, "train/recall_label_\u540c\u610f": 0.018137848004698753, "train/f1score_label_\u540c\u610f": 0.030800821259617805, "train/accuracy_label_\u7d0d\u5f97": 0.9522092342376709, "train/presicion_label_\u7d0d\u5f97": 0.0746987983584404, "train/recall_label_\u7d0d\u5f97": 0.06431535631418228, "train/f1score_label_\u7d0d\u5f97": 0.06911928951740265, "train/accuracy_label_\u9a5a\u304d": 0.974988579750061, "train/presicion_label_\u9a5a\u304d": 0.06521739065647125, "train/recall_label_\u9a5a\u304d": 0.007556675001978874, "train/f1score_label_\u9a5a\u304d": 0.013544018380343914, "train/accuracy_label_\u8a00\u3044\u63db\u3048": 0.9965087175369263, "train/presicion_label_\u8a00\u3044\u63db\u3048": 0.0, "train/recall_label_\u8a00\u3044\u63db\u3048": 0.0, "train/f1score_label_\u8a00\u3044\u63db\u3048": 0.0, "train/accuracy_label_\u610f\u898b": 0.9741300344467163, "train/presicion_label_\u610f\u898b": 0.010416666977107525, "train/recall_label_\u610f\u898b": 0.01764705963432789, "train/f1score_label_\u610f\u898b": 0.013100436888635159, "train/accuracy_label_\u8003\u3048\u3066\u3044\u308b\u6700\u4e2d": 0.9945054650306702, "train/presicion_label_\u8003\u3048\u3066\u3044\u308b\u6700\u4e2d": 0.0, "train/recall_label_\u8003\u3048\u3066\u3044\u308b\u6700\u4e2d": 0.0, "train/f1score_label_\u8003\u3048\u3066\u3044\u308b\u6700\u4e2d": 0.0, "train/accuracy_label_\u4e0d\u540c\u610f": 0.9899267554283142, "train/presicion_label_\u4e0d\u540c\u610f": 0.0, "train/recall_label_\u4e0d\u540c\u610f": 0.0, "train/f1score_label_\u4e0d\u540c\u610f": 0.0, "train/accuracy_label_\u88dc\u5b8c": 0.9778502583503723, "train/presicion_label_\u88dc\u5b8c": 0.019512195140123367, "train/recall_label_\u88dc\u5b8c": 0.021052632480859756, "train/f1score_label_\u88dc\u5b8c": 0.020253164693713188, "train/accuracy_label_\u3042\u3044\u3055\u3064": 0.9973099827766418, "train/presicion_label_\u3042\u3044\u3055\u3064": 0.0, "train/recall_label_\u3042\u3044\u3055\u3064": 0.0, "train/f1score_label_\u3042\u3044\u3055\u3064": 0.0, "train/accuracy_label_\u60f3\u8d77": 0.9917582273483276, "train/presicion_label_\u60f3\u8d77": 0.0, "train/recall_label_\u60f3\u8d77": 0.0, "train/f1score_label_\u60f3\u8d77": 0.0, "train/accuracy_label_\u9a5a\u304d\u3068\u3044\u3076\u304b\u308a": 0.9958218932151794, "train/presicion_label_\u9a5a\u304d\u3068\u3044\u3076\u304b\u308a": 0.0, "train/recall_label_\u9a5a\u304d\u3068\u3044\u3076\u304b\u308a": 0.0, "train/f1score_label_\u9a5a\u304d\u3068\u3044\u3076\u304b\u308a": 0.0, "train/accuracy_label_\u305d\u306e\u4ed6": 0.9540407657623291, "train/presicion_label_\u305d\u306e\u4ed6": 0.0, "train/recall_label_\u305d\u306e\u4ed6": 0.0, "train/f1score_label_\u305d\u306e\u4ed6": 0.0, "test_loss": 0.6883223056793213, "test/multilabelaccuracy": 0.9444876909255981, "test/multilabelprecision": 0.14201118052005768,