{"train/loss": 0.040484264492988586, "epoch": 5, "trainer/global_step": 13703, "_timestamp": 1714633249.2765203, "_runtime": 5060.644912242889, "_step": 1153, "val_loss": 0.04117284342646599, "val/multilabelaccuracy": 0.9184885025024414, "val/multilabelprecision": 0.19537748396396637, "val/multilabelrecall": 0.12428773194551468, "val/multilabelf1score": 0.13248756527900696, "val/multilabelmatthewscorrcoef": 0.6531067490577698, "val/accuracy_label_\u3042\u3044\u3065\u3061": 0.9374918937683105, "val/presicion_label_\u3042\u3044\u3065\u3061": 0.9601867198944092, "val/recall_label_\u3042\u3044\u3065\u3061": 0.9732136726379395, "val/f1score_label_\u3042\u3044\u3065\u3061": 0.9666563272476196, "val/accuracy_label_\u611f\u5fc3": 0.6981474161148071, "val/presicion_label_\u611f\u5fc3": 0.7537232637405396, "val/recall_label_\u611f\u5fc3": 0.7459944486618042, "val/f1score_label_\u611f\u5fc3": 0.7498389482498169, "val/accuracy_label_\u8a55\u4fa1": 0.8798419237136841, "val/presicion_label_\u8a55\u4fa1": 0.1764705926179886, "val/recall_label_\u8a55\u4fa1": 0.004939626902341843, "val/f1score_label_\u8a55\u4fa1": 0.00961025059223175, "val/accuracy_label_\u7e70\u308a\u8fd4\u3057\u5fdc\u7b54": 0.7469879388809204, "val/presicion_label_\u7e70\u308a\u8fd4\u3057\u5fdc\u7b54": 0.4939415454864502, "val/recall_label_\u7e70\u308a\u8fd4\u3057\u5fdc\u7b54": 0.17819491028785706, "val/f1score_label_\u7e70\u308a\u8fd4\u3057\u5fdc\u7b54": 0.261904776096344, "val/accuracy_label_\u540c\u610f": 0.8789998888969421, "val/presicion_label_\u540c\u610f": 0.20610687136650085, "val/recall_label_\u540c\u610f": 0.015075377188622952, "val/f1score_label_\u540c\u610f": 0.028095733374357224, "val/accuracy_label_\u7d0d\u5f97": 0.8988858461380005, "val/presicion_label_\u7d0d\u5f97": 0.20618556439876556, "val/recall_label_\u7d0d\u5f97": 0.027643399313092232, "val/f1score_label_\u7d0d\u5f97": 0.04875076189637184, "val/accuracy_label_\u9a5a\u304d": 0.9335406422615051, "val/presicion_label_\u9a5a\u304d": 0.14851485192775726, "val/recall_label_\u9a5a\u304d": 0.015706805512309074, "val/f1score_label_\u9a5a\u304d": 0.028409091755747795, "val/accuracy_label_\u8a00\u3044\u63db\u3048": 0.9985101819038391, "val/presicion_label_\u8a00\u3044\u63db\u3048": 0.0, "val/recall_label_\u8a00\u3044\u63db\u3048": 0.0, "val/f1score_label_\u8a00\u3044\u63db\u3048": 0.0, "val/accuracy_label_\u610f\u898b": 0.9656691551208496, "val/presicion_label_\u610f\u898b": 0.0, "val/recall_label_\u610f\u898b": 0.0, "val/f1score_label_\u610f\u898b": 0.0, "val/accuracy_label_\u8003\u3048\u3066\u3044\u308b\u6700\u4e2d": 0.9785593748092651, "val/presicion_label_\u8003\u3048\u3066\u3044\u308b\u6700\u4e2d": 0.0, "val/recall_label_\u8003\u3048\u3066\u3044\u308b\u6700\u4e2d": 0.0, "val/f1score_label_\u8003\u3048\u3066\u3044\u308b\u6700\u4e2d": 0.0, "val/accuracy_label_\u4e0d\u540c\u610f": 0.9808265566825867, "val/presicion_label_\u4e0d\u540c\u610f": 0.012345679104328156, "val/recall_label_\u4e0d\u540c\u610f": 0.004608294926583767, "val/f1score_label_\u4e0d\u540c\u610f": 0.00671140942722559, "val/accuracy_label_\u88dc\u5b8c": 0.9501878619194031, "val/presicion_label_\u88dc\u5b8c": 0.06666667014360428, "val/recall_label_\u88dc\u5b8c": 0.0013227512827143073, "val/f1score_label_\u88dc\u5b8c": 0.002594033721834421, "val/accuracy_label_\u3042\u3044\u3055\u3064": 0.9930042624473572, "val/presicion_label_\u3042\u3044\u3055\u3064": 0.0, "val/recall_label_\u3042\u3044\u3055\u3064": 0.0, "val/f1score_label_\u3042\u3044\u3055\u3064": 0.0, "val/accuracy_label_\u60f3\u8d77": 0.9957248568534851, "val/presicion_label_\u60f3\u8d77": 0.0, "val/recall_label_\u60f3\u8d77": 0.0, "val/f1score_label_\u60f3\u8d77": 0.0, "val/accuracy_label_\u9a5a\u304d\u3068\u3044\u3076\u304b\u308a": 0.9910610318183899, "val/presicion_label_\u9a5a\u304d\u3068\u3044\u3076\u304b\u308a": 0.010989011265337467, "val/recall_label_\u9a5a\u304d\u3068\u3044\u3076\u304b\u308a": 0.020408162847161293, "val/f1score_label_\u9a5a\u304d\u3068\u3044\u3076\u304b\u308a": 0.014285714365541935, "val/accuracy_label_\u305d\u306e\u4ed6": 0.8683767318725586, "val/presicion_label_\u305d\u306e\u4ed6": 0.09090909361839294, "val/recall_label_\u305d\u306e\u4ed6": 0.001496259355917573, "val/f1score_label_\u305d\u306e\u4ed6": 0.0029440626967698336, "train_loss": 0.04049750417470932, "train/multilabelaccuracy": 0.9251952171325684, "train/multilabelprecision": 0.21906036138534546, "train/multilabelrecall": 0.13573050498962402, "train/multilabelf1score": 0.1499561369419098, "train/multilabelmatthewscorrcoef": 0.6816162467002869, "train/accuracy_label_\u3042\u3044\u3065\u3061": 0.9546117782592773, "train/presicion_label_\u3042\u3044\u3065\u3061": 0.9751262068748474, "train/recall_label_\u3042\u3044\u3065\u3061": 0.9762946963310242, "train/f1score_label_\u3042\u3044\u3065\u3061": 0.9757100939750671, "train/accuracy_label_\u611f\u5fc3": 0.776172399520874, "train/presicion_label_\u611f\u5fc3": 0.8437527418136597, "train/recall_label_\u611f\u5fc3": 0.7710084319114685, "train/f1score_label_\u611f\u5fc3": 0.8057420253753662, "train/accuracy_label_\u8a55\u4fa1": 0.8757540583610535, "train/presicion_label_\u8a55\u4fa1": 0.25418993830680847, "train/recall_label_\u8a55\u4fa1": 0.03826745226979256, "train/f1score_label_\u8a55\u4fa1": 0.06652046740055084, "train/accuracy_label_\u7e70\u308a\u8fd4\u3057\u5fdc\u7b54": 0.763524055480957, "train/presicion_label_\u7e70\u308a\u8fd4\u3057\u5fdc\u7b54": 0.5898250937461853, "train/recall_label_\u7e70\u308a\u8fd4\u3057\u5fdc\u7b54": 0.27931487560272217, "train/f1score_label_\u7e70\u308a\u8fd4\u3057\u5fdc\u7b54": 0.37910333275794983, "train/accuracy_label_\u540c\u610f": 0.8785269260406494, "train/presicion_label_\u540c\u610f": 0.16455696523189545, "train/recall_label_\u540c\u610f": 0.010874111205339432, "train/f1score_label_\u540c\u610f": 0.0204001571983099, "train/accuracy_label_\u7d0d\u5f97": 0.8996886610984802, "train/presicion_label_\u7d0d\u5f97": 0.16995073854923248, "train/recall_label_\u7d0d\u5f97": 0.03846153989434242, "train/f1score_label_\u7d0d\u5f97": 0.06272727251052856, "train/accuracy_label_\u9a5a\u304d": 0.9359310865402222, "train/presicion_label_\u9a5a\u304d": 0.1428571492433548, "train/recall_label_\u9a5a\u304d": 0.008716323412954807, "train/f1score_label_\u9a5a\u304d": 0.016430171206593513, "train/accuracy_label_\u8a00\u3044\u63db\u3048": 0.997713565826416, "train/presicion_label_\u8a00\u3044\u63db\u3048": 0.0, "train/recall_label_\u8a00\u3044\u63db\u3048": 0.0, "train/f1score_label_\u8a00\u3044\u63db\u3048": 0.0, "train/accuracy_label_\u610f\u898b": 0.9657034277915955, "train/presicion_label_\u610f\u898b": 0.0625, "train/recall_label_\u610f\u898b": 0.004524887073785067, "train/f1score_label_\u610f\u898b": 0.008438818156719208, "train/accuracy_label_\u8003\u3048\u3066\u3044\u308b\u6700\u4e2d": 0.9774275422096252, "train/presicion_label_\u8003\u3048\u3066\u3044\u308b\u6700\u4e2d": 0.03846153989434242, "train/recall_label_\u8003\u3048\u3066\u3044\u308b\u6700\u4e2d": 0.010869565419852734, "train/f1score_label_\u8003\u3048\u3066\u3044\u308b\u6700\u4e2d": 0.016949152573943138, "train/accuracy_label_\u4e0d\u540c\u610f": 0.9722222089767456, "train/presicion_label_\u4e0d\u540c\u610f": 0.018726591020822525, "train/recall_label_\u4e0d\u540c\u610f": 0.01592356711626053, "train/f1score_label_\u4e0d\u540c\u610f": 0.017211703583598137, "train/accuracy_label_\u88dc\u5b8c": 0.953444242477417, "train/presicion_label_\u88dc\u5b8c": 0.02777777798473835, "train/recall_label_\u88dc\u5b8c": 0.0010834236163645983, "train/f1score_label_\u88dc\u5b8c": 0.0020855057518929243, "train/accuracy_label_\u3042\u3044\u3055\u3064": 0.990124523639679, "train/presicion_label_\u3042\u3044\u3055\u3064": 0.017241379246115685, "train/recall_label_\u3042\u3044\u3055\u3064": 0.006802720949053764, "train/f1score_label_\u3042\u3044\u3055\u3064": 0.009756097570061684, "train/accuracy_label_\u60f3\u8d77": 0.9969351887702942, "train/presicion_label_\u60f3\u8d77": 0.0, "train/recall_label_\u60f3\u8d77": 0.0,