{"train/loss": 0.6607466340065002, "epoch": 7, "trainer/global_step": 2615, "_timestamp": 1715661228.7914796, "_runtime": 4576.0520396232605, "_step": 644, "val_loss": 0.6651009917259216, "val/multilabelaccuracy": 0.7903775572776794, "val/multilabelprecision": 0.31664377450942993, "val/multilabelrecall": 0.2563009560108185, "val/multilabelf1score": 0.2297796905040741, "val/multilabelmatthewscorrcoef": 0.4289226233959198, "val/accuracy_label_\u3042\u3044\u3065\u3061": 0.9766992330551147, "val/presicion_label_\u3042\u3044\u3065\u3061": 0.9801815748214722, "val/recall_label_\u3042\u3044\u3065\u3061": 0.9962294101715088, "val/f1score_label_\u3042\u3044\u3065\u3061": 0.988140344619751, "val/accuracy_label_\u611f\u5fc3": 0.08566179871559143, "val/presicion_label_\u611f\u5fc3": 1.0, "val/recall_label_\u611f\u5fc3": 0.0001057305998983793, "val/f1score_label_\u611f\u5fc3": 0.00021143884805496782, "val/accuracy_label_\u8a55\u4fa1": 0.613603413105011, "val/presicion_label_\u8a55\u4fa1": 0.46267062425613403, "val/recall_label_\u8a55\u4fa1": 0.7942131161689758, "val/f1score_label_\u8a55\u4fa1": 0.5847144722938538, "val/accuracy_label_\u7e70\u308a\u8fd4\u3057\u5fdc\u7b54": 0.699506938457489, "val/presicion_label_\u7e70\u308a\u8fd4\u3057\u5fdc\u7b54": 0.6741468906402588, "val/recall_label_\u7e70\u308a\u8fd4\u3057\u5fdc\u7b54": 0.9202531576156616, "val/f1score_label_\u7e70\u308a\u8fd4\u3057\u5fdc\u7b54": 0.778205931186676, "val/accuracy_label_\u540c\u610f": 0.6820071339607239, "val/presicion_label_\u540c\u610f": 0.46470269560813904, "val/recall_label_\u540c\u610f": 0.5650379657745361, "val/f1score_label_\u540c\u610f": 0.5099821090698242, "val/accuracy_label_\u7d0d\u5f97": 0.661751925945282, "val/presicion_label_\u7d0d\u5f97": 0.4077385663986206, "val/recall_label_\u7d0d\u5f97": 0.42784032225608826, "val/f1score_label_\u7d0d\u5f97": 0.41754764318466187, "val/accuracy_label_\u9a5a\u304d": 0.7662187218666077, "val/presicion_label_\u9a5a\u304d": 0.28341707587242126, "val/recall_label_\u9a5a\u304d": 0.2387806922197342, "val/f1score_label_\u9a5a\u304d": 0.2591911852359772, "val/accuracy_label_\u8a00\u3044\u63db\u3048": 0.992216944694519, "val/presicion_label_\u8a00\u3044\u63db\u3048": 0.0, "val/recall_label_\u8a00\u3044\u63db\u3048": 0.0, "val/f1score_label_\u8a00\u3044\u63db\u3048": 0.0, "val/accuracy_label_\u610f\u898b": 0.8810306191444397, "val/presicion_label_\u610f\u898b": 0.20512820780277252, "val/recall_label_\u610f\u898b": 0.00328137818723917, "val/f1score_label_\u610f\u898b": 0.00645942660048604, "val/accuracy_label_\u8003\u3048\u3066\u3044\u308b\u6700\u4e2d": 0.934255063533783, "val/presicion_label_\u8003\u3048\u3066\u3044\u308b\u6700\u4e2d": 0.0, "val/recall_label_\u8003\u3048\u3066\u3044\u308b\u6700\u4e2d": 0.0, "val/f1score_label_\u8003\u3048\u3066\u3044\u308b\u6700\u4e2d": 0.0, "val/accuracy_label_\u4e0d\u540c\u610f": 0.9358503222465515, "val/presicion_label_\u4e0d\u540c\u610f": 0.0628930851817131, "val/recall_label_\u4e0d\u540c\u610f": 0.032967034727334976, "val/f1score_label_\u4e0d\u540c\u610f": 0.04325883090496063, "val/accuracy_label_\u88dc\u5b8c": 0.8549743890762329, "val/presicion_label_\u88dc\u5b8c": 0.14147910475730896, "val/recall_label_\u88dc\u5b8c": 0.01584443636238575, "val/f1score_label_\u88dc\u5b8c": 0.02849740907549858, "val/accuracy_label_\u3042\u3044\u3055\u3064": 0.9735569953918457, "val/presicion_label_\u3042\u3044\u3055\u3064": 0.0, "val/recall_label_\u3042\u3044\u3055\u3064": 0.0, "val/f1score_label_\u3042\u3044\u3055\u3064": 0.0, "val/accuracy_label_\u60f3\u8d77": 0.9435366988182068, "val/presicion_label_\u60f3\u8d77": 0.009900989942252636, "val/recall_label_\u60f3\u8d77": 0.056179776787757874, "val/f1score_label_\u60f3\u8d77": 0.016835017129778862, "val/accuracy_label_\u9a5a\u304d\u3068\u3044\u3076\u304b\u308a": 0.9740403890609741, "val/presicion_label_\u9a5a\u304d\u3068\u3044\u3076\u304b\u308a": 0.015189873054623604, "val/recall_label_\u9a5a\u304d\u3068\u3044\u3076\u304b\u308a": 0.03896103799343109, "val/f1score_label_\u9a5a\u304d\u3068\u3044\u3076\u304b\u308a": 0.02185792289674282, "val/accuracy_label_\u305d\u306e\u4ed6": 0.6711302399635315, "val/presicion_label_\u305d\u306e\u4ed6": 0.35885167121887207, "val/recall_label_\u305d\u306e\u4ed6": 0.011120996437966824, "val/f1score_label_\u305d\u306e\u4ed6": 0.021573420614004135, "train_loss": 0.6633702516555786, "train/multilabelaccuracy": 0.812886118888855, "train/multilabelprecision": 0.3073073625564575, "train/multilabelrecall": 0.2868359386920929, "train/multilabelf1score": 0.26098135113716125, "train/multilabelmatthewscorrcoef": 0.48865801095962524, "train/accuracy_label_\u3042\u3044\u3065\u3061": 0.9820976853370667, "train/presicion_label_\u3042\u3044\u3065\u3061": 0.9838361144065857, "train/recall_label_\u3042\u3044\u3065\u3061": 0.9980562329292297, "train/f1score_label_\u3042\u3044\u3065\u3061": 0.99089515209198, "train/accuracy_label_\u611f\u5fc3": 0.0923817828297615, "train/presicion_label_\u611f\u5fc3": 0.0, "train/recall_label_\u611f\u5fc3": 0.0, "train/f1score_label_\u611f\u5fc3": 0.0, "train/accuracy_label_\u8a55\u4fa1": 0.7042226195335388, "train/presicion_label_\u8a55\u4fa1": 0.5332890152931213, "train/recall_label_\u8a55\u4fa1": 0.8280489444732666, "train/f1score_label_\u8a55\u4fa1": 0.6487579345703125, "train/accuracy_label_\u7e70\u308a\u8fd4\u3057\u5fdc\u7b54": 0.8437925577163696, "train/presicion_label_\u7e70\u308a\u8fd4\u3057\u5fdc\u7b54": 0.8215941786766052, "train/recall_label_\u7e70\u308a\u8fd4\u3057\u5fdc\u7b54": 0.9380325675010681, "train/f1score_label_\u7e70\u308a\u8fd4\u3057\u5fdc\u7b54": 0.8759608864784241, "train/accuracy_label_\u540c\u610f": 0.7353084087371826, "train/presicion_label_\u540c\u610f": 0.5378966927528381, "train/recall_label_\u540c\u610f": 0.6815085411071777, "train/f1score_label_\u540c\u610f": 0.6012458801269531, "train/accuracy_label_\u7d0d\u5f97": 0.6824284791946411, "train/presicion_label_\u7d0d\u5f97": 0.44485634565353394, "train/recall_label_\u7d0d\u5f97": 0.5899912118911743, "train/f1score_label_\u7d0d\u5f97": 0.5072463750839233, "train/accuracy_label_\u9a5a\u304d": 0.7643023729324341, "train/presicion_label_\u9a5a\u304d": 0.3602837026119232, "train/recall_label_\u9a5a\u304d": 0.4160524308681488, "train/f1score_label_\u9a5a\u304d": 0.38616496324539185, "train/accuracy_label_\u8a00\u3044\u63db\u3048": 0.9902218580245972, "train/presicion_label_\u8a00\u3044\u63db\u3048": 0.0, "train/recall_label_\u8a00\u3044\u63db\u3048": 0.0, "train/f1score_label_\u8a00\u3044\u63db\u3048": 0.0, "train/accuracy_label_\u610f\u898b": 0.8884510397911072, "train/presicion_label_\u610f\u898b": 0.4318181872367859, "train/recall_label_\u610f\u898b": 0.008307826705276966, "train/f1score_label_\u610f\u898b": 0.016302015632390976, "train/accuracy_label_\u8003\u3048\u3066\u3044\u308b\u6700\u4e2d": 0.9380229711532593, "train/presicion_label_\u8003\u3048\u3066\u3044\u308b\u6700\u4e2d": 0.06666667014360428, "train/recall_label_\u8003\u3048\u3066\u3044\u308b\u6700\u4e2d": 0.0007930214051157236, "train/f1score_label_\u8003\u3048\u3066\u3044\u308b\u6700\u4e2d": 0.0015673980815336108, "train/accuracy_label_\u4e0d\u540c\u610f": 0.9448822736740112, "train/presicion_label_\u4e0d\u540c\u610f": 0.06188118830323219, "train/recall_label_\u4e0d\u540c\u610f": 0.03209242597222328, "train/f1score_label_\u4e0d\u540c\u610f": 0.042265426367521286, "train/accuracy_label_\u88dc\u5b8c": 0.8573166131973267, "train/presicion_label_\u88dc\u5b8c": 0.21022726595401764, "train/recall_label_\u88dc\u5b8c": 0.01306958682835102, "train/f1score_label_\u88dc\u5b8c": 0.024609245359897614, "train/accuracy_label_\u3042\u3044\u3055\u3064": 0.9732438325881958, "train/presicion_label_\u3042\u3044\u3055\u3064": 0.0, "train/recall_label_\u3042\u3044\u3055\u3064": 0.0, "train/f1score_label_\u3042\u3044\u3055\u3064": 0.0, "train/accuracy_label_\u60f3\u8d77": 0.9582603573799133, "train/presicion_label_\u60f3\u8d77": 0.007062146905809641, "train/recall_label_\u60f3\u8d77": 0.03125,