{"val_loss": 0.6889602541923523, "val/multilabelaccuracy": 0.9387195110321045, "val/multilabelprecision": 0.04227941110730171, "val/multilabelrecall": 0.0625, "val/multilabelf1score": 0.05043859779834747, "val/multilabelmatthewscorrcoef": 0.5503087639808655, "epoch": 3, "trainer/global_step": 103, "_timestamp": 1701926537.270793, "_runtime": 183.1721670627594, "_step": 9, "train_loss": 0.6899005174636841, "train/multilabelaccuracy": 0.9310897588729858, "train/multilabelprecision": 0.13034188747406006, "train/multilabelrecall": 0.07970842719078064, "train/multilabelf1score": 0.06559602171182632, "train/multilabelmatthewscorrcoef": 0.5046524405479431, "train/accuracy_label_0": 0.6410256624221802, "train/presicion_label_0": 0.6410256624221802, "train/recall_label_0": 1.0, "train/f1score_label_0": 0.78125, "train/accuracy_label_1": 0.6886447072029114, "train/presicion_label_1": 1.0, "train/recall_label_1": 0.00390625, "train/f1score_label_1": 0.0077821011655032635, "train/accuracy_label_2": 0.920634925365448, "train/presicion_label_2": 0.0, "train/recall_label_2": 0.0, "train/f1score_label_2": 0.0, "train/accuracy_label_3": 0.9645909667015076, "train/presicion_label_3": 0.0, "train/recall_label_3": 0.0, "train/f1score_label_3": 0.0, "train/accuracy_label_4": 0.901098906993866, "train/presicion_label_4": 0.0, "train/recall_label_4": 0.0, "train/f1score_label_4": 0.0, "train/accuracy_label_5": 0.9633699655532837, "train/presicion_label_5": 0.3333333432674408, "train/recall_label_5": 0.0714285746216774, "train/f1score_label_5": 0.11764705926179886, "train/accuracy_label_6": 0.9682539701461792, "train/presicion_label_6": 0.0, "train/recall_label_6": 0.0, "train/f1score_label_6": 0.0, "train/accuracy_label_7": 0.9987789988517761, "train/presicion_label_7": 0.0, "train/recall_label_7": 0.0, "train/f1score_label_7": 0.0, "train/accuracy_label_8": 0.9645909667015076, "train/presicion_label_8": 0.0, "train/recall_label_8": 0.0, "train/f1score_label_8": 0.0, "train/accuracy_label_9": 0.9853479862213135, "train/presicion_label_9": 0.1111111119389534, "train/recall_label_9": 0.20000000298023224, "train/f1score_label_9": 0.1428571492433548, "train/accuracy_label_10": 0.9816849827766418, "train/presicion_label_10": 0.0, "train/recall_label_10": 0.0, "train/f1score_label_10": 0.0, "train/accuracy_label_11": 0.9816849827766418, "train/presicion_label_11": 0.0, "train/recall_label_11": 0.0, "train/f1score_label_11": 0.0, "train/accuracy_label_12": 1.0, "train/presicion_label_12": 0.0, "train/recall_label_12": 0.0, "train/f1score_label_12": 0.0, "train/accuracy_label_13": 0.9987789988517761, "train/presicion_label_13": 0.0, "train/recall_label_13": 0.0, "train/f1score_label_13": 0.0, "train/accuracy_label_14": 0.9890109896659851, "train/presicion_label_14": 0.0, "train/recall_label_14": 0.0, "train/f1score_label_14": 0.0, "train/accuracy_label_15": 0.949938952922821, "train/presicion_label_15": 0.0, "train/recall_label_15": 0.0, "train/f1score_label_15": 0.0, "train/loss": 0.6879703998565674, "_wandb": {"runtime": 188}}