{"train/loss": 0.3337525427341461, "epoch": 3, "trainer/global_step": 363, "_timestamp": 1714442697.7737436, "_runtime": 95.37894558906555, "_step": 14, "val_loss": 0.3330366015434265, "val/multilabelaccuracy": 0.9046449661254883, "val/multilabelprecision": 0.13532006740570068, "val/multilabelrecall": 0.1273099035024643, "val/multilabelf1score": 0.12120701372623444, "val/multilabelmatthewscorrcoef": 0.6067221164703369, "val/accuracy_label_\u3042\u3044\u3065\u3061": 0.9330739378929138, "val/presicion_label_\u3042\u3044\u3065\u3061": 0.9476017951965332, "val/recall_label_\u3042\u3044\u3065\u3061": 0.9824488162994385, "val/f1score_label_\u3042\u3044\u3065\u3061": 0.9647107124328613, "val/accuracy_label_\u611f\u5fc3": 0.6544747352600098, "val/presicion_label_\u611f\u5fc3": 0.6596758961677551, "val/recall_label_\u611f\u5fc3": 0.8883183598518372, "val/f1score_label_\u611f\u5fc3": 0.7571116089820862, "val/accuracy_label_\u8a55\u4fa1": 0.8354085683822632, "val/presicion_label_\u8a55\u4fa1": 0.13414634764194489, "val/recall_label_\u8a55\u4fa1": 0.07260726392269135, "val/f1score_label_\u8a55\u4fa1": 0.0942184180021286, "val/accuracy_label_\u7e70\u308a\u8fd4\u3057\u5fdc\u7b54": 0.7478598952293396, "val/presicion_label_\u7e70\u308a\u8fd4\u3057\u5fdc\u7b54": 0.0, "val/recall_label_\u7e70\u308a\u8fd4\u3057\u5fdc\u7b54": 0.0, "val/f1score_label_\u7e70\u308a\u8fd4\u3057\u5fdc\u7b54": 0.0, "val/accuracy_label_\u540c\u610f": 0.8556420207023621, "val/presicion_label_\u540c\u610f": 0.0602409653365612, "val/recall_label_\u540c\u610f": 0.016778523102402687, "val/f1score_label_\u540c\u610f": 0.02624671906232834, "val/accuracy_label_\u7d0d\u5f97": 0.8832684755325317, "val/presicion_label_\u7d0d\u5f97": 0.0317460335791111, "val/recall_label_\u7d0d\u5f97": 0.008298755623400211, "val/f1score_label_\u7d0d\u5f97": 0.01315789483487606, "val/accuracy_label_\u9a5a\u304d": 0.918677031993866, "val/presicion_label_\u9a5a\u304d": 0.0535714291036129, "val/recall_label_\u9a5a\u304d": 0.01886792480945587, "val/f1score_label_\u9a5a\u304d": 0.027906976640224457, "val/accuracy_label_\u8a00\u3044\u63db\u3048": 0.9894941449165344, "val/presicion_label_\u8a00\u3044\u63db\u3048": 0.0, "val/recall_label_\u8a00\u3044\u63db\u3048": 0.0, "val/f1score_label_\u8a00\u3044\u63db\u3048": 0.0, "val/accuracy_label_\u610f\u898b": 0.9665369391441345, "val/presicion_label_\u610f\u898b": 0.0, "val/recall_label_\u610f\u898b": 0.0, "val/f1score_label_\u610f\u898b": 0.0, "val/accuracy_label_\u8003\u3048\u3066\u3044\u308b\u6700\u4e2d": 0.9797665476799011, "val/presicion_label_\u8003\u3048\u3066\u3044\u308b\u6700\u4e2d": 0.0, "val/recall_label_\u8003\u3048\u3066\u3044\u308b\u6700\u4e2d": 0.0, "val/f1score_label_\u8003\u3048\u3066\u3044\u308b\u6700\u4e2d": 0.0, "val/accuracy_label_\u4e0d\u540c\u610f": 0.9568093419075012, "val/presicion_label_\u4e0d\u540c\u610f": 0.012987012974917889, "val/recall_label_\u4e0d\u540c\u610f": 0.02777777798473835, "val/f1score_label_\u4e0d\u540c\u610f": 0.017699114978313446, "val/accuracy_label_\u88dc\u5b8c": 0.9431906342506409, "val/presicion_label_\u88dc\u5b8c": 0.0833333358168602, "val/recall_label_\u88dc\u5b8c": 0.01587301678955555, "val/f1score_label_\u88dc\u5b8c": 0.02666666731238365, "val/accuracy_label_\u3042\u3044\u3055\u3064": 0.951361894607544, "val/presicion_label_\u3042\u3044\u3055\u3064": 0.0, "val/recall_label_\u3042\u3044\u3055\u3064": 0.0, "val/f1score_label_\u3042\u3044\u3055\u3064": 0.0, "val/accuracy_label_\u60f3\u8d77": 0.9945525527000427, "val/presicion_label_\u60f3\u8d77": 0.0, "val/recall_label_\u60f3\u8d77": 0.0, "val/f1score_label_\u60f3\u8d77": 0.0, "val/accuracy_label_\u9a5a\u304d\u3068\u3044\u3076\u304b\u308a": 0.9968871474266052, "val/presicion_label_\u9a5a\u304d\u3068\u3044\u3076\u304b\u308a": 0.0, "val/recall_label_\u9a5a\u304d\u3068\u3044\u3076\u304b\u308a": 0.0, "val/f1score_label_\u9a5a\u304d\u3068\u3044\u3076\u304b\u308a": 0.0, "val/accuracy_label_\u305d\u306e\u4ed6": 0.8673151731491089, "val/presicion_label_\u305d\u306e\u4ed6": 0.1818181872367859, "val/recall_label_\u305d\u306e\u4ed6": 0.005988024175167084, "val/f1score_label_\u305d\u306e\u4ed6": 0.011594203300774097, "train_loss": 0.33265411853790283, "train/multilabelaccuracy": 0.9021874666213989, "train/multilabelprecision": 0.16482818126678467, "train/multilabelrecall": 0.1717437356710434, "train/multilabelf1score": 0.1568026840686798, "train/multilabelmatthewscorrcoef": 0.6096458435058594, "train/accuracy_label_\u3042\u3044\u3065\u3061": 0.9300000071525574, "train/presicion_label_\u3042\u3044\u3065\u3061": 0.9324596524238586, "train/recall_label_\u3042\u3044\u3065\u3061": 0.9967672228813171, "train/f1score_label_\u3042\u3044\u3065\u3061": 0.9635416865348816, "train/accuracy_label_\u611f\u5fc3": 0.6809999942779541, "train/presicion_label_\u611f\u5fc3": 0.6716762781143188, "train/recall_label_\u611f\u5fc3": 0.9431818127632141, "train/f1score_label_\u611f\u5fc3": 0.7846050262451172, "train/accuracy_label_\u8a55\u4fa1": 0.8510000109672546, "train/presicion_label_\u8a55\u4fa1": 0.19230769574642181, "train/recall_label_\u8a55\u4fa1": 0.08547008782625198, "train/f1score_label_\u8a55\u4fa1": 0.11834319680929184, "train/accuracy_label_\u7e70\u308a\u8fd4\u3057\u5fdc\u7b54": 0.7350000143051147, "train/presicion_label_\u7e70\u308a\u8fd4\u3057\u5fdc\u7b54": 0.0, "train/recall_label_\u7e70\u308a\u8fd4\u3057\u5fdc\u7b54": 0.0, "train/f1score_label_\u7e70\u308a\u8fd4\u3057\u5fdc\u7b54": 0.0, "train/accuracy_label_\u540c\u610f": 0.8569999933242798, "train/presicion_label_\u540c\u610f": 0.30909091234207153, "train/recall_label_\u540c\u610f": 0.13934426009655, "train/f1score_label_\u540c\u610f": 0.19209039211273193, "train/accuracy_label_\u7d0d\u5f97": 0.8880000114440918, "train/presicion_label_\u7d0d\u5f97": 0.13461539149284363, "train/recall_label_\u7d0d\u5f97": 0.09459459781646729, "train/f1score_label_\u7d0d\u5f97": 0.1111111119389534, "train/accuracy_label_\u9a5a\u304d": 0.9240000247955322, "train/presicion_label_\u9a5a\u304d": 0.3235294222831726, "train/recall_label_\u9a5a\u304d": 0.171875, "train/f1score_label_\u9a5a\u304d": 0.22448979318141937, "train/accuracy_label_\u8a00\u3044\u63db\u3048": 0.9779999852180481, "train/presicion_label_\u8a00\u3044\u63db\u3048": 0.0, "train/recall_label_\u8a00\u3044\u63db\u3048": 0.0, "train/f1score_label_\u8a00\u3044\u63db\u3048": 0.0, "train/accuracy_label_\u610f\u898b": 0.9589999914169312, "train/presicion_label_\u610f\u898b": 0.0, "train/recall_label_\u610f\u898b": 0.0, "train/f1score_label_\u610f\u898b": 0.0, "train/accuracy_label_\u8003\u3048\u3066\u3044\u308b\u6700\u4e2d": 0.9789999723434448, "train/presicion_label_\u8003\u3048\u3066\u3044\u308b\u6700\u4e2d": 0.0, "train/recall_label_\u8003\u3048\u3066\u3044\u308b\u6700\u4e2d": 0.0, "train/f1score_label_\u8003\u3048\u3066\u3044\u308b\u6700\u4e2d": 0.0, "train/accuracy_label_\u4e0d\u540c\u610f": 0.9300000071525574, "train/presicion_label_\u4e0d\u540c\u610f": 0.0535714291036129, "train/recall_label_\u4e0d\u540c\u610f": 0.15000000596046448, "train/f1score_label_\u4e0d\u540c\u610f": 0.07894736528396606, "train/accuracy_label_\u88dc\u5b8c": 0.9390000104904175, "train/presicion_label_\u88dc\u5b8c": 0.0, "train/recall_label_\u88dc\u5b8c": 0.0, "train/f1score_label_\u88dc\u5b8c": 0.0, "train/accuracy_label_\u3042\u3044\u3055\u3064": 0.9459999799728394, "train/presicion_label_\u3042\u3044\u3055\u3064": 0.019999999552965164, "train/recall_label_\u3042\u3044\u3055\u3064": 0.1666666716337204, "train/f1score_label_\u3042\u3044\u3055\u3064": 0.0357142873108387, "train/accuracy_label_\u60f3\u8d77": 0.9940000176429749, "train/presicion_label_\u60f3\u8d77": 0.0, "train/recall_label_\u60f3\u8d77": 0.0,