{"val_loss": 0.9545111060142517, "epoch": 0, "trainer/global_step": 7, "_timestamp": 1687414344.2156267, "_runtime": 359.6591696739197, "_step": 0, "_wandb": {"runtime": 359}}