{"val_loss": 0.6884678602218628, "val/multilabelaccuracy": 0.9371951222419739, "val/multilabelprecision": 0.6415094137191772, "val/multilabelrecall": 0.5112782120704651, "val/multilabelf1score": 0.569037675857544, "val/multilabelmatthewscorrcoef": 0.5396460294723511, "epoch": 4, "trainer/global_step": 104, "_timestamp": 1701831550.1509817, "_runtime": 199.6621766090393, "_step": 10, "train_loss": 0.6890415549278259, "train/accuracy_label_0": 0.6434676647186279, "train/accuracy_label_1": 0.6764346957206726, "train/accuracy_label_2": 0.9096459150314331, "train/accuracy_label_3": 0.949938952922821, "train/accuracy_label_4": 0.9169719219207764, "train/accuracy_label_5": 0.9609279632568359, "train/accuracy_label_6": 0.9548229575157166, "train/accuracy_label_7": 0.9951159954071045, "train/accuracy_label_8": 0.9816849827766418, "train/accuracy_label_9": 0.9926739931106567, "train/accuracy_label_10": 0.980463981628418, "train/accuracy_label_11": 0.9853479862213135, "train/accuracy_label_12": 0.9926739931106567, "train/accuracy_label_13": 0.9987789988517761, "train/accuracy_label_14": 0.9951159954071045, "train/accuracy_label_15": 0.9511599540710449, "train/loss": 0.6876180768013, "test_loss": 0.6898870468139648, "test/multilabelaccuracy": 0.919921875, "test/multilabelprecision": 0.5572519302368164, "test/multilabelrecall": 0.4078212380409241, "test/multilabelf1score": 0.47096773982048035, "test/multilabelmatthewscorrcoef": 0.43489277362823486, "_wandb": {"runtime": 199}}