{"val_loss": 0.6913904547691345, "val/multilabelaccuracy": 0.9371951222419739, "val/multilabelprecision": 0.6162790656089783, "val/multilabelrecall": 0.597744345664978, "val/multilabelf1score": 0.6068702340126038, "val/multilabelmatthewscorrcoef": 0.5728291273117065, "epoch": 0, "trainer/global_step": 25, "_timestamp": 1700632072.3978212, "_runtime": 41.96867322921753, "_step": 0, "_wandb": {"runtime": 42}}