{"val_loss": 0.08394455164670944, "val/multilabelaccuracy": 0.8803205490112305, "val/multilabelprecision": 0.10482228547334671, "val/multilabelrecall": 0.08426754176616669, "val/multilabelf1score": 0.08425694704055786, "val/multilabelmatthewscorrcoef": 0.4606950283050537, "val/accuracy_label_\u3042\u3044\u3065\u3061": 0.9218930602073669, "val/presicion_label_\u3042\u3044\u3065\u3061": 0.931574821472168, "val/recall_label_\u3042\u3044\u3065\u3061": 0.9887396693229675, "val/f1score_label_\u3042\u3044\u3065\u3061": 0.9593064188957214, "val/accuracy_label_\u611f\u5fc3": 0.39303576946258545, "val/presicion_label_\u611f\u5fc3": 0.0, "val/recall_label_\u611f\u5fc3": 0.0, "val/f1score_label_\u611f\u5fc3": 0.0, "val/accuracy_label_\u8a55\u4fa1": 0.8240669369697571, "val/presicion_label_\u8a55\u4fa1": 0.14539006352424622, "val/recall_label_\u8a55\u4fa1": 0.10008136928081512, "val/f1score_label_\u8a55\u4fa1": 0.11855421960353851, "val/accuracy_label_\u7e70\u308a\u8fd4\u3057\u5fdc\u7b54": 0.7420161366462708, "val/presicion_label_\u7e70\u308a\u8fd4\u3057\u5fdc\u7b54": 0.24806201457977295, "val/recall_label_\u7e70\u308a\u8fd4\u3057\u5fdc\u7b54": 0.012227742001414299, "val/f1score_label_\u7e70\u308a\u8fd4\u3057\u5fdc\u7b54": 0.023306628689169884, "val/accuracy_label_\u540c\u610f": 0.8821662068367004, "val/presicion_label_\u540c\u610f": 0.05263157933950424, "val/recall_label_\u540c\u610f": 0.0008278145687654614, "val/f1score_label_\u540c\u610f": 0.0016299918061122298, "val/accuracy_label_\u7d0d\u5f97": 0.9007310271263123, "val/presicion_label_\u7d0d\u5f97": 0.06060606241226196, "val/recall_label_\u7d0d\u5f97": 0.00410677632316947, "val/f1score_label_\u7d0d\u5f97": 0.007692307699471712, "val/accuracy_label_\u9a5a\u304d": 0.8990958333015442, "val/presicion_label_\u9a5a\u304d": 0.08606557548046112, "val/recall_label_\u9a5a\u304d": 0.0651162788271904, "val/f1score_label_\u9a5a\u304d": 0.07413945347070694, "val/accuracy_label_\u8a00\u3044\u63db\u3048": 0.9595998525619507, "val/presicion_label_\u8a00\u3044\u63db\u3048": 0.0, "val/recall_label_\u8a00\u3044\u63db\u3048": 0.0, "val/f1score_label_\u8a00\u3044\u63db\u3048": 0.0, "val/accuracy_label_\u610f\u898b": 0.9665256142616272, "val/presicion_label_\u610f\u898b": 0.0, "val/recall_label_\u610f\u898b": 0.0, "val/f1score_label_\u610f\u898b": 0.0, "val/accuracy_label_\u8003\u3048\u3066\u3044\u308b\u6700\u4e2d": 0.9641208052635193, "val/presicion_label_\u8003\u3048\u3066\u3044\u308b\u6700\u4e2d": 0.01785714365541935, "val/recall_label_\u8003\u3048\u3066\u3044\u308b\u6700\u4e2d": 0.014218009077012539, "val/f1score_label_\u8003\u3048\u3066\u3044\u308b\u6700\u4e2d": 0.01583113521337509, "val/accuracy_label_\u4e0d\u540c\u610f": 0.9857637286186218, "val/presicion_label_\u4e0d\u540c\u610f": 0.0, "val/recall_label_\u4e0d\u540c\u610f": 0.0, "val/f1score_label_\u4e0d\u540c\u610f": 0.0, "val/accuracy_label_\u88dc\u5b8c": 0.950269341468811, "val/presicion_label_\u88dc\u5b8c": 0.0, "val/recall_label_\u88dc\u5b8c": 0.0, "val/f1score_label_\u88dc\u5b8c": 0.0, "val/accuracy_label_\u3042\u3044\u3055\u3064": 0.9876875877380371, "val/presicion_label_\u3042\u3044\u3055\u3064": 0.0, "val/recall_label_\u3042\u3044\u3055\u3064": 0.0, "val/f1score_label_\u3042\u3044\u3055\u3064": 0.0, "val/accuracy_label_\u60f3\u8d77": 0.9612351059913635, "val/presicion_label_\u60f3\u8d77": 0.0, "val/recall_label_\u60f3\u8d77": 0.0, "val/f1score_label_\u60f3\u8d77": 0.0, "val/accuracy_label_\u9a5a\u304d\u3068\u3044\u3076\u304b\u308a": 0.9912466406822205, "val/presicion_label_\u9a5a\u304d\u3068\u3044\u3076\u304b\u308a": 0.0, "val/recall_label_\u9a5a\u304d\u3068\u3044\u3076\u304b\u308a": 0.0, "val/f1score_label_\u9a5a\u304d\u3068\u3044\u3076\u304b\u308a": 0.0, "val/accuracy_label_\u305d\u306e\u4ed6": 0.7556752562522888, "val/presicion_label_\u305d\u306e\u4ed6": 0.1349693238735199, "val/recall_label_\u305d\u306e\u4ed6": 0.16296295821666718, "val/f1score_label_\u305d\u306e\u4ed6": 0.14765100181102753, "epoch": 3, "trainer/global_step": 71, "_timestamp": 1714444778.8030374, "_runtime": 85.22185230255127, "_step": 8, "train_loss": 0.08413443714380264, "train/multilabelaccuracy": 0.8895000219345093, "train/multilabelprecision": 0.10868935286998749, "train/multilabelrecall": 0.08520960062742233, "train/multilabelf1score": 0.0894230306148529, "train/multilabelmatthewscorrcoef": 0.5054024457931519, "train/accuracy_label_\u3042\u3044\u3065\u3061": 0.9279999732971191, "train/presicion_label_\u3042\u3044\u3065\u3061": 0.9279999732971191, "train/recall_label_\u3042\u3044\u3065\u3061": 1.0, "train/f1score_label_\u3042\u3044\u3065\u3061": 0.9626556038856506, "train/accuracy_label_\u611f\u5fc3": 0.3840000033378601, "train/presicion_label_\u611f\u5fc3": 0.0, "train/recall_label_\u611f\u5fc3": 0.0, "train/f1score_label_\u611f\u5fc3": 0.0, "train/accuracy_label_\u8a55\u4fa1": 0.8560000061988831, "train/presicion_label_\u8a55\u4fa1": 0.2985074520111084, "train/recall_label_\u8a55\u4fa1": 0.17094017565250397, "train/f1score_label_\u8a55\u4fa1": 0.21739129722118378, "train/accuracy_label_\u7e70\u308a\u8fd4\u3057\u5fdc\u7b54": 0.7260000109672546, "train/presicion_label_\u7e70\u308a\u8fd4\u3057\u5fdc\u7b54": 0.20000000298023224, "train/recall_label_\u7e70\u308a\u8fd4\u3057\u5fdc\u7b54": 0.011320754885673523, "train/f1score_label_\u7e70\u308a\u8fd4\u3057\u5fdc\u7b54": 0.02142857201397419, "train/accuracy_label_\u540c\u610f": 0.878000020980835, "train/presicion_label_\u540c\u610f": 0.0, "train/recall_label_\u540c\u610f": 0.0, "train/f1score_label_\u540c\u610f": 0.0, "train/accuracy_label_\u7d0d\u5f97": 0.9259999990463257, "train/presicion_label_\u7d0d\u5f97": 0.0, "train/recall_label_\u7d0d\u5f97": 0.0, "train/f1score_label_\u7d0d\u5f97": 0.0, "train/accuracy_label_\u9a5a\u304d": 0.902999997138977, "train/presicion_label_\u9a5a\u304d": 0.02857142873108387, "train/recall_label_\u9a5a\u304d": 0.015625, "train/f1score_label_\u9a5a\u304d": 0.020202020183205605, "train/accuracy_label_\u8a00\u3044\u63db\u3048": 0.9829999804496765, "train/presicion_label_\u8a00\u3044\u63db\u3048": 0.0, "train/recall_label_\u8a00\u3044\u63db\u3048": 0.0, "train/f1score_label_\u8a00\u3044\u63db\u3048": 0.0, "train/accuracy_label_\u610f\u898b": 0.9589999914169312, "train/presicion_label_\u610f\u898b": 0.0, "train/recall_label_\u610f\u898b": 0.0, "train/f1score_label_\u610f\u898b": 0.0, "train/accuracy_label_\u8003\u3048\u3066\u3044\u308b\u6700\u4e2d": 0.972000002861023, "train/presicion_label_\u8003\u3048\u3066\u3044\u308b\u6700\u4e2d": 0.0, "train/recall_label_\u8003\u3048\u3066\u3044\u308b\u6700\u4e2d": 0.0, "train/f1score_label_\u8003\u3048\u3066\u3044\u308b\u6700\u4e2d": 0.0, "train/accuracy_label_\u4e0d\u540c\u610f": 0.9800000190734863, "train/presicion_label_\u4e0d\u540c\u610f": 0.0, "train/recall_label_\u4e0d\u540c\u610f": 0.0, "train/f1score_label_\u4e0d\u540c\u610f": 0.0, "train/accuracy_label_\u88dc\u5b8c": 0.9409999847412109, "train/presicion_label_\u88dc\u5b8c": 0.0, "train/recall_label_\u88dc\u5b8c": 0.0, "train/f1score_label_\u88dc\u5b8c": 0.0, "train/accuracy_label_\u3042\u3044\u3055\u3064": 0.9909999966621399, "train/presicion_label_\u3042\u3044\u3055\u3064": 0.0, "train/recall_label_\u3042\u3044\u3055\u3064": 0.0, "train/f1score_label_\u3042\u3044\u3055\u3064": 0.0, "train/accuracy_label_\u60f3\u8d77": 0.9789999723434448, "train/presicion_label_\u60f3\u8d77": 0.0, "train/recall_label_\u60f3\u8d77": 0.0, "train/f1score_label_\u60f3\u8d77": 0.0, "train/accuracy_label_\u9a5a\u304d\u3068\u3044\u3076\u304b\u308a": 1.0, "train/presicion_label_\u9a5a\u304d\u3068\u3044\u3076\u304b\u308a": 0.0, "train/recall_label_\u9a5a\u304d\u3068\u3044\u3076\u304b\u308a": 0.0, "train/f1score_label_\u9a5a\u304d\u3068\u3044\u3076\u304b\u308a": 0.0, "train/accuracy_label_\u305d\u306e\u4ed6": 0.8259999752044678, "train/presicion_label_\u305d\u306e\u4ed6": 0.2839506268501282, "train/recall_label_\u305d\u306e\u4ed6": 0.16546761989593506, "train/f1score_label_\u305d\u306e\u4ed6": 0.20909090340137482,