{"val_loss": 0.6890016198158264, "val/multilabelaccuracy": 0.9390243887901306, "val/multilabelprecision": 0.6666666865348816, "val/multilabelrecall": 0.49624061584472656, "val/multilabelf1score": 0.568965494632721, "val/multilabelmatthewscorrcoef": 0.5436956286430359, "epoch": 4, "trainer/global_step": 104, "_timestamp": 1700621529.0169427, "_runtime": 180.95643782615662, "_step": 10, "train_loss": 0.6896020770072937, "train/multilabelaccuracy": 0.9323870539665222, "train/multilabelprecision": 0.6018412113189697, "train/multilabelrecall": 0.49200376868247986, "train/multilabelf1score": 0.5414078831672668, "train/multilabelmatthewscorrcoef": 0.5082989931106567, "train/loss": 0.6935367584228516, "test_loss": 0.6905649304389954, "test/multilabelaccuracy": 0.92333984375, "test/multilabelprecision": 0.5859375, "test/multilabelrecall": 0.4189944267272949, "test/multilabelf1score": 0.48859935998916626, "test/multilabelmatthewscorrcoef": 0.45577338337898254, "_wandb": {"runtime": 180}}