{"val_loss": 0.542722225189209, "val/multilabelaccuracy": 0.6771117448806763, "val/multilabelprecision": 0.4605950117111206, "val/multilabelrecall": 0.6257220506668091, "val/multilabelf1score": 0.5224676132202148, "val/multilabelmatthewscorrcoef": 0.35340937972068787, "val/accuracy_label_\u3042\u3044\u3065\u3061": 0.9536784887313843, "val/presicion_label_\u3042\u3044\u3065\u3061": 0.9551820755004883, "val/recall_label_\u3042\u3044\u3065\u3061": 0.9970760345458984, "val/f1score_label_\u3042\u3044\u3065\u3061": 0.9756795167922974, "val/accuracy_label_\u611f\u5fc3": 0.8801090121269226, "val/presicion_label_\u611f\u5fc3": 0.8767507076263428, "val/recall_label_\u611f\u5fc3": 1.0, "val/f1score_label_\u611f\u5fc3": 0.9343283772468567, "val/accuracy_label_\u8a55\u4fa1": 0.5749318599700928, "val/presicion_label_\u8a55\u4fa1": 0.45306122303009033, "val/recall_label_\u8a55\u4fa1": 0.8345864415168762, "val/f1score_label_\u8a55\u4fa1": 0.5873016119003296, "val/accuracy_label_\u7e70\u308a\u8fd4\u3057\u5fdc\u7b54": 0.41144412755966187, "val/presicion_label_\u7e70\u308a\u8fd4\u3057\u5fdc\u7b54": 0.0, "val/recall_label_\u7e70\u308a\u8fd4\u3057\u5fdc\u7b54": 0.0, "val/f1score_label_\u7e70\u308a\u8fd4\u3057\u5fdc\u7b54": 0.0, "val/accuracy_label_\u540c\u610f": 0.6457765698432922, "val/presicion_label_\u540c\u610f": 0.0, "val/recall_label_\u540c\u610f": 0.0, "val/f1score_label_\u540c\u610f": 0.0, "val/accuracy_label_\u7d0d\u5f97": 0.6130790114402771, "val/presicion_label_\u7d0d\u5f97": 0.4207920730113983, "val/recall_label_\u7d0d\u5f97": 0.7727272510528564, "val/f1score_label_\u7d0d\u5f97": 0.5448718070983887, "val/accuracy_label_\u9a5a\u304d": 0.7629427909851074, "val/presicion_label_\u9a5a\u304d": 0.43209877610206604, "val/recall_label_\u9a5a\u304d": 0.46052631735801697, "val/f1score_label_\u9a5a\u304d": 0.4458598792552948, "val/accuracy_label_\u8a00\u3044\u63db\u3048": 0.5749318599700928, "val/presicion_label_\u8a00\u3044\u63db\u3048": 0.546875, "val/recall_label_\u8a00\u3044\u63db\u3048": 0.9408602118492126, "val/f1score_label_\u8a00\u3044\u63db\u3048": 0.6916996240615845, "epoch": 6, "trainer/global_step": 276, "_timestamp": 1705547017.993039, "_runtime": 137.93173384666443, "_step": 17, "train_loss": 0.5458492636680603, "train/multilabelaccuracy": 0.6716405153274536, "train/multilabelprecision": 0.5066933631896973, "train/multilabelrecall": 0.651044487953186, "train/multilabelf1score": 0.5239943861961365, "train/multilabelmatthewscorrcoef": 0.34368473291397095, "train/accuracy_label_\u3042\u3044\u3065\u3061": 0.957025945186615, "train/presicion_label_\u3042\u3044\u3065\u3061": 0.9576388597488403, "train/recall_label_\u3042\u3044\u3065\u3061": 0.9985517859458923, "train/f1score_label_\u3042\u3044\u3065\u3061": 0.977667510509491, "train/accuracy_label_\u611f\u5fc3": 0.8465211391448975, "train/presicion_label_\u611f\u5fc3": 0.8459402918815613, "train/recall_label_\u611f\u5fc3": 0.9975450038909912, "train/f1score_label_\u611f\u5fc3": 0.9155088067054749, "train/accuracy_label_\u8a55\u4fa1": 0.5777626037597656, "train/presicion_label_\u8a55\u4fa1": 0.45764273405075073, "train/recall_label_\u8a55\u4fa1": 0.9430739879608154, "train/f1score_label_\u8a55\u4fa1": 0.6162430047988892, "train/accuracy_label_\u7e70\u308a\u8fd4\u3057\u5fdc\u7b54": 0.4195088744163513, "train/presicion_label_\u7e70\u308a\u8fd4\u3057\u5fdc\u7b54": 0.4761904776096344, "train/recall_label_\u7e70\u308a\u8fd4\u3057\u5fdc\u7b54": 0.0117647061124444, "train/f1score_label_\u7e70\u308a\u8fd4\u3057\u5fdc\u7b54": 0.022962111979722977, "train/accuracy_label_\u540c\u610f": 0.6773533225059509, "train/presicion_label_\u540c\u610f": 0.0, "train/recall_label_\u540c\u610f": 0.0, "train/f1score_label_\u540c\u610f": 0.0, "train/accuracy_label_\u7d0d\u5f97": 0.6439290642738342, "train/presicion_label_\u7d0d\u5f97": 0.44609665870666504, "train/recall_label_\u7d0d\u5f97": 0.8275862336158752, "train/f1score_label_\u7d0d\u5f97": 0.5797101259231567, "train/accuracy_label_\u9a5a\u304d": 0.668485701084137, "train/presicion_label_\u9a5a\u304d": 0.30989012122154236, "train/recall_label_\u9a5a\u304d": 0.4504792392253876, "train/f1score_label_\u9a5a\u304d": 0.3671875, "train/accuracy_label_\u8a00\u3044\u63db\u3048": 0.5825375318527222, "train/presicion_label_\u8a00\u3044\u63db\u3048": 0.5601475834846497, "train/recall_label_\u8a00\u3044\u63db\u3048": 0.9793548583984375, "train/f1score_label_\u8a00\u3044\u63db\u3048": 0.7126760482788086, "train/loss": 0.5459115505218506, "test_loss": 0.5416185259819031, "test/multilabelaccuracy": 0.6622670888900757, "test/multilabelprecision": 0.5612425804138184, "test/multilabelrecall": 0.6311855316162109, "test/multilabelf1score": 0.508116602897644, "test/multilabelmatthewscorrcoef": 0.32321250438690186, "test/accuracy_label_\u3042\u3044\u3065\u3061": 0.9503105878829956, "test/presicion_label_\u3042\u3044\u3065\u3061": 0.955974817276001, "test/recall_label_\u3042\u3044\u3065\u3061": 0.9934640526771545, "test/f1score_label_\u3042\u3044\u3065\u3061": 0.9743589758872986, "test/accuracy_label_\u611f\u5fc3": 0.8757764101028442, "test/presicion_label_\u611f\u5fc3": 0.8773584961891174, "test/recall_label_\u611f\u5fc3": 0.9964285492897034, "test/f1score_label_\u611f\u5fc3": 0.9331103563308716, "test/accuracy_label_\u8a55\u4fa1": 0.5496894121170044, "test/presicion_label_\u8a55\u4fa1": 0.4514767825603485, "test/recall_label_\u8a55\u4fa1": 0.8770492076873779, "test/f1score_label_\u8a55\u4fa1": 0.5961002707481384, "test/accuracy_label_\u7e70\u308a\u8fd4\u3057\u5fdc\u7b54": 0.38819876313209534, "test/presicion_label_\u7e70\u308a\u8fd4\u3057\u5fdc\u7b54": 1.0, "test/recall_label_\u7e70\u308a\u8fd4\u3057\u5fdc\u7b54": 0.005050505045801401, "test/f1score_label_\u7e70\u308a\u8fd4\u3057\u5fdc\u7b54": 0.01005025114864111, "test/accuracy_label_\u540c\u610f": 0.6832298040390015, "test/presicion_label_\u540c\u610f": 0.0, "test/recall_label_\u540c\u610f": 0.0, "test/f1score_label_\u540c\u610f": 0.0, "test/accuracy_label_\u7d0d\u5f97": 0.6149068474769592, "test/presicion_label_\u7d0d\u5f97": 0.4803921580314636, "test/recall_label_\u7d0d\u5f97": 0.8448275923728943, "test/f1score_label_\u7d0d\u5f97": 0.612500011920929, "test/accuracy_label_\u9a5a\u304d": 0.6894409656524658, "test/presicion_label_\u9a5a\u304d": 0.20224718749523163, "test/recall_label_\u9a5a\u304d": 0.38297873735427856, "test/f1score_label_\u9a5a\u304d": 0.2647058963775635, "test/accuracy_label_\u8a00\u3044\u63db\u3048": 0.5465838313102722, "test/presicion_label_\u8a00\u3044\u63db\u3048": 0.5224913358688354, "test/recall_label_\u8a00\u3044\u63db\u3048": 0.9496855139732361, "test/f1score_label_\u8a00\u3044\u63db\u3048": 0.6741071343421936, "_wandb": {"runtime": 137}}