{"val_loss": 0.69310063123703, "val/multilabelaccuracy": 0.92256098985672, "val/multilabelprecision": 0.6111111044883728, "val/multilabelrecall": 0.12406015396118164, "val/multilabelf1score": 0.20624999701976776, "val/multilabelmatthewscorrcoef": 0.2511962056159973, "epoch": 0, "trainer/global_step": 25, "_timestamp": 1700630165.4864347, "_runtime": 42.34439778327942, "_step": 0, "_wandb": {"runtime": 42}}