{"val_loss": 0.21509216725826263, "val/multilabelaccuracy": 0.7149182558059692, "val/multilabelprecision": 0.37498024106025696, "val/multilabelrecall": 0.43587595224380493, "val/multilabelf1score": 0.4022965431213379, "val/multilabelmatthewscorrcoef": 0.4517827332019806, "val/accuracy_label_\u3042\u3044\u3065\u3061": 0.9536784887313843, "val/presicion_label_\u3042\u3044\u3065\u3061": 0.9551820755004883, "val/recall_label_\u3042\u3044\u3065\u3061": 0.9970760345458984, "val/f1score_label_\u3042\u3044\u3065\u3061": 0.9756795167922974, "val/accuracy_label_\u611f\u5fc3": 0.8964577913284302, "val/presicion_label_\u611f\u5fc3": 0.8917378783226013, "val/recall_label_\u611f\u5fc3": 1.0, "val/f1score_label_\u611f\u5fc3": 0.9427710771560669, "val/accuracy_label_\u8a55\u4fa1": 0.6376021504402161, "val/presicion_label_\u8a55\u4fa1": 0.0, "val/recall_label_\u8a55\u4fa1": 0.0, "val/f1score_label_\u8a55\u4fa1": 0.0, "val/accuracy_label_\u7e70\u308a\u8fd4\u3057\u5fdc\u7b54": 0.41144412755966187, "val/presicion_label_\u7e70\u308a\u8fd4\u3057\u5fdc\u7b54": 0.0, "val/recall_label_\u7e70\u308a\u8fd4\u3057\u5fdc\u7b54": 0.0, "val/f1score_label_\u7e70\u308a\u8fd4\u3057\u5fdc\u7b54": 0.0, "val/accuracy_label_\u540c\u610f": 0.6457765698432922, "val/presicion_label_\u540c\u610f": 0.0, "val/recall_label_\u540c\u610f": 0.0, "val/f1score_label_\u540c\u610f": 0.0, "val/accuracy_label_\u7d0d\u5f97": 0.7193460464477539, "val/presicion_label_\u7d0d\u5f97": 0.5248227119445801, "val/recall_label_\u7d0d\u5f97": 0.6727272868156433, "val/f1score_label_\u7d0d\u5f97": 0.5896414518356323, "val/accuracy_label_\u9a5a\u304d": 0.7929155230522156, "val/presicion_label_\u9a5a\u304d": 0.0, "val/recall_label_\u9a5a\u304d": 0.0, "val/f1score_label_\u9a5a\u304d": 0.0, "val/accuracy_label_\u8a00\u3044\u63db\u3048": 0.6621253490447998, "val/presicion_label_\u8a00\u3044\u63db\u3048": 0.6280992031097412, "val/recall_label_\u8a00\u3044\u63db\u3048": 0.8172042965888977, "val/f1score_label_\u8a00\u3044\u63db\u3048": 0.7102803587913513, "epoch": 8, "trainer/global_step": 368, "_timestamp": 1705565947.3830218, "_runtime": 182.36837077140808, "_step": 23, "train_loss": 0.2160189300775528, "train/multilabelaccuracy": 0.7178547382354736, "train/multilabelprecision": 0.3944879174232483, "train/multilabelrecall": 0.45247143507003784, "train/multilabelf1score": 0.4078100919723511, "train/multilabelmatthewscorrcoef": 0.4522266983985901, "train/accuracy_label_\u3042\u3044\u3065\u3061": 0.9577080607414246, "train/presicion_label_\u3042\u3044\u3065\u3061": 0.9589422345161438, "train/recall_label_\u3042\u3044\u3065\u3061": 0.9978276491165161, "train/f1score_label_\u3042\u3044\u3065\u3061": 0.9779985547065735, "train/accuracy_label_\u611f\u5fc3": 0.860163688659668, "train/presicion_label_\u611f\u5fc3": 0.8650394678115845, "train/recall_label_\u611f\u5fc3": 0.9860883951187134, "train/f1score_label_\u611f\u5fc3": 0.9216061234474182, "train/accuracy_label_\u8a55\u4fa1": 0.6405184268951416, "train/presicion_label_\u8a55\u4fa1": 0.0, "train/recall_label_\u8a55\u4fa1": 0.0, "train/f1score_label_\u8a55\u4fa1": 0.0, "train/accuracy_label_\u7e70\u308a\u8fd4\u3057\u5fdc\u7b54": 0.4201909899711609, "train/presicion_label_\u7e70\u308a\u8fd4\u3057\u5fdc\u7b54": 0.0, "train/recall_label_\u7e70\u308a\u8fd4\u3057\u5fdc\u7b54": 0.0, "train/f1score_label_\u7e70\u308a\u8fd4\u3057\u5fdc\u7b54": 0.0, "train/accuracy_label_\u540c\u610f": 0.6746248006820679, "train/presicion_label_\u540c\u610f": 0.1666666716337204, "train/recall_label_\u540c\u610f": 0.002114164875820279, "train/f1score_label_\u540c\u610f": 0.004175365436822176, "train/accuracy_label_\u7d0d\u5f97": 0.7025920748710632, "train/presicion_label_\u7d0d\u5f97": 0.49924126267433167, "train/recall_label_\u7d0d\u5f97": 0.7563218474388123, "train/f1score_label_\u7d0d\u5f97": 0.6014625430107117, "train/accuracy_label_\u9a5a\u304d": 0.7844474911689758, "train/presicion_label_\u9a5a\u304d": 0.0, "train/recall_label_\u9a5a\u304d": 0.0, "train/f1score_label_\u9a5a\u304d": 0.0, "train/accuracy_label_\u8a00\u3044\u63db\u3048": 0.7025920748710632, "train/presicion_label_\u8a00\u3044\u63db\u3048": 0.6660137176513672, "train/recall_label_\u8a00\u3044\u63db\u3048": 0.8774193525314331, "train/f1score_label_\u8a00\u3044\u63db\u3048": 0.7572383284568787, "train/loss": 0.2157365083694458, "test_loss": 0.21534807980060577, "test/multilabelaccuracy": 0.7107919454574585, "test/multilabelprecision": 0.3706827163696289, "test/multilabelrecall": 0.4506857395172119, "test/multilabelf1score": 0.40469518303871155, "test/multilabelmatthewscorrcoef": 0.43710803985595703, "test/accuracy_label_\u3042\u3044\u3065\u3061": 0.9503105878829956, "test/presicion_label_\u3042\u3044\u3065\u3061": 0.955974817276001, "test/recall_label_\u3042\u3044\u3065\u3061": 0.9934640526771545, "test/f1score_label_\u3042\u3044\u3065\u3061": 0.9743589758872986, "test/accuracy_label_\u611f\u5fc3": 0.8788819909095764, "test/presicion_label_\u611f\u5fc3": 0.8801261782646179, "test/recall_label_\u611f\u5fc3": 0.9964285492897034, "test/f1score_label_\u611f\u5fc3": 0.9346733689308167, "test/accuracy_label_\u8a55\u4fa1": 0.6211180090904236, "test/presicion_label_\u8a55\u4fa1": 0.0, "test/recall_label_\u8a55\u4fa1": 0.0, "test/f1score_label_\u8a55\u4fa1": 0.0, "test/accuracy_label_\u7e70\u308a\u8fd4\u3057\u5fdc\u7b54": 0.38509318232536316, "test/presicion_label_\u7e70\u308a\u8fd4\u3057\u5fdc\u7b54": 0.0, "test/recall_label_\u7e70\u308a\u8fd4\u3057\u5fdc\u7b54": 0.0, "test/f1score_label_\u7e70\u308a\u8fd4\u3057\u5fdc\u7b54": 0.0, "test/accuracy_label_\u540c\u610f": 0.6832298040390015, "test/presicion_label_\u540c\u610f": 0.0, "test/recall_label_\u540c\u610f": 0.0, "test/f1score_label_\u540c\u610f": 0.0, "test/accuracy_label_\u7d0d\u5f97": 0.6863353848457336, "test/presicion_label_\u7d0d\u5f97": 0.5477706789970398, "test/recall_label_\u7d0d\u5f97": 0.7413793206214905, "test/f1score_label_\u7d0d\u5f97": 0.6300366520881653, "test/accuracy_label_\u9a5a\u304d": 0.8540372848510742, "test/presicion_label_\u9a5a\u304d": 0.0, "test/recall_label_\u9a5a\u304d": 0.0, "test/f1score_label_\u9a5a\u304d": 0.0, "test/accuracy_label_\u8a00\u3044\u63db\u3048": 0.6273291707038879, "test/presicion_label_\u8a00\u3044\u63db\u3048": 0.581589937210083, "test/recall_label_\u8a00\u3044\u63db\u3048": 0.8742138147354126, "test/f1score_label_\u8a00\u3044\u63db\u3048": 0.6984924674034119, "_wandb": {"runtime": 182}}