{"train/loss": 0.6610468626022339, "epoch": 6, "trainer/global_step": 8814, "_timestamp": 1716264705.558433, "_runtime": 873.5619881153107, "_step": 188, "val_loss": 0.6558153033256531, "val/multilabelaccuracy": 0.8489542603492737, "val/multilabelprecision": 0.29174599051475525, "val/multilabelrecall": 0.3204224109649658, "val/multilabelf1score": 0.3021930456161499, "val/multilabelmatthewscorrcoef": 0.6078296303749084, "val/accuracy_label_\u3042\u3044\u3065\u3061": 0.9766536951065063, "val/presicion_label_\u3042\u3044\u3065\u3061": 0.9807238578796387, "val/recall_label_\u3042\u3044\u3065\u3061": 0.9956070184707642, "val/f1score_label_\u3042\u3044\u3065\u3061": 0.9881094098091125, "val/accuracy_label_\u611f\u5fc3": 0.9357976913452148, "val/presicion_label_\u611f\u5fc3": 0.9368252754211426, "val/recall_label_\u611f\u5fc3": 0.9970212578773499, "val/f1score_label_\u611f\u5fc3": 0.9659863710403442, "val/accuracy_label_\u8a55\u4fa1": 0.6575875282287598, "val/presicion_label_\u8a55\u4fa1": 0.0, "val/recall_label_\u8a55\u4fa1": 0.0, "val/f1score_label_\u8a55\u4fa1": 0.0, "val/accuracy_label_\u7e70\u308a\u8fd4\u3057\u5fdc\u7b54": 0.7735408544540405, "val/presicion_label_\u7e70\u308a\u8fd4\u3057\u5fdc\u7b54": 0.7446457743644714, "val/recall_label_\u7e70\u308a\u8fd4\u3057\u5fdc\u7b54": 0.9205702543258667, "val/f1score_label_\u7e70\u308a\u8fd4\u3057\u5fdc\u7b54": 0.8233151435852051, "val/accuracy_label_\u540c\u610f": 0.7311283946037292, "val/presicion_label_\u540c\u610f": 0.5345413088798523, "val/recall_label_\u540c\u610f": 0.6276595592498779, "val/f1score_label_\u540c\u610f": 0.5773700475692749, "val/accuracy_label_\u7d0d\u5f97": 0.6996108889579773, "val/presicion_label_\u7d0d\u5f97": 0.47491249442100525, "val/recall_label_\u7d0d\u5f97": 0.5582990646362305, "val/f1score_label_\u7d0d\u5f97": 0.5132408738136292, "val/accuracy_label_\u9a5a\u304d": 0.7354085445404053, "val/presicion_label_\u9a5a\u304d": 0.3198198080062866, "val/recall_label_\u9a5a\u304d": 0.4840908944606781, "val/f1score_label_\u9a5a\u304d": 0.3851718008518219, "val/accuracy_label_\u8a00\u3044\u63db\u3048": 0.9392995834350586, "val/presicion_label_\u8a00\u3044\u63db\u3048": 0.0, "val/recall_label_\u8a00\u3044\u63db\u3048": 0.0, "val/f1score_label_\u8a00\u3044\u63db\u3048": 0.0, "val/accuracy_label_\u610f\u898b": 0.8821011781692505, "val/presicion_label_\u610f\u898b": 0.0, "val/recall_label_\u610f\u898b": 0.0, "val/f1score_label_\u610f\u898b": 0.0, "val/accuracy_label_\u8003\u3048\u3066\u3044\u308b\u6700\u4e2d": 0.9159532785415649, "val/presicion_label_\u8003\u3048\u3066\u3044\u308b\u6700\u4e2d": 0.10000000149011612, "val/recall_label_\u8003\u3048\u3066\u3044\u308b\u6700\u4e2d": 0.0357142873108387, "val/f1score_label_\u8003\u3048\u3066\u3044\u308b\u6700\u4e2d": 0.05263157933950424, "val/accuracy_label_\u4e0d\u540c\u610f": 0.9163424372673035, "val/presicion_label_\u4e0d\u540c\u610f": 0.11363636702299118, "val/recall_label_\u4e0d\u540c\u610f": 0.13274335861206055, "val/f1score_label_\u4e0d\u540c\u610f": 0.12244898080825806, "val/accuracy_label_\u88dc\u5b8c": 0.8657587766647339, "val/presicion_label_\u88dc\u5b8c": 0.0, "val/recall_label_\u88dc\u5b8c": 0.0, "val/f1score_label_\u88dc\u5b8c": 0.0, "val/accuracy_label_\u3042\u3044\u3055\u3064": 0.929961085319519, "val/presicion_label_\u3042\u3044\u3055\u3064": 0.03333333507180214, "val/recall_label_\u3042\u3044\u3055\u3064": 0.05882352963089943, "val/f1score_label_\u3042\u3044\u3055\u3064": 0.042553190141916275, "val/accuracy_label_\u60f3\u8d77": 0.991439700126648, "val/presicion_label_\u60f3\u8d77": 0.0, "val/recall_label_\u60f3\u8d77": 0.0, "val/f1score_label_\u60f3\u8d77": 0.0, "val/accuracy_label_\u9a5a\u304d\u3068\u3044\u3076\u304b\u308a": 0.9926069974899292, "val/presicion_label_\u9a5a\u304d\u3068\u3044\u3076\u304b\u308a": 0.0, "val/recall_label_\u9a5a\u304d\u3068\u3044\u3076\u304b\u308a": 0.0, "val/f1score_label_\u9a5a\u304d\u3068\u3044\u3076\u304b\u308a": 0.0, "val/accuracy_label_\u305d\u306e\u4ed6": 0.6400778293609619, "val/presicion_label_\u305d\u306e\u4ed6": 0.4294975697994232, "val/recall_label_\u305d\u306e\u4ed6": 0.31622910499572754, "val/f1score_label_\u305d\u306e\u4ed6": 0.3642611801624298, "train_loss": 0.6549818515777588, "train/multilabelaccuracy": 0.8511505126953125, "train/multilabelprecision": 0.29665037989616394, "train/multilabelrecall": 0.3370886743068695, "train/multilabelf1score": 0.31025370955467224, "train/multilabelmatthewscorrcoef": 0.6144052743911743, "train/accuracy_label_\u3042\u3044\u3065\u3061": 0.9821463227272034, "train/presicion_label_\u3042\u3044\u3065\u3061": 0.9835518002510071, "train/recall_label_\u3042\u3044\u3065\u3061": 0.9984050989151001, "train/f1score_label_\u3042\u3044\u3065\u3061": 0.9909228086471558, "train/accuracy_label_\u611f\u5fc3": 0.9491146206855774, "train/presicion_label_\u611f\u5fc3": 0.9489166736602783, "train/recall_label_\u611f\u5fc3": 0.9976416230201721, "train/f1score_label_\u611f\u5fc3": 0.9726693034172058, "train/accuracy_label_\u8a55\u4fa1": 0.6698287725448608, "train/presicion_label_\u8a55\u4fa1": 0.0, "train/recall_label_\u8a55\u4fa1": 0.0, "train/f1score_label_\u8a55\u4fa1": 0.0, "train/accuracy_label_\u7e70\u308a\u8fd4\u3057\u5fdc\u7b54": 0.8409223556518555, "train/presicion_label_\u7e70\u308a\u8fd4\u3057\u5fdc\u7b54": 0.8173637390136719, "train/recall_label_\u7e70\u308a\u8fd4\u3057\u5fdc\u7b54": 0.9393563270568848, "train/f1score_label_\u7e70\u308a\u8fd4\u3057\u5fdc\u7b54": 0.87412428855896, "train/accuracy_label_\u540c\u610f": 0.7575404047966003, "train/presicion_label_\u540c\u610f": 0.5745354890823364, "train/recall_label_\u540c\u610f": 0.6627346873283386, "train/f1score_label_\u540c\u610f": 0.6154914498329163, "train/accuracy_label_\u7d0d\u5f97": 0.6599532961845398, "train/presicion_label_\u7d0d\u5f97": 0.4258219599723816, "train/recall_label_\u7d0d\u5f97": 0.6526777744293213, "train/f1score_label_\u7d0d\u5f97": 0.5153909921646118, "train/accuracy_label_\u9a5a\u304d": 0.7445514798164368, "train/presicion_label_\u9a5a\u304d": 0.3356788158416748, "train/recall_label_\u9a5a\u304d": 0.4428064525127411, "train/f1score_label_\u9a5a\u304d": 0.38187170028686523, "train/accuracy_label_\u8a00\u3044\u63db\u3048": 0.9518388509750366, "train/presicion_label_\u8a00\u3044\u63db\u3048": 0.0, "train/recall_label_\u8a00\u3044\u63db\u3048": 0.0, "train/f1score_label_\u8a00\u3044\u63db\u3048": 0.0, "train/accuracy_label_\u610f\u898b": 0.8887429237365723, "train/presicion_label_\u610f\u898b": 0.0, "train/recall_label_\u610f\u898b": 0.0, "train/f1score_label_\u610f\u898b": 0.0, "train/accuracy_label_\u8003\u3048\u3066\u3044\u308b\u6700\u4e2d": 0.8481221795082092, "train/presicion_label_\u8003\u3048\u3066\u3044\u308b\u6700\u4e2d": 0.0934906080365181, "train/recall_label_\u8003\u3048\u3066\u3044\u308b\u6700\u4e2d": 0.1697065830230713, "train/f1score_label_\u8003\u3048\u3066\u3044\u308b\u6700\u4e2d": 0.12056338042020798, "train/accuracy_label_\u4e0d\u540c\u610f": 0.9136991500854492, "train/presicion_label_\u4e0d\u540c\u610f": 0.0765957459807396, "train/recall_label_\u4e0d\u540c\u610f": 0.11553273350000381, "train/f1score_label_\u4e0d\u540c\u610f": 0.09211873263120651, "train/accuracy_label_\u88dc\u5b8c": 0.8622786402702332, "train/presicion_label_\u88dc\u5b8c": 0.0, "train/recall_label_\u88dc\u5b8c": 0.0, "train/f1score_label_\u88dc\u5b8c": 0.0, "train/accuracy_label_\u3042\u3044\u3055\u3064": 0.8939968943595886, "train/presicion_label_\u3042\u3044\u3055\u3064": 0.04674457386136055, "train/recall_label_\u3042\u3044\u3055\u3064": 0.15272727608680725, "train/f1score_label_\u3042\u3044\u3055\u3064": 0.07158073782920837, "train/accuracy_label_\u60f3\u8d77": 0.9922164082527161, "train/presicion_label_\u60f3\u8d77": 0.0, "train/recall_label_\u60f3\u8d77": 0.0,