{"val_loss": 0.6887120604515076, "val/multilabelaccuracy": 0.9387195110321045, "val/multilabelprecision": 0.04207920655608177, "val/multilabelrecall": 0.06159420311450958, "val/multilabelf1score": 0.05000000074505806, "val/multilabelmatthewscorrcoef": 0.5475425124168396, "epoch": 3, "trainer/global_step": 103, "_timestamp": 1702443311.6516845, "_runtime": 168.79540848731995, "_step": 9, "train_loss": 0.6894773244857788, "train/multilabelaccuracy": 0.9317765831947327, "train/multilabelprecision": 0.06999002397060394, "train/multilabelrecall": 0.06330611556768417, "train/multilabelf1score": 0.05098911002278328, "train/multilabelmatthewscorrcoef": 0.5058159828186035, "train/accuracy_label_\u3042\u3044\u3065\u3061": 0.6434676647186279, "train/presicion_label_\u3042\u3044\u3065\u3061": 0.6436498165130615, "train/recall_label_\u3042\u3044\u3065\u3061": 0.9942857027053833, "train/f1score_label_\u3042\u3044\u3065\u3061": 0.78143709897995, "train/accuracy_label_\u611f\u5fc3": 0.6862027049064636, "train/presicion_label_\u611f\u5fc3": 0.3333333432674408, "train/recall_label_\u611f\u5fc3": 0.00390625, "train/f1score_label_\u611f\u5fc3": 0.0077220075763762, "train/accuracy_label_\u8a55\u4fa1": 0.9157509207725525, "train/presicion_label_\u8a55\u4fa1": 0.0, "train/recall_label_\u8a55\u4fa1": 0.0, "train/f1score_label_\u8a55\u4fa1": 0.0, "train/accuracy_label_\u7e70\u308a\u8fd4\u3057\u5fdc\u7b54": 0.9633699655532837, "train/presicion_label_\u7e70\u308a\u8fd4\u3057\u5fdc\u7b54": 0.0, "train/recall_label_\u7e70\u308a\u8fd4\u3057\u5fdc\u7b54": 0.0, "train/f1score_label_\u7e70\u308a\u8fd4\u3057\u5fdc\u7b54": 0.0, "train/accuracy_label_\u540c\u610f": 0.910866916179657, "train/presicion_label_\u540c\u610f": 0.1428571492433548, "train/recall_label_\u540c\u610f": 0.014705882407724857, "train/f1score_label_\u540c\u610f": 0.02666666731238365, "train/accuracy_label_\u7d0d\u5f97": 0.949938952922821, "train/presicion_label_\u7d0d\u5f97": 0.0, "train/recall_label_\u7d0d\u5f97": 0.0, "train/f1score_label_\u7d0d\u5f97": 0.0, "train/accuracy_label_\u9a5a\u304d": 0.9694749712944031, "train/presicion_label_\u9a5a\u304d": 0.0, "train/recall_label_\u9a5a\u304d": 0.0, "train/f1score_label_\u9a5a\u304d": 0.0, "train/accuracy_label_\u8a00\u3044\u63db\u3048": 0.9987789988517761, "train/presicion_label_\u8a00\u3044\u63db\u3048": 0.0, "train/recall_label_\u8a00\u3044\u63db\u3048": 0.0, "train/f1score_label_\u8a00\u3044\u63db\u3048": 0.0, "train/accuracy_label_\u610f\u898b": 0.9768009781837463, "train/presicion_label_\u610f\u898b": 0.0, "train/recall_label_\u610f\u898b": 0.0, "train/f1score_label_\u610f\u898b": 0.0, "train/accuracy_label_\u8003\u3048\u3066\u3044\u308b\u6700\u4e2d": 0.990231990814209, "train/presicion_label_\u8003\u3048\u3066\u3044\u308b\u6700\u4e2d": 0.0, "train/recall_label_\u8003\u3048\u3066\u3044\u308b\u6700\u4e2d": 0.0, "train/f1score_label_\u8003\u3048\u3066\u3044\u308b\u6700\u4e2d": 0.0, "train/accuracy_label_\u4e0d\u540c\u610f": 0.9792429804801941, "train/presicion_label_\u4e0d\u540c\u610f": 0.0, "train/recall_label_\u4e0d\u540c\u610f": 0.0, "train/f1score_label_\u4e0d\u540c\u610f": 0.0, "train/accuracy_label_\u88dc\u5b8c": 0.9865689873695374, "train/presicion_label_\u88dc\u5b8c": 0.0, "train/recall_label_\u88dc\u5b8c": 0.0, "train/f1score_label_\u88dc\u5b8c": 0.0, "train/accuracy_label_\u3042\u3044\u3055\u3064": 0.9975579977035522, "train/presicion_label_\u3042\u3044\u3055\u3064": 0.0, "train/recall_label_\u3042\u3044\u3055\u3064": 0.0, "train/f1score_label_\u3042\u3044\u3055\u3064": 0.0, "train/accuracy_label_\u60f3\u8d77": 0.9951159954071045, "train/presicion_label_\u60f3\u8d77": 0.0, "train/recall_label_\u60f3\u8d77": 0.0, "train/f1score_label_\u60f3\u8d77": 0.0, "train/accuracy_label_\u9a5a\u304d\u3068\u3044\u3076\u304b\u308a": 0.9926739931106567, "train/presicion_label_\u9a5a\u304d\u3068\u3044\u3076\u304b\u308a": 0.0, "train/recall_label_\u9a5a\u304d\u3068\u3044\u3076\u304b\u308a": 0.0, "train/f1score_label_\u9a5a\u304d\u3068\u3044\u3076\u304b\u308a": 0.0, "train/accuracy_label_\u305d\u306e\u4ed6": 0.9523809552192688, "train/presicion_label_\u305d\u306e\u4ed6": 0.0, "train/recall_label_\u305d\u306e\u4ed6": 0.0, "train/f1score_label_\u305d\u306e\u4ed6": 0.0, "train/loss": 0.6898550987243652, "_wandb": {"runtime": 173}}