{"test/f1score_label_補完":0.3025099039077759,"test/presicion_label_繰り返し応答":0.6744639277458191,"test/f1score_label_評価":0.25853657722473145,"_step":0,"test/f1score_label_驚きといぶかり":0.003913894295692444,"test/recall_label_評価":0.20306512713432312,"test/accuracy_label_意見":0.16147859394550323,"test/f1score_label_不同意":0.10198725014925003,"test/accuracy_label_評価":0.5268482565879822,"test/presicion_label_あいさつ":0.04203539714217186,"_wandb":{"runtime":83},"_runtime":81.893886767,"test/presicion_label_同意":0.29389312863349915,"test/accuracy_label_あいづち":0.8715953230857849,"test/f1score_label_その他":0,"test/multilabelprecision":0.2694329619407654,"test/recall_label_言い換え":0,"test/recall_label_あいさつ":0.4000000059604645,"test/presicion_label_感心":0.9085302948951721,"test/multilabelmatthewscorrcoef":-0.0707622691988945,"test/f1score_label_驚き":0.3507362902164459,"test/presicion_label_驚きといぶかり":0.0020283975172787905,"test/recall_label_意見":1,"test/recall_label_驚き":0.6560934782028198,"test/accuracy_label_感心":0.3844358026981354,"test/recall_label_驚きといぶかり":0.0555555559694767,"test/f1score_label_意見":0.2770882248878479,"test/accuracy_label_納得":0.3361867666244507,"test/accuracy_label_不同意":0.06809338182210922,"test/presicion_label_その他":0,"test/multilabelrecall":0.6018493175506592,"test/multilabelf1score":0.2780139744281769,"test/recall_label_その他":0,"test/recall_label_補完":1,"test/f1score_label_納得":0.49882492423057556,"test/accuracy_label_あいさつ":0.6408560276031494,"test_loss":0.7003936767578125,"test/recall_label_想起":1,"test/f1score_label_同意":0.13151152431964874,"test/f1score_label_あいづち":0.930962324142456,"test/recall_label_感心":0.3718973398208618,"test/presicion_label_意見":0.16082555055618286,"test/accuracy_label_補完":0.17821010947227478,"_timestamp":1.7264057274894505e+09,"test/accuracy_label_考えている最中":0.09649805724620819,"test/accuracy_label_同意":0.6042801737785339,"epoch":0,"test/presicion_label_言い換え":0,"test/presicion_label_評価":0.3557046949863434,"test/f1score_label_あいさつ":0.07607607543468475,"test/accuracy_label_驚き":0.4338521361351013,"test/presicion_label_納得":0.3330717980861664,"test/accuracy_label_その他":0.6225680708885193,"test/f1score_label_考えている最中":0.16534866392612457,"test/recall_label_考えている最中":1,"test/f1score_label_想起":0.017753763124346733,"test/presicion_label_補完":0.17821010947227478,"test/recall_label_繰り返し応答":0.9988452792167664,"test/f1score_label_繰り返し応答":0.8052129149436951,"test/accuracy_label_想起":0.009727626107633114,"test/accuracy_label_繰り返し応答":0.6743190884590149,"test/accuracy_label_驚きといぶかり":0.8019455075263977,"test/recall_label_納得":0.9929824471473694,"test/multilabelaccuracy":0.4009484350681305,"test/f1score_label_言い換え":0,"test/recall_label_あいづち":0.8950120806694031,"trainer/global_step":0,"test/presicion_label_驚き":0.23934227228164673,"test/presicion_label_不同意":0.05381875857710838,"test/presicion_label_あいづち":0.9699215292930603,"test/presicion_label_想起":0.00895638670772314,"test/recall_label_不同意":0.9714285731315613,"test/recall_label_同意":0.08470846712589264,"test/accuracy_label_言い換え":0.004280155524611473,"test/f1score_label_感心":0.5277612209320068,"test/presicion_label_考えている最中":0.09012538939714432}