{"val_loss": 0.16631972789764404, "val/multilabelaccuracy": 0.89933180809021, "val/multilabelprecision": 0.15035365521907806, "val/multilabelrecall": 0.14802603423595428, "val/multilabelf1score": 0.13518580794334412, "val/multilabelmatthewscorrcoef": 0.6006731986999512, "val/accuracy_label_\u3042\u3044\u3065\u3061": 0.931144654750824, "val/presicion_label_\u3042\u3044\u3065\u3061": 0.93424391746521, "val/recall_label_\u3042\u3044\u3065\u3061": 0.9961510300636292, "val/f1score_label_\u3042\u3044\u3065\u3061": 0.9642047882080078, "val/accuracy_label_\u611f\u5fc3": 0.6231842041015625, "val/presicion_label_\u611f\u5fc3": 0.6238129734992981, "val/recall_label_\u611f\u5fc3": 0.954342246055603, "val/f1score_label_\u611f\u5fc3": 0.7544645667076111, "val/accuracy_label_\u8a55\u4fa1": 0.8812705874443054, "val/presicion_label_\u8a55\u4fa1": 0.1111111119389534, "val/recall_label_\u8a55\u4fa1": 0.0008203445468097925, "val/f1score_label_\u8a55\u4fa1": 0.0016286644386127591, "val/accuracy_label_\u7e70\u308a\u8fd4\u3057\u5fdc\u7b54": 0.7010459303855896, "val/presicion_label_\u7e70\u308a\u8fd4\u3057\u5fdc\u7b54": 0.30202430486679077, "val/recall_label_\u7e70\u308a\u8fd4\u3057\u5fdc\u7b54": 0.14357197284698486, "val/f1score_label_\u7e70\u308a\u8fd4\u3057\u5fdc\u7b54": 0.1946256160736084, "val/accuracy_label_\u540c\u610f": 0.856672465801239, "val/presicion_label_\u540c\u610f": 0.17136150598526, "val/recall_label_\u540c\u610f": 0.06083333492279053, "val/f1score_label_\u540c\u610f": 0.08979089558124542, "val/accuracy_label_\u7d0d\u5f97": 0.9012202024459839, "val/presicion_label_\u7d0d\u5f97": 0.0517241396009922, "val/recall_label_\u7d0d\u5f97": 0.003099173540249467, "val/f1score_label_\u7d0d\u5f97": 0.005847953259944916, "val/accuracy_label_\u9a5a\u304d": 0.9210730195045471, "val/presicion_label_\u9a5a\u304d": 0.06403940916061401, "val/recall_label_\u9a5a\u304d": 0.02037617564201355, "val/f1score_label_\u9a5a\u304d": 0.030915576964616776, "val/accuracy_label_\u8a00\u3044\u63db\u3048": 0.9992252588272095, "val/presicion_label_\u8a00\u3044\u63db\u3048": 0.0, "val/recall_label_\u8a00\u3044\u63db\u3048": 0.0, "val/f1score_label_\u8a00\u3044\u63db\u3048": 0.0, "val/accuracy_label_\u610f\u898b": 0.9661049842834473, "val/presicion_label_\u610f\u898b": 0.0, "val/recall_label_\u610f\u898b": 0.0, "val/f1score_label_\u610f\u898b": 0.0, "val/accuracy_label_\u8003\u3048\u3066\u3044\u308b\u6700\u4e2d": 0.9755955934524536, "val/presicion_label_\u8003\u3048\u3066\u3044\u308b\u6700\u4e2d": 0.0, "val/recall_label_\u8003\u3048\u3066\u3044\u308b\u6700\u4e2d": 0.0, "val/f1score_label_\u8003\u3048\u3066\u3044\u308b\u6700\u4e2d": 0.0, "val/accuracy_label_\u4e0d\u540c\u610f": 0.9858609437942505, "val/presicion_label_\u4e0d\u540c\u610f": 0.0, "val/recall_label_\u4e0d\u540c\u610f": 0.0, "val/f1score_label_\u4e0d\u540c\u610f": 0.0, "val/accuracy_label_\u88dc\u5b8c": 0.870230495929718, "val/presicion_label_\u88dc\u5b8c": 0.038716815412044525, "val/recall_label_\u88dc\u5b8c": 0.06916996091604233, "val/f1score_label_\u88dc\u5b8c": 0.04964539036154747, "val/accuracy_label_\u3042\u3044\u3055\u3064": 0.9747239947319031, "val/presicion_label_\u3042\u3044\u3055\u3064": 0.019138755276799202, "val/recall_label_\u3042\u3044\u3055\u3064": 0.06666667014360428, "val/f1score_label_\u3042\u3044\u3055\u3064": 0.029739776626229286, "val/accuracy_label_\u60f3\u8d77": 0.9946736097335815, "val/presicion_label_\u60f3\u8d77": 0.0, "val/recall_label_\u60f3\u8d77": 0.0, "val/f1score_label_\u60f3\u8d77": 0.0, "val/accuracy_label_\u9a5a\u304d\u3068\u3044\u3076\u304b\u308a": 0.9661049842834473, "val/presicion_label_\u9a5a\u304d\u3068\u3044\u3076\u304b\u308a": 0.0031347961630672216, "val/recall_label_\u9a5a\u304d\u3068\u3044\u3076\u304b\u308a": 0.03030303120613098, "val/f1score_label_\u9a5a\u304d\u3068\u3044\u3076\u304b\u308a": 0.005681818351149559, "val/accuracy_label_\u305d\u306e\u4ed6": 0.8411775827407837, "val/presicion_label_\u305d\u306e\u4ed6": 0.08635097742080688, "val/recall_label_\u305d\u306e\u4ed6": 0.02308265119791031, "val/f1score_label_\u305d\u306e\u4ed6": 0.036427732557058334, "epoch": 3, "trainer/global_step": 175, "_timestamp": 1714445580.0127707, "_runtime": 85.62862277030945, "_step": 10, "train_loss": 0.16620847582817078, "train/multilabelaccuracy": 0.906125009059906, "train/multilabelprecision": 0.17693404853343964, "train/multilabelrecall": 0.16247758269309998, "train/multilabelf1score": 0.15973754227161407, "train/multilabelmatthewscorrcoef": 0.6304447650909424, "train/accuracy_label_\u3042\u3044\u3065\u3061": 0.9300000071525574, "train/presicion_label_\u3042\u3044\u3065\u3061": 0.9298596978187561, "train/recall_label_\u3042\u3044\u3065\u3061": 1.0, "train/f1score_label_\u3042\u3044\u3065\u3061": 0.9636552333831787, "train/accuracy_label_\u611f\u5fc3": 0.6589999794960022, "train/presicion_label_\u611f\u5fc3": 0.6522701978683472, "train/recall_label_\u611f\u5fc3": 0.9561688303947449, "train/f1score_label_\u611f\u5fc3": 0.7755101919174194, "train/accuracy_label_\u8a55\u4fa1": 0.8830000162124634, "train/presicion_label_\u8a55\u4fa1": 0.0, "train/recall_label_\u8a55\u4fa1": 0.0, "train/f1score_label_\u8a55\u4fa1": 0.0, "train/accuracy_label_\u7e70\u308a\u8fd4\u3057\u5fdc\u7b54": 0.718999981880188, "train/presicion_label_\u7e70\u308a\u8fd4\u3057\u5fdc\u7b54": 0.45402297377586365, "train/recall_label_\u7e70\u308a\u8fd4\u3057\u5fdc\u7b54": 0.2981131970882416, "train/f1score_label_\u7e70\u308a\u8fd4\u3057\u5fdc\u7b54": 0.3599088788032532, "train/accuracy_label_\u540c\u610f": 0.8429999947547913, "train/presicion_label_\u540c\u610f": 0.27848100662231445, "train/recall_label_\u540c\u610f": 0.1803278625011444, "train/f1score_label_\u540c\u610f": 0.2189054787158966, "train/accuracy_label_\u7d0d\u5f97": 0.9169999957084656, "train/presicion_label_\u7d0d\u5f97": 0.0, "train/recall_label_\u7d0d\u5f97": 0.0, "train/f1score_label_\u7d0d\u5f97": 0.0, "train/accuracy_label_\u9a5a\u304d": 0.9269999861717224, "train/presicion_label_\u9a5a\u304d": 0.20000000298023224, "train/recall_label_\u9a5a\u304d": 0.046875, "train/f1score_label_\u9a5a\u304d": 0.07594936341047287, "train/accuracy_label_\u8a00\u3044\u63db\u3048": 1.0, "train/presicion_label_\u8a00\u3044\u63db\u3048": 0.0, "train/recall_label_\u8a00\u3044\u63db\u3048": 0.0, "train/f1score_label_\u8a00\u3044\u63db\u3048": 0.0, "train/accuracy_label_\u610f\u898b": 0.9589999914169312, "train/presicion_label_\u610f\u898b": 0.0, "train/recall_label_\u610f\u898b": 0.0, "train/f1score_label_\u610f\u898b": 0.0, "train/accuracy_label_\u8003\u3048\u3066\u3044\u308b\u6700\u4e2d": 0.9769999980926514, "train/presicion_label_\u8003\u3048\u3066\u3044\u308b\u6700\u4e2d": 0.0, "train/recall_label_\u8003\u3048\u3066\u3044\u308b\u6700\u4e2d": 0.0, "train/f1score_label_\u8003\u3048\u3066\u3044\u308b\u6700\u4e2d": 0.0, "train/accuracy_label_\u4e0d\u540c\u610f": 0.9800000190734863, "train/presicion_label_\u4e0d\u540c\u610f": 0.0, "train/recall_label_\u4e0d\u540c\u610f": 0.0, "train/f1score_label_\u4e0d\u540c\u610f": 0.0, "train/accuracy_label_\u88dc\u5b8c": 0.9079999923706055, "train/presicion_label_\u88dc\u5b8c": 0.09756097197532654, "train/recall_label_\u88dc\u5b8c": 0.06779661029577255, "train/f1score_label_\u88dc\u5b8c": 0.07999999821186066, "train/accuracy_label_\u3042\u3044\u3055\u3064": 0.9779999852180481, "train/presicion_label_\u3042\u3044\u3055\u3064": 0.0, "train/recall_label_\u3042\u3044\u3055\u3064": 0.0, "train/f1score_label_\u3042\u3044\u3055\u3064": 0.0, "train/accuracy_label_\u60f3\u8d77": 0.996999979019165, "train/presicion_label_\u60f3\u8d77": 0.0, "train/recall_label_\u60f3\u8d77": 0.0, "train/f1score_label_\u60f3\u8d77": 0.0, "train/accuracy_label_\u9a5a\u304d\u3068\u3044\u3076\u304b\u308a": 0.9779999852180481, "train/presicion_label_\u9a5a\u304d\u3068\u3044\u3076\u304b\u308a": 0.0, "train/recall_label_\u9a5a\u304d\u3068\u3044\u3076\u304b\u308a": 0.0, "train/f1score_label_\u9a5a\u304d\u3068\u3044\u3076\u304b\u308a": 0.0,