{"val_loss": 0.5663543343544006, "val/multilabelaccuracy": 0.731266975402832, "val/multilabelprecision": 0.3340908885002136, "val/multilabelrecall": 0.3362366855144501, "val/multilabelf1score": 0.33497655391693115, "val/multilabelmatthewscorrcoef": 0.5160990357398987, "val/accuracy_label_\u3042\u3044\u3065\u3061": 0.9536784887313843, "val/presicion_label_\u3042\u3044\u3065\u3061": 0.9551820755004883, "val/recall_label_\u3042\u3044\u3065\u3061": 0.9970760345458984, "val/f1score_label_\u3042\u3044\u3065\u3061": 0.9756795167922974, "val/accuracy_label_\u611f\u5fc3": 0.8937329649925232, "val/presicion_label_\u611f\u5fc3": 0.9254658222198486, "val/recall_label_\u611f\u5fc3": 0.9520766735076904, "val/f1score_label_\u611f\u5fc3": 0.9385826587677002, "val/accuracy_label_\u8a55\u4fa1": 0.6376021504402161, "val/presicion_label_\u8a55\u4fa1": 0.0, "val/recall_label_\u8a55\u4fa1": 0.0, "val/f1score_label_\u8a55\u4fa1": 0.0, "val/accuracy_label_\u7e70\u308a\u8fd4\u3057\u5fdc\u7b54": 0.7329699993133545, "val/presicion_label_\u7e70\u308a\u8fd4\u3057\u5fdc\u7b54": 0.7920792102813721, "val/recall_label_\u7e70\u308a\u8fd4\u3057\u5fdc\u7b54": 0.7407407164573669, "val/f1score_label_\u7e70\u308a\u8fd4\u3057\u5fdc\u7b54": 0.7655502557754517, "val/accuracy_label_\u540c\u610f": 0.6457765698432922, "val/presicion_label_\u540c\u610f": 0.0, "val/recall_label_\u540c\u610f": 0.0, "val/f1score_label_\u540c\u610f": 0.0, "val/accuracy_label_\u7d0d\u5f97": 0.7002725005149841, "val/presicion_label_\u7d0d\u5f97": 0.0, "val/recall_label_\u7d0d\u5f97": 0.0, "val/f1score_label_\u7d0d\u5f97": 0.0, "val/accuracy_label_\u9a5a\u304d": 0.7929155230522156, "val/presicion_label_\u9a5a\u304d": 0.0, "val/recall_label_\u9a5a\u304d": 0.0, "val/f1score_label_\u9a5a\u304d": 0.0, "val/accuracy_label_\u305d\u306e\u4ed6": 0.4931880235671997, "val/presicion_label_\u305d\u306e\u4ed6": 0.0, "val/recall_label_\u305d\u306e\u4ed6": 0.0, "val/f1score_label_\u305d\u306e\u4ed6": 0.0, "epoch": 4, "trainer/global_step": 184, "_timestamp": 1705467217.5282373, "_runtime": 98.22573637962341, "_step": 11, "train_loss": 0.5727109313011169, "train/multilabelaccuracy": 0.727489709854126, "train/multilabelprecision": 0.3208208978176117, "train/multilabelrecall": 0.3505282700061798, "train/multilabelf1score": 0.3347877562046051, "train/multilabelmatthewscorrcoef": 0.49494415521621704, "train/accuracy_label_\u3042\u3044\u3065\u3061": 0.957025945186615, "train/presicion_label_\u3042\u3044\u3065\u3061": 0.9582753777503967, "train/recall_label_\u3042\u3044\u3065\u3061": 0.9978276491165161, "train/f1score_label_\u3042\u3044\u3065\u3061": 0.9776516556739807, "train/accuracy_label_\u611f\u5fc3": 0.8635743260383606, "train/presicion_label_\u611f\u5fc3": 0.8888888955116272, "train/recall_label_\u611f\u5fc3": 0.9558101296424866, "train/f1score_label_\u611f\u5fc3": 0.921135663986206, "train/accuracy_label_\u8a55\u4fa1": 0.6405184268951416, "train/presicion_label_\u8a55\u4fa1": 0.0, "train/recall_label_\u8a55\u4fa1": 0.0, "train/f1score_label_\u8a55\u4fa1": 0.0, "train/accuracy_label_\u7e70\u308a\u8fd4\u3057\u5fdc\u7b54": 0.7210095524787903, "train/presicion_label_\u7e70\u308a\u8fd4\u3057\u5fdc\u7b54": 0.7194029688835144, "train/recall_label_\u7e70\u308a\u8fd4\u3057\u5fdc\u7b54": 0.8505882620811462, "train/f1score_label_\u7e70\u308a\u8fd4\u3057\u5fdc\u7b54": 0.7795148491859436, "train/accuracy_label_\u540c\u610f": 0.6773533225059509, "train/presicion_label_\u540c\u610f": 0.0, "train/recall_label_\u540c\u610f": 0.0, "train/f1score_label_\u540c\u610f": 0.0, "train/accuracy_label_\u7d0d\u5f97": 0.7025920748710632, "train/presicion_label_\u7d0d\u5f97": 0.0, "train/recall_label_\u7d0d\u5f97": 0.0, "train/f1score_label_\u7d0d\u5f97": 0.0, "train/accuracy_label_\u9a5a\u304d": 0.7864938378334045, "train/presicion_label_\u9a5a\u304d": 0.0, "train/recall_label_\u9a5a\u304d": 0.0, "train/f1score_label_\u9a5a\u304d": 0.0, "train/accuracy_label_\u305d\u306e\u4ed6": 0.47135061025619507, "train/presicion_label_\u305d\u306e\u4ed6": 0.0, "train/recall_label_\u305d\u306e\u4ed6": 0.0, "train/f1score_label_\u305d\u306e\u4ed6": 0.0, "train/loss": 0.6185073852539062, "test_loss": 0.5675873160362244, "test/multilabelaccuracy": 0.734083890914917, "test/multilabelprecision": 0.3300265669822693, "test/multilabelrecall": 0.34602195024490356, "test/multilabelf1score": 0.3378193974494934, "test/multilabelmatthewscorrcoef": 0.5153113603591919, "test/accuracy_label_\u3042\u3044\u3065\u3061": 0.9503105878829956, "test/presicion_label_\u3042\u3044\u3065\u3061": 0.955974817276001, "test/recall_label_\u3042\u3044\u3065\u3061": 0.9934640526771545, "test/f1score_label_\u3042\u3044\u3065\u3061": 0.9743589758872986, "test/accuracy_label_\u611f\u5fc3": 0.8726708292961121, "test/presicion_label_\u611f\u5fc3": 0.9106529355049133, "test/recall_label_\u611f\u5fc3": 0.9464285969734192, "test/f1score_label_\u611f\u5fc3": 0.928196132183075, "test/accuracy_label_\u8a55\u4fa1": 0.6211180090904236, "test/presicion_label_\u8a55\u4fa1": 0.0, "test/recall_label_\u8a55\u4fa1": 0.0, "test/f1score_label_\u8a55\u4fa1": 0.0, "test/accuracy_label_\u7e70\u308a\u8fd4\u3057\u5fdc\u7b54": 0.7453415989875793, "test/presicion_label_\u7e70\u308a\u8fd4\u3057\u5fdc\u7b54": 0.7735849022865295, "test/recall_label_\u7e70\u308a\u8fd4\u3057\u5fdc\u7b54": 0.8282828330993652, "test/f1score_label_\u7e70\u308a\u8fd4\u3057\u5fdc\u7b54": 0.800000011920929, "test/accuracy_label_\u540c\u610f": 0.6832298040390015, "test/presicion_label_\u540c\u610f": 0.0, "test/recall_label_\u540c\u610f": 0.0, "test/f1score_label_\u540c\u610f": 0.0, "test/accuracy_label_\u7d0d\u5f97": 0.6397515535354614, "test/presicion_label_\u7d0d\u5f97": 0.0, "test/recall_label_\u7d0d\u5f97": 0.0, "test/f1score_label_\u7d0d\u5f97": 0.0, "test/accuracy_label_\u9a5a\u304d": 0.8540372848510742, "test/presicion_label_\u9a5a\u304d": 0.0, "test/recall_label_\u9a5a\u304d": 0.0, "test/f1score_label_\u9a5a\u304d": 0.0, "test/accuracy_label_\u305d\u306e\u4ed6": 0.5062111616134644, "test/presicion_label_\u305d\u306e\u4ed6": 0.0, "test/recall_label_\u305d\u306e\u4ed6": 0.0, "test/f1score_label_\u305d\u306e\u4ed6": 0.0, "_wandb": {"runtime": 98}}