{"train/loss": 0.2608283758163452, "epoch": 3, "trainer/global_step": 1104, "_timestamp": 1717050374.1012907, "_runtime": 875.6222658157349, "_step": 28, "val_loss": 0.25288093090057373, "val/multilabelaccuracy": 0.8892996311187744, "val/multilabelprecision": 0.5532639622688293, "val/multilabelrecall": 0.3125300407409668, "val/multilabelf1score": 0.332743763923645, "val/multilabelmatthewscorrcoef": 0.7061319351196289, "val/accuracy_label_\u3042\u3044\u3065\u3061": 0.9797665476799011, "val/presicion_label_\u3042\u3044\u3065\u3061": 0.9845849871635437, "val/recall_label_\u3042\u3044\u3065\u3061": 0.9948083162307739, "val/f1score_label_\u3042\u3044\u3065\u3061": 0.9896702170372009, "val/accuracy_label_\u611f\u5fc3": 0.9583657383918762, "val/presicion_label_\u611f\u5fc3": 0.9620931148529053, "val/recall_label_\u611f\u5fc3": 0.9936169981956482, "val/f1score_label_\u611f\u5fc3": 0.9776009917259216, "val/accuracy_label_\u8a55\u4fa1": 0.7910506129264832, "val/presicion_label_\u8a55\u4fa1": 0.7372061014175415, "val/recall_label_\u8a55\u4fa1": 0.605681836605072, "val/f1score_label_\u8a55\u4fa1": 0.6650031208992004, "val/accuracy_label_\u7e70\u308a\u8fd4\u3057\u5fdc\u7b54": 0.7544746994972229, "val/presicion_label_\u7e70\u308a\u8fd4\u3057\u5fdc\u7b54": 0.8050724864006042, "val/recall_label_\u7e70\u308a\u8fd4\u3057\u5fdc\u7b54": 0.754243016242981, "val/f1score_label_\u7e70\u308a\u8fd4\u3057\u5fdc\u7b54": 0.7788292765617371, "val/accuracy_label_\u540c\u610f": 0.808560311794281, "val/presicion_label_\u540c\u610f": 0.6957831382751465, "val/recall_label_\u540c\u610f": 0.6143617033958435, "val/f1score_label_\u540c\u610f": 0.6525423526763916, "val/accuracy_label_\u7d0d\u5f97": 0.7307392954826355, "val/presicion_label_\u7d0d\u5f97": 0.6868686676025391, "val/recall_label_\u7d0d\u5f97": 0.09327846020460129, "val/f1score_label_\u7d0d\u5f97": 0.1642512083053589, "val/accuracy_label_\u9a5a\u304d": 0.848638117313385, "val/presicion_label_\u9a5a\u304d": 0.7383177280426025, "val/recall_label_\u9a5a\u304d": 0.17954544723033905, "val/f1score_label_\u9a5a\u304d": 0.28884825110435486, "val/accuracy_label_\u8a00\u3044\u63db\u3048": 1.0, "val/presicion_label_\u8a00\u3044\u63db\u3048": 0.0, "val/recall_label_\u8a00\u3044\u63db\u3048": 0.0, "val/f1score_label_\u8a00\u3044\u63db\u3048": 0.0, "val/accuracy_label_\u610f\u898b": 0.8832684755325317, "val/presicion_label_\u610f\u898b": 1.0, "val/recall_label_\u610f\u898b": 0.009900989942252636, "val/f1score_label_\u610f\u898b": 0.019607843831181526, "val/accuracy_label_\u8003\u3048\u3066\u3044\u308b\u6700\u4e2d": 0.9346303343772888, "val/presicion_label_\u8003\u3048\u3066\u3044\u308b\u6700\u4e2d": 0.0, "val/recall_label_\u8003\u3048\u3066\u3044\u308b\u6700\u4e2d": 0.0, "val/f1score_label_\u8003\u3048\u3066\u3044\u308b\u6700\u4e2d": 0.0, "val/accuracy_label_\u4e0d\u540c\u610f": 0.9568093419075012, "val/presicion_label_\u4e0d\u540c\u610f": 0.625, "val/recall_label_\u4e0d\u540c\u610f": 0.044247787445783615, "val/f1score_label_\u4e0d\u540c\u610f": 0.08264462649822235, "val/accuracy_label_\u88dc\u5b8c": 0.8657587766647339, "val/presicion_label_\u88dc\u5b8c": 0.0, "val/recall_label_\u88dc\u5b8c": 0.0, "val/f1score_label_\u88dc\u5b8c": 0.0, "val/accuracy_label_\u3042\u3044\u3055\u3064": 0.9743190407752991, "val/presicion_label_\u3042\u3044\u3055\u3064": 1.0, "val/recall_label_\u3042\u3044\u3055\u3064": 0.029411764815449715, "val/f1score_label_\u3042\u3044\u3055\u3064": 0.05714285746216774, "val/accuracy_label_\u60f3\u8d77": 0.991439700126648, "val/presicion_label_\u60f3\u8d77": 0.0, "val/recall_label_\u60f3\u8d77": 0.0, "val/f1score_label_\u60f3\u8d77": 0.0, "val/accuracy_label_\u9a5a\u304d\u3068\u3044\u3076\u304b\u308a": 0.9926069974899292, "val/presicion_label_\u9a5a\u304d\u3068\u3044\u3076\u304b\u308a": 0.0, "val/recall_label_\u9a5a\u304d\u3068\u3044\u3076\u304b\u308a": 0.0, "val/f1score_label_\u9a5a\u304d\u3068\u3044\u3076\u304b\u308a": 0.0, "val/accuracy_label_\u305d\u306e\u4ed6": 0.7583657503128052, "val/presicion_label_\u305d\u306e\u4ed6": 0.6172972917556763, "val/recall_label_\u305d\u306e\u4ed6": 0.681384265422821, "val/f1score_label_\u305d\u306e\u4ed6": 0.6477594971656799, "train_loss": 0.2810172140598297, "train/multilabelaccuracy": 0.8766779899597168, "train/multilabelprecision": 0.5720645189285278, "train/multilabelrecall": 0.27693668007850647, "train/multilabelf1score": 0.3018958866596222, "train/multilabelmatthewscorrcoef": 0.6701498031616211, "train/accuracy_label_\u3042\u3044\u3065\u3061": 0.9785992503166199, "train/presicion_label_\u3042\u3044\u3065\u3061": 0.9815215468406677, "train/recall_label_\u3042\u3044\u3065\u3061": 0.996805727481842, "train/f1score_label_\u3042\u3044\u3065\u3061": 0.9891045689582825, "train/accuracy_label_\u611f\u5fc3": 0.9459143877029419, "train/presicion_label_\u611f\u5fc3": 0.9525667428970337, "train/recall_label_\u611f\u5fc3": 0.9899701476097107, "train/f1score_label_\u611f\u5fc3": 0.9709083437919617, "train/accuracy_label_\u8a55\u4fa1": 0.7377431988716125, "train/presicion_label_\u8a55\u4fa1": 0.6554424166679382, "train/recall_label_\u8a55\u4fa1": 0.4796561598777771, "train/f1score_label_\u8a55\u4fa1": 0.5539377927780151, "train/accuracy_label_\u7e70\u308a\u8fd4\u3057\u5fdc\u7b54": 0.7147859930992126, "train/presicion_label_\u7e70\u308a\u8fd4\u3057\u5fdc\u7b54": 0.7392971515655518, "train/recall_label_\u7e70\u308a\u8fd4\u3057\u5fdc\u7b54": 0.780701756477356, "train/f1score_label_\u7e70\u308a\u8fd4\u3057\u5fdc\u7b54": 0.7594355344772339, "train/accuracy_label_\u540c\u610f": 0.7752918004989624, "train/presicion_label_\u540c\u610f": 0.649692714214325, "train/recall_label_\u540c\u610f": 0.4946524202823639, "train/f1score_label_\u540c\u610f": 0.5616698265075684, "train/accuracy_label_\u7d0d\u5f97": 0.7303501963615417, "train/presicion_label_\u7d0d\u5f97": 0.5387755036354065, "train/recall_label_\u7d0d\u5f97": 0.18539325892925262, "train/f1score_label_\u7d0d\u5f97": 0.27586206793785095, "train/accuracy_label_\u9a5a\u304d": 0.8268482685089111, "train/presicion_label_\u9a5a\u304d": 0.6103895902633667, "train/recall_label_\u9a5a\u304d": 0.05181918293237686, "train/f1score_label_\u9a5a\u304d": 0.09552845358848572, "train/accuracy_label_\u8a00\u3044\u63db\u3048": 1.0, "train/presicion_label_\u8a00\u3044\u63db\u3048": 0.0, "train/recall_label_\u8a00\u3044\u63db\u3048": 0.0, "train/f1score_label_\u8a00\u3044\u63db\u3048": 0.0, "train/accuracy_label_\u610f\u898b": 0.8778210282325745, "train/presicion_label_\u610f\u898b": 1.0, "train/recall_label_\u610f\u898b": 0.004754357971251011, "train/f1score_label_\u610f\u898b": 0.009463722817599773, "train/accuracy_label_\u8003\u3048\u3066\u3044\u308b\u6700\u4e2d": 0.9334630370140076, "train/presicion_label_\u8003\u3048\u3066\u3044\u308b\u6700\u4e2d": 0.0, "train/recall_label_\u8003\u3048\u3066\u3044\u308b\u6700\u4e2d": 0.0, "train/f1score_label_\u8003\u3048\u3066\u3044\u308b\u6700\u4e2d": 0.0, "train/accuracy_label_\u4e0d\u540c\u610f": 0.9577820897102356, "train/presicion_label_\u4e0d\u540c\u610f": 0.9090909361839294, "train/recall_label_\u4e0d\u540c\u610f": 0.044247787445783615, "train/f1score_label_\u4e0d\u540c\u610f": 0.08438818901777267, "train/accuracy_label_\u88dc\u5b8c": 0.8649805188179016, "train/presicion_label_\u88dc\u5b8c": 0.0, "train/recall_label_\u88dc\u5b8c": 0.0, "train/f1score_label_\u88dc\u5b8c": 0.0, "train/accuracy_label_\u3042\u3044\u3055\u3064": 0.9723735451698303, "train/presicion_label_\u3042\u3044\u3055\u3064": 1.0, "train/recall_label_\u3042\u3044\u3055\u3064": 0.00699300691485405, "train/f1score_label_\u3042\u3044\u3055\u3064": 0.013888888992369175, "train/accuracy_label_\u60f3\u8d77": 0.9920233488082886, "train/presicion_label_\u60f3\u8d77": 0.0, "train/recall_label_\u60f3\u8d77": 0.0,