{"val_loss": 0.5818613767623901, "val/binaryaccuracy": 0.800000011920929, "val/binaryprecision": 0.800000011920929, "val/binaryrecall": 1.0, "val/binaryf1score": 0.8888888955116272, "val/binarymatthewscorrcoef": 0.6708203554153442, "epoch": 0, "trainer/global_step": 12, "_timestamp": 1693927743.9274485, "_runtime": 612.3977944850922, "_step": 1, "train_loss": 0.6212297081947327, "train/binaryaccuracy": 0.8627451062202454, "train/binaryprecision": 0.892307698726654, "train/binaryrecall": 0.9613259434700012, "train/binaryf1score": 0.9255319237709045, "train/binarymatthewscorrcoef": 0.07436255365610123}