{"val_loss": 0.6915180683135986, "val/multilabelaccuracy": 0.9179878234863281, "val/multilabelprecision": 0.4953846037387848, "val/multilabelrecall": 0.6052631735801697, "val/multilabelf1score": 0.5448392629623413, "val/multilabelmatthewscorrcoef": 0.5032985806465149, "epoch": 0, "trainer/global_step": 25, "_timestamp": 1700629743.4107313, "_runtime": 43.355194330215454, "_step": 0, "_wandb": {"runtime": 43}}