{"val_loss": 0.5242027640342712, "val/binaryaccuracy": 0.7804877758026123, "val/binaryprecision": 0.7804877758026123, "val/binaryrecall": 1.0, "val/binaryf1score": 0.8767123222351074, "val/binarymatthewscorrcoef": 0.21166041493415833, "epoch": 3, "trainer/global_step": 43, "_timestamp": 1693979797.0393968, "_runtime": 2729.478183746338, "_step": 8, "train_loss": 0.39505717158317566, "train/binaryaccuracy": 0.907975435256958, "train/binaryprecision": 0.907975435256958, "train/binaryrecall": 1.0, "train/binaryf1score": 0.9517685174942017, "train/binarymatthewscorrcoef": 0.2210962176322937, "test/confusion_matrix_table": {"_type": "table-file", "sha256": "f87a73ac9428a229c5cec4be100496c34cdb4854c6014b5536a44988169b1ac1", "size": 315, "artifact_path": "wandb-client-artifact://6g4mc6qv9otcrkzy1282zdbsbzksay0zc216xm7h5jz9r39zoc9edjq362nsc3jf9qwy3va0xchny6w7dpsbqkq0qrfkcc0s1nwxmijperrsnj1fdr1550rpm4k930ad:latest/test/confusion_matrix_table.table.json", "_latest_artifact_path": "wandb-client-artifact://6g4mc6qv9otcrkzy1282zdbsbzksay0zc216xm7h5jz9r39zoc9edjq362nsc3jf9qwy3va0xchny6w7dpsbqkq0qrfkcc0s1nwxmijperrsnj1fdr1550rpm4k930ad:latest/test/confusion_matrix_table.table.json", "path": "media/table/test/confusion_matrix_table_8_f87a73ac9428a229c5ce.table.json", "ncols": 3, "nrows": 4}, "_wandb": {"runtime": 2729}}