{"train/loss": 0.15923577547073364, "epoch": 8, "trainer/global_step": 736, "_timestamp": 1705565203.847238, "_runtime": 186.93218898773193, "_step": 30, "val_loss": 0.15812519192695618, "val/multilabelaccuracy": 0.625, "val/multilabelprecision": 0.29122161865234375, "val/multilabelrecall": 0.30765849351882935, "val/multilabelf1score": 0.2892780900001526, "val/multilabelmatthewscorrcoef": 0.3013911545276642, "val/accuracy_label_\u3042\u3044\u3065\u3061": 0.9536784887313843, "val/presicion_label_\u3042\u3044\u3065\u3061": 0.9551820755004883, "val/recall_label_\u3042\u3044\u3065\u3061": 0.9970760345458984, "val/f1score_label_\u3042\u3044\u3065\u3061": 0.9756795167922974, "val/accuracy_label_\u611f\u5fc3": 0.14713896811008453, "val/presicion_label_\u611f\u5fc3": 0.0, "val/recall_label_\u611f\u5fc3": 0.0, "val/f1score_label_\u611f\u5fc3": 0.0, "val/accuracy_label_\u8a55\u4fa1": 0.6376021504402161, "val/presicion_label_\u8a55\u4fa1": 0.0, "val/recall_label_\u8a55\u4fa1": 0.0, "val/f1score_label_\u8a55\u4fa1": 0.0, "val/accuracy_label_\u7e70\u308a\u8fd4\u3057\u5fdc\u7b54": 0.41144412755966187, "val/presicion_label_\u7e70\u308a\u8fd4\u3057\u5fdc\u7b54": 0.0, "val/recall_label_\u7e70\u308a\u8fd4\u3057\u5fdc\u7b54": 0.0, "val/f1score_label_\u7e70\u308a\u8fd4\u3057\u5fdc\u7b54": 0.0, "val/accuracy_label_\u540c\u610f": 0.7111716866493225, "val/presicion_label_\u540c\u610f": 0.5869565010070801, "val/recall_label_\u540c\u610f": 0.6230769157409668, "val/f1score_label_\u540c\u610f": 0.60447758436203, "val/accuracy_label_\u7d0d\u5f97": 0.7002725005149841, "val/presicion_label_\u7d0d\u5f97": 0.0, "val/recall_label_\u7d0d\u5f97": 0.0, "val/f1score_label_\u7d0d\u5f97": 0.0, "val/accuracy_label_\u9a5a\u304d": 0.7820163369178772, "val/presicion_label_\u9a5a\u304d": 0.1666666716337204, "val/recall_label_\u9a5a\u304d": 0.01315789483487606, "val/f1score_label_\u9a5a\u304d": 0.024390242993831635, "val/accuracy_label_\u8a00\u3044\u63db\u3048": 0.6566757559776306, "val/presicion_label_\u8a00\u3044\u63db\u3048": 0.6209677457809448, "val/recall_label_\u8a00\u3044\u63db\u3048": 0.8279569745063782, "val/f1score_label_\u8a00\u3044\u63db\u3048": 0.7096773982048035, "train_loss": 0.15704108774662018, "train/multilabelaccuracy": 0.6410300135612488, "train/multilabelprecision": 0.32333076000213623, "train/multilabelrecall": 0.3084571957588196, "train/multilabelf1score": 0.2984717786312103, "train/multilabelmatthewscorrcoef": 0.33805716037750244, "train/accuracy_label_\u3042\u3044\u3065\u3061": 0.957025945186615, "train/presicion_label_\u3042\u3044\u3065\u3061": 0.9595537185668945, "train/recall_label_\u3042\u3044\u3065\u3061": 0.9963794350624084, "train/f1score_label_\u3042\u3044\u3065\u3061": 0.9776198863983154, "train/accuracy_label_\u611f\u5fc3": 0.16643929481506348, "train/presicion_label_\u611f\u5fc3": 0.0, "train/recall_label_\u611f\u5fc3": 0.0, "train/f1score_label_\u611f\u5fc3": 0.0, "train/accuracy_label_\u8a55\u4fa1": 0.639836311340332, "train/presicion_label_\u8a55\u4fa1": 0.0, "train/recall_label_\u8a55\u4fa1": 0.0, "train/f1score_label_\u8a55\u4fa1": 0.0, "train/accuracy_label_\u7e70\u308a\u8fd4\u3057\u5fdc\u7b54": 0.4201909899711609, "train/presicion_label_\u7e70\u308a\u8fd4\u3057\u5fdc\u7b54": 0.0, "train/recall_label_\u7e70\u308a\u8fd4\u3057\u5fdc\u7b54": 0.0, "train/f1score_label_\u7e70\u308a\u8fd4\u3057\u5fdc\u7b54": 0.0, "train/accuracy_label_\u540c\u610f": 0.7339699864387512, "train/presicion_label_\u540c\u610f": 0.5949656963348389, "train/recall_label_\u540c\u610f": 0.5496828556060791, "train/f1score_label_\u540c\u610f": 0.5714285969734192, "train/accuracy_label_\u7d0d\u5f97": 0.7032741904258728, "train/presicion_label_\u7d0d\u5f97": 0.0, "train/recall_label_\u7d0d\u5f97": 0.0, "train/f1score_label_\u7d0d\u5f97": 0.0, "train/accuracy_label_\u9a5a\u304d": 0.7796725630760193, "train/presicion_label_\u9a5a\u304d": 0.34375, "train/recall_label_\u9a5a\u304d": 0.03514377027750015, "train/f1score_label_\u9a5a\u304d": 0.06376811861991882, "train/accuracy_label_\u8a00\u3044\u63db\u3048": 0.7278308272361755, "train/presicion_label_\u8a00\u3044\u63db\u3048": 0.6883767247200012, "train/recall_label_\u8a00\u3044\u63db\u3048": 0.8864516019821167, "train/f1score_label_\u8a00\u3044\u63db\u3048": 0.7749577164649963, "test_loss": 0.15907980501651764, "test/multilabelaccuracy": 0.6086956262588501, "test/multilabelprecision": 0.2694701552391052, "test/multilabelrecall": 0.3349446952342987, "test/multilabelf1score": 0.289522260427475, "test/multilabelmatthewscorrcoef": 0.25728273391723633, "test/accuracy_label_\u3042\u3044\u3065\u3061": 0.9503105878829956, "test/presicion_label_\u3042\u3044\u3065\u3061": 0.955974817276001, "test/recall_label_\u3042\u3044\u3065\u3061": 0.9934640526771545, "test/f1score_label_\u3042\u3044\u3065\u3061": 0.9743589758872986, "test/accuracy_label_\u611f\u5fc3": 0.1304347813129425, "test/presicion_label_\u611f\u5fc3": 0.0, "test/recall_label_\u611f\u5fc3": 0.0, "test/f1score_label_\u611f\u5fc3": 0.0, "test/accuracy_label_\u8a55\u4fa1": 0.6211180090904236, "test/presicion_label_\u8a55\u4fa1": 0.0, "test/recall_label_\u8a55\u4fa1": 0.0, "test/f1score_label_\u8a55\u4fa1": 0.0, "test/accuracy_label_\u7e70\u308a\u8fd4\u3057\u5fdc\u7b54": 0.38509318232536316, "test/presicion_label_\u7e70\u308a\u8fd4\u3057\u5fdc\u7b54": 0.0, "test/recall_label_\u7e70\u308a\u8fd4\u3057\u5fdc\u7b54": 0.0, "test/f1score_label_\u7e70\u308a\u8fd4\u3057\u5fdc\u7b54": 0.0, "test/accuracy_label_\u540c\u610f": 0.6614906787872314, "test/presicion_label_\u540c\u610f": 0.4790419042110443, "test/recall_label_\u540c\u610f": 0.7843137383460999, "test/f1score_label_\u540c\u610f": 0.5947955250740051, "test/accuracy_label_\u7d0d\u5f97": 0.6397515535354614, "test/presicion_label_\u7d0d\u5f97": 0.0, "test/recall_label_\u7d0d\u5f97": 0.0, "test/f1score_label_\u7d0d\u5f97": 0.0, "test/accuracy_label_\u9a5a\u304d": 0.8354037404060364, "test/presicion_label_\u9a5a\u304d": 0.125, "test/recall_label_\u9a5a\u304d": 0.021276595070958138, "test/f1score_label_\u9a5a\u304d": 0.036363635212183, "test/accuracy_label_\u8a00\u3044\u63db\u3048": 0.6459627151489258, "test/presicion_label_\u8a00\u3044\u63db\u3048": 0.5957446694374084, "test/recall_label_\u8a00\u3044\u63db\u3048": 0.8805031180381775, "test/f1score_label_\u8a00\u3044\u63db\u3048": 0.710659921169281, "_wandb": {"runtime": 187}}