{"train/loss": 0.6862585544586182, "epoch": 1, "trainer/global_step": 699, "_timestamp": 1700104925.4462717, "_runtime": 1070.5143465995789, "_step": 15, "val_loss": 0.6878186464309692, "val/binaryaccuracy": 0.9414518475532532, "val/binaryprecision": 0.6891367435455322, "val/binaryrecall": 0.4458039104938507, "val/binaryf1score": 0.5413848757743835, "val/binarymatthewscorrcoef": 0.5255246162414551, "train_loss": 0.6886284947395325, "train/binaryaccuracy": 0.9349976778030396, "train/binaryprecision": 0.6063197255134583, "train/binaryrecall": 0.45677024126052856, "train/binaryf1score": 0.521026074886322, "train/binarymatthewscorrcoef": 0.4925236105918884, "_wandb": {"runtime": 1085}}