{"val_loss": 0.6931642293930054, "val/multilabelaccuracy": 0.915243923664093, "val/multilabelprecision": 0.4117647111415863, "val/multilabelrecall": 0.10526315867900848, "val/multilabelf1score": 0.16766467690467834, "val/multilabelmatthewscorrcoef": 0.17624594271183014, "epoch": 1, "trainer/global_step": 46, "_timestamp": 1701830906.2315028, "_runtime": 79.85507273674011, "_step": 2, "train_loss": 0.6994633078575134, "test_loss": 0.6928895711898804, "test/multilabelaccuracy": 0.9228515625, "test/multilabelprecision": 0.6909090876579285, "test/multilabelrecall": 0.21229049563407898, "test/multilabelf1score": 0.32478633522987366, "test/multilabelmatthewscorrcoef": 0.3549838662147522, "_wandb": {"runtime": 79}}