{"val_loss": 0.688492476940155, "val/multilabelaccuracy": 0.9393292665481567, "val/multilabelprecision": 0.6334661245346069, "val/multilabelrecall": 0.597744345664978, "val/multilabelf1score": 0.6150870323181152, "val/multilabelmatthewscorrcoef": 0.5824753642082214, "epoch": 4, "trainer/global_step": 104, "_timestamp": 1701917816.8395226, "_runtime": 196.6951026916504, "_step": 10, "train_loss": 0.6892328858375549, "train/multilabelaccuracy": 0.9350579977035522, "train/multilabelprecision": 0.6019230484962463, "train/multilabelrecall": 0.5888993144035339, "train/multilabelf1score": 0.5953400135040283, "train/multilabelmatthewscorrcoef": 0.5600802302360535, "train/accuracy_label_0": 0.642246663570404, "train/presicion_label_0": 0.6418092846870422, "train/recall_label_0": 1.0, "train/f1score_label_0": 0.7818317413330078, "train/accuracy_label_1": 0.6862027049064636, "train/presicion_label_1": 0.49753695726394653, "train/recall_label_1": 0.39453125, "train/f1score_label_1": 0.44008713960647583, "train/accuracy_label_2": 0.9218559265136719, "train/presicion_label_2": 0.0, "train/recall_label_2": 0.0, "train/f1score_label_2": 0.0, "train/accuracy_label_3": 0.9645909667015076, "train/presicion_label_3": 0.0, "train/recall_label_3": 0.0, "train/f1score_label_3": 0.0, "train/accuracy_label_4": 0.9157509207725525, "train/presicion_label_4": 0.0, "train/recall_label_4": 0.0, "train/f1score_label_4": 0.0, "train/accuracy_label_5": 0.9633699655532837, "train/presicion_label_5": 0.0, "train/recall_label_5": 0.0, "train/f1score_label_5": 0.0, "train/accuracy_label_6": 0.9682539701461792, "train/presicion_label_6": 0.0, "train/recall_label_6": 0.0, "train/f1score_label_6": 0.0, "train/accuracy_label_7": 0.9951159954071045, "train/presicion_label_7": 0.0, "train/recall_label_7": 0.0, "train/f1score_label_7": 0.0, "train/accuracy_label_8": 0.9816849827766418, "train/presicion_label_8": 0.0, "train/recall_label_8": 0.0, "train/f1score_label_8": 0.0, "train/accuracy_label_9": 0.9926739931106567, "train/presicion_label_9": 0.0, "train/recall_label_9": 0.0, "train/f1score_label_9": 0.0, "train/accuracy_label_10": 0.9987789988517761, "train/presicion_label_10": 0.0, "train/recall_label_10": 0.0, "train/f1score_label_10": 0.0, "train/accuracy_label_11": 0.9865689873695374, "train/presicion_label_11": 0.0, "train/recall_label_11": 0.0, "train/f1score_label_11": 0.0, "train/accuracy_label_12": 0.9987789988517761, "train/presicion_label_12": 0.0, "train/recall_label_12": 0.0, "train/f1score_label_12": 0.0, "train/accuracy_label_13": 0.9938949942588806, "train/presicion_label_13": 0.0, "train/recall_label_13": 0.0, "train/f1score_label_13": 0.0, "train/accuracy_label_14": 0.9987789988517761, "train/presicion_label_14": 0.0, "train/recall_label_14": 0.0, "train/f1score_label_14": 0.0, "train/accuracy_label_15": 0.9523809552192688, "train/presicion_label_15": 0.0, "train/recall_label_15": 0.0, "train/f1score_label_15": 0.0, "train/loss": 0.6918964385986328, "test_loss": 0.6904934644699097, "test/multilabelaccuracy": 0.923828125, "test/multilabelprecision": 0.57419353723526, "test/multilabelrecall": 0.4972067177295685, "test/multilabelf1score": 0.5329341292381287, "test/multilabelmatthewscorrcoef": 0.49321022629737854, "_wandb": {"runtime": 196}}