{"val_loss": 0.6888290047645569, "val/multilabelaccuracy": 0.9396341443061829, "val/multilabelprecision": 0.6666666865348816, "val/multilabelrecall": 0.5112782120704651, "val/multilabelf1score": 0.5787234306335449, "val/multilabelmatthewscorrcoef": 0.5524099469184875, "epoch": 3, "trainer/global_step": 103, "_timestamp": 1701918901.6528141, "_runtime": 178.83879613876343, "_step": 9, "train_loss": 0.6896224021911621, "train/multilabelaccuracy": 0.9318528771400452, "train/multilabelprecision": 0.5972539782524109, "train/multilabelrecall": 0.49106302857398987, "train/multilabelf1score": 0.5389778017997742, "train/multilabelmatthewscorrcoef": 0.5053718686103821, "train/accuracy_label_0": 0.642246663570404, "train/presicion_label_0": 0.6432098746299744, "train/recall_label_0": 0.9923809766769409, "train/f1score_label_0": 0.7805243730545044, "train/accuracy_label_1": 0.6874237060546875, "train/presicion_label_1": 0.0, "train/recall_label_1": 0.0, "train/f1score_label_1": 0.0, "train/accuracy_label_2": 0.9157509207725525, "train/presicion_label_2": 0.0, "train/recall_label_2": 0.0, "train/f1score_label_2": 0.0, "train/accuracy_label_3": 0.9584859609603882, "train/presicion_label_3": 0.0, "train/recall_label_3": 0.0, "train/f1score_label_3": 0.0, "train/accuracy_label_4": 0.9133089184761047, "train/presicion_label_4": 0.0, "train/recall_label_4": 0.0, "train/f1score_label_4": 0.0, "train/accuracy_label_5": 0.9658119678497314, "train/presicion_label_5": 0.0, "train/recall_label_5": 0.0, "train/f1score_label_5": 0.0, "train/accuracy_label_6": 0.9597069621086121, "train/presicion_label_6": 0.0, "train/recall_label_6": 0.0, "train/f1score_label_6": 0.0, "train/accuracy_label_7": 0.9914529919624329, "train/presicion_label_7": 0.0, "train/recall_label_7": 0.0, "train/f1score_label_7": 0.0, "train/accuracy_label_8": 0.970695972442627, "train/presicion_label_8": 0.0, "train/recall_label_8": 0.0, "train/f1score_label_8": 0.0, "train/accuracy_label_9": 0.9926739931106567, "train/presicion_label_9": 0.0, "train/recall_label_9": 0.0, "train/f1score_label_9": 0.0, "train/accuracy_label_10": 0.9951159954071045, "train/presicion_label_10": 0.0, "train/recall_label_10": 0.0, "train/f1score_label_10": 0.0, "train/accuracy_label_11": 0.9890109896659851, "train/presicion_label_11": 0.0, "train/recall_label_11": 0.0, "train/f1score_label_11": 0.0, "train/accuracy_label_12": 1.0, "train/presicion_label_12": 0.0, "train/recall_label_12": 0.0, "train/f1score_label_12": 0.0, "train/accuracy_label_13": 0.9975579977035522, "train/presicion_label_13": 0.0, "train/recall_label_13": 0.0, "train/f1score_label_13": 0.0, "train/accuracy_label_14": 0.9951159954071045, "train/presicion_label_14": 0.0, "train/recall_label_14": 0.0, "train/f1score_label_14": 0.0, "train/accuracy_label_15": 0.9352869391441345, "train/presicion_label_15": 0.05882352963089943, "train/recall_label_15": 0.02631578966975212, "train/f1score_label_15": 0.036363635212183, "train/loss": 0.6924096345901489, "_wandb": {"runtime": 183}}