{"val_loss": 0.5456798076629639, "val/multilabelaccuracy": 0.7271798253059387, "val/multilabelprecision": 0.5066100358963013, "val/multilabelrecall": 0.673306405544281, "val/multilabelf1score": 0.5724148750305176, "val/multilabelmatthewscorrcoef": 0.4575137794017792, "val/accuracy_label_\u3042\u3044\u3065\u3061": 0.9509536623954773, "val/presicion_label_\u3042\u3044\u3065\u3061": 0.9525139927864075, "val/recall_label_\u3042\u3044\u3065\u3061": 0.9970760345458984, "val/f1score_label_\u3042\u3044\u3065\u3061": 0.9742857217788696, "val/accuracy_label_\u611f\u5fc3": 0.8801090121269226, "val/presicion_label_\u611f\u5fc3": 0.8767507076263428, "val/recall_label_\u611f\u5fc3": 1.0, "val/f1score_label_\u611f\u5fc3": 0.9343283772468567, "val/accuracy_label_\u8a55\u4fa1": 0.6158038377761841, "val/presicion_label_\u8a55\u4fa1": 0.0, "val/recall_label_\u8a55\u4fa1": 0.0, "val/f1score_label_\u8a55\u4fa1": 0.0, "val/accuracy_label_\u7e70\u308a\u8fd4\u3057\u5fdc\u7b54": 0.667574942111969, "val/presicion_label_\u7e70\u308a\u8fd4\u3057\u5fdc\u7b54": 0.639053225517273, "val/recall_label_\u7e70\u308a\u8fd4\u3057\u5fdc\u7b54": 1.0, "val/f1score_label_\u7e70\u308a\u8fd4\u3057\u5fdc\u7b54": 0.7797833681106567, "val/accuracy_label_\u540c\u610f": 0.6539509296417236, "val/presicion_label_\u540c\u610f": 0.5073891878128052, "val/recall_label_\u540c\u610f": 0.7923076748847961, "val/f1score_label_\u540c\u610f": 0.6186186075210571, "val/accuracy_label_\u7d0d\u5f97": 0.7356948256492615, "val/presicion_label_\u7d0d\u5f97": 0.5503876209259033, "val/recall_label_\u7d0d\u5f97": 0.6454545259475708, "val/f1score_label_\u7d0d\u5f97": 0.5941422581672668, "val/accuracy_label_\u9a5a\u304d": 0.7711171507835388, "val/presicion_label_\u9a5a\u304d": 0.0, "val/recall_label_\u9a5a\u304d": 0.0, "val/f1score_label_\u9a5a\u304d": 0.0, "val/accuracy_label_\u8a00\u3044\u63db\u3048": 0.5422343611717224, "val/presicion_label_\u8a00\u3044\u63db\u3048": 0.5267857313156128, "val/recall_label_\u8a00\u3044\u63db\u3048": 0.9516128897666931, "val/f1score_label_\u8a00\u3044\u63db\u3048": 0.6781609058380127, "epoch": 4, "trainer/global_step": 184, "_timestamp": 1705459266.2442877, "_runtime": 103.09646081924438, "_step": 11, "train_loss": 0.5501511096954346, "train/multilabelaccuracy": 0.710351288318634, "train/multilabelprecision": 0.5195275545120239, "train/multilabelrecall": 0.6859579682350159, "train/multilabelf1score": 0.5626876354217529, "train/multilabelmatthewscorrcoef": 0.4277172088623047, "train/accuracy_label_\u3042\u3044\u3065\u3061": 0.9488403797149658, "train/presicion_label_\u3042\u3044\u3065\u3061": 0.9503448009490967, "train/recall_label_\u3042\u3044\u3065\u3061": 0.9978276491165161, "train/f1score_label_\u3042\u3044\u3065\u3061": 0.9735075831413269, "train/accuracy_label_\u611f\u5fc3": 0.8437926173210144, "train/presicion_label_\u611f\u5fc3": 0.8445523977279663, "train/recall_label_\u611f\u5fc3": 0.9959083199501038, "train/f1score_label_\u611f\u5fc3": 0.914006769657135, "train/accuracy_label_\u8a55\u4fa1": 0.6350613832473755, "train/presicion_label_\u8a55\u4fa1": 0.25, "train/recall_label_\u8a55\u4fa1": 0.007590132765471935, "train/f1score_label_\u8a55\u4fa1": 0.014732965268194675, "train/accuracy_label_\u7e70\u308a\u8fd4\u3057\u5fdc\u7b54": 0.6357434988021851, "train/presicion_label_\u7e70\u308a\u8fd4\u3057\u5fdc\u7b54": 0.6144927740097046, "train/recall_label_\u7e70\u308a\u8fd4\u3057\u5fdc\u7b54": 0.9976470470428467, "train/f1score_label_\u7e70\u308a\u8fd4\u3057\u5fdc\u7b54": 0.7605381011962891, "train/accuracy_label_\u540c\u610f": 0.6493861079216003, "train/presicion_label_\u540c\u610f": 0.4713286757469177, "train/recall_label_\u540c\u610f": 0.7124735713005066, "train/f1score_label_\u540c\u610f": 0.567340075969696, "train/accuracy_label_\u7d0d\u5f97": 0.6302865147590637, "train/presicion_label_\u7d0d\u5f97": 0.43253466486930847, "train/recall_label_\u7d0d\u5f97": 0.7885057330131531, "train/f1score_label_\u7d0d\u5f97": 0.5586318969726562, "train/accuracy_label_\u9a5a\u304d": 0.7714870572090149, "train/presicion_label_\u9a5a\u304d": 0.0416666679084301, "train/recall_label_\u9a5a\u304d": 0.00319488812237978, "train/f1score_label_\u9a5a\u304d": 0.005934718064963818, "train/accuracy_label_\u8a00\u3044\u63db\u3048": 0.5682128071784973, "train/presicion_label_\u8a00\u3044\u63db\u3048": 0.551300585269928, "train/recall_label_\u8a00\u3044\u63db\u3048": 0.9845161437988281, "train/f1score_label_\u8a00\u3044\u63db\u3048": 0.7068086862564087, "train/loss": 0.5499904155731201, "test_loss": 0.5442721843719482, "test/multilabelaccuracy": 0.7216615080833435, "test/multilabelprecision": 0.499806672334671, "test/multilabelrecall": 0.6837592720985413, "test/multilabelf1score": 0.5693896412849426, "test/multilabelmatthewscorrcoef": 0.44799503684043884, "test/accuracy_label_\u3042\u3044\u3065\u3061": 0.9503105878829956, "test/presicion_label_\u3042\u3044\u3065\u3061": 0.955974817276001, "test/recall_label_\u3042\u3044\u3065\u3061": 0.9934640526771545, "test/f1score_label_\u3042\u3044\u3065\u3061": 0.9743589758872986, "test/accuracy_label_\u611f\u5fc3": 0.8757764101028442, "test/presicion_label_\u611f\u5fc3": 0.8773584961891174, "test/recall_label_\u611f\u5fc3": 0.9964285492897034, "test/f1score_label_\u611f\u5fc3": 0.9331103563308716, "test/accuracy_label_\u8a55\u4fa1": 0.6055900454521179, "test/presicion_label_\u8a55\u4fa1": 0.0, "test/recall_label_\u8a55\u4fa1": 0.0, "test/f1score_label_\u8a55\u4fa1": 0.0, "test/accuracy_label_\u7e70\u308a\u8fd4\u3057\u5fdc\u7b54": 0.6863353848457336, "test/presicion_label_\u7e70\u308a\u8fd4\u3057\u5fdc\u7b54": 0.6622073650360107, "test/recall_label_\u7e70\u308a\u8fd4\u3057\u5fdc\u7b54": 1.0, "test/f1score_label_\u7e70\u308a\u8fd4\u3057\u5fdc\u7b54": 0.7967807054519653, "test/accuracy_label_\u540c\u610f": 0.6149068474769592, "test/presicion_label_\u540c\u610f": 0.4444444477558136, "test/recall_label_\u540c\u610f": 0.8627451062202454, "test/f1score_label_\u540c\u610f": 0.5866666436195374, "test/accuracy_label_\u7d0d\u5f97": 0.6801242232322693, "test/presicion_label_\u7d0d\u5f97": 0.5467625856399536, "test/recall_label_\u7d0d\u5f97": 0.6551724076271057, "test/f1score_label_\u7d0d\u5f97": 0.5960784554481506, "test/accuracy_label_\u9a5a\u304d": 0.8322981595993042, "test/presicion_label_\u9a5a\u304d": 0.0, "test/recall_label_\u9a5a\u304d": 0.0, "test/f1score_label_\u9a5a\u304d": 0.0, "test/accuracy_label_\u8a00\u3044\u63db\u3048": 0.5279502868652344, "test/presicion_label_\u8a00\u3044\u63db\u3048": 0.5117056965827942, "test/recall_label_\u8a00\u3044\u63db\u3048": 0.9622641801834106, "test/f1score_label_\u8a00\u3044\u63db\u3048": 0.6681222915649414, "_wandb": {"runtime": 97}}