{"train/loss": 0.6868658065795898, "epoch": 4, "trainer/global_step": 1860, "_timestamp": 1705336107.2923331, "_runtime": 870.1007571220398, "_step": 45, "val_loss": 0.6836337447166443, "val/multilabelaccuracy": 0.8839213848114014, "val/multilabelprecision": 0.08655115216970444, "val/multilabelrecall": 0.10863711684942245, "val/multilabelf1score": 0.09634459763765335, "val/multilabelmatthewscorrcoef": 0.49973443150520325, "val/accuracy_label_\u3042\u3044\u3065\u3061": 0.663883626461029, "val/presicion_label_\u3042\u3044\u3065\u3061": 0.6924092173576355, "val/recall_label_\u3042\u3044\u3065\u3061": 0.8690969347953796, "val/f1score_label_\u3042\u3044\u3065\u3061": 0.7707567811012268, "val/accuracy_label_\u611f\u5fc3": 0.7007810473442078, "val/presicion_label_\u611f\u5fc3": 0.0, "val/recall_label_\u611f\u5fc3": 0.0, "val/f1score_label_\u611f\u5fc3": 0.0, "val/accuracy_label_\u8a55\u4fa1": 0.957177460193634, "val/presicion_label_\u8a55\u4fa1": 0.0, "val/recall_label_\u8a55\u4fa1": 0.0, "val/f1score_label_\u8a55\u4fa1": 0.0, "val/accuracy_label_\u7e70\u308a\u8fd4\u3057\u5fdc\u7b54": 0.9240506291389465, "val/presicion_label_\u7e70\u308a\u8fd4\u3057\u5fdc\u7b54": 0.0, "val/recall_label_\u7e70\u308a\u8fd4\u3057\u5fdc\u7b54": 0.0, "val/f1score_label_\u7e70\u308a\u8fd4\u3057\u5fdc\u7b54": 0.0, "val/accuracy_label_\u540c\u610f": 0.9539455771446228, "val/presicion_label_\u540c\u610f": 0.0, "val/recall_label_\u540c\u610f": 0.0, "val/f1score_label_\u540c\u610f": 0.0, "val/accuracy_label_\u7d0d\u5f97": 0.9711823463439941, "val/presicion_label_\u7d0d\u5f97": 0.0, "val/recall_label_\u7d0d\u5f97": 0.0, "val/f1score_label_\u7d0d\u5f97": 0.0, "val/accuracy_label_\u9a5a\u304d": 0.9709129929542542, "val/presicion_label_\u9a5a\u304d": 0.0, "val/recall_label_\u9a5a\u304d": 0.0, "val/f1score_label_\u9a5a\u304d": 0.0, "val/accuracy_label_\u305d\u306e\u4ed6": 0.9294371008872986, "val/presicion_label_\u305d\u306e\u4ed6": 0.0, "val/recall_label_\u305d\u306e\u4ed6": 0.0, "val/f1score_label_\u305d\u306e\u4ed6": 0.0, "train_loss": 0.6842325925827026, "train/multilabelaccuracy": 0.8806313276290894, "train/multilabelprecision": 0.15090784430503845, "train/multilabelrecall": 0.11681497097015381, "train/multilabelf1score": 0.1070905476808548, "train/multilabelmatthewscorrcoef": 0.48997291922569275, "train/accuracy_label_\u3042\u3044\u3065\u3061": 0.6698989868164062, "train/presicion_label_\u3042\u3044\u3065\u3061": 0.6949975490570068, "train/recall_label_\u3042\u3044\u3065\u3061": 0.8760630488395691, "train/f1score_label_\u3042\u3044\u3065\u3061": 0.7750963568687439, "train/accuracy_label_\u611f\u5fc3": 0.7020202279090881, "train/presicion_label_\u611f\u5fc3": 0.0, "train/recall_label_\u611f\u5fc3": 0.0, "train/f1score_label_\u611f\u5fc3": 0.0, "train/accuracy_label_\u8a55\u4fa1": 0.9550168514251709, "train/presicion_label_\u8a55\u4fa1": 0.1304347813129425, "train/recall_label_\u8a55\u4fa1": 0.009463722817599773, "train/f1score_label_\u8a55\u4fa1": 0.01764705963432789, "train/accuracy_label_\u7e70\u308a\u8fd4\u3057\u5fdc\u7b54": 0.9238383769989014, "train/presicion_label_\u7e70\u308a\u8fd4\u3057\u5fdc\u7b54": 0.0, "train/recall_label_\u7e70\u308a\u8fd4\u3057\u5fdc\u7b54": 0.0, "train/f1score_label_\u7e70\u308a\u8fd4\u3057\u5fdc\u7b54": 0.0, "train/accuracy_label_\u540c\u610f": 0.9463973045349121, "train/presicion_label_\u540c\u610f": 0.013698630034923553, "train/recall_label_\u540c\u610f": 0.0013793103862553835, "train/f1score_label_\u540c\u610f": 0.002506265649572015, "train/accuracy_label_\u7d0d\u5f97": 0.9680808186531067, "train/presicion_label_\u7d0d\u5f97": 0.03846153989434242, "train/recall_label_\u7d0d\u5f97": 0.007462686393409967, "train/f1score_label_\u7d0d\u5f97": 0.012500000186264515, "train/accuracy_label_\u9a5a\u304d": 0.9602020382881165, "train/presicion_label_\u9a5a\u304d": 0.04395604506134987, "train/recall_label_\u9a5a\u304d": 0.035087719559669495, "train/f1score_label_\u9a5a\u304d": 0.039024390280246735, "train/accuracy_label_\u305d\u306e\u4ed6": 0.9195959568023682, "train/presicion_label_\u305d\u306e\u4ed6": 0.2857142984867096, "train/recall_label_\u305d\u306e\u4ed6": 0.005063291173428297, "train/f1score_label_\u305d\u306e\u4ed6": 0.009950248524546623, "test_loss": 0.6852012872695923, "test/multilabelaccuracy": 0.8843767642974854, "test/multilabelprecision": 0.08340336382389069, "test/multilabelrecall": 0.11025327444076538, "test/multilabelf1score": 0.09496698528528214, "test/multilabelmatthewscorrcoef": 0.4930954873561859, "_wandb": {"runtime": 869}}