{"val_loss": 0.6471379995346069, "val/multilabelaccuracy": 0.7636239528656006, "val/multilabelprecision": 0.243618443608284, "val/multilabelrecall": 0.36645060777664185, "val/multilabelf1score": 0.28497377038002014, "val/multilabelmatthewscorrcoef": 0.4154447317123413, "val/accuracy_label_\u3042\u3044\u3065\u3061": 0.07356948405504227, "val/presicion_label_\u3042\u3044\u3065\u3061": 0.0, "val/recall_label_\u3042\u3044\u3065\u3061": 0.0, "val/f1score_label_\u3042\u3044\u3065\u3061": 0.0, "val/accuracy_label_\u611f\u5fc3": 0.8828337788581848, "val/presicion_label_\u611f\u5fc3": 0.8795518279075623, "val/recall_label_\u611f\u5fc3": 1.0, "val/f1score_label_\u611f\u5fc3": 0.935916543006897, "val/accuracy_label_\u8a55\u4fa1": 0.580381453037262, "val/presicion_label_\u8a55\u4fa1": 0.4453781545162201, "val/recall_label_\u8a55\u4fa1": 0.828125, "val/f1score_label_\u8a55\u4fa1": 0.5792349576950073, "val/accuracy_label_\u7e70\u308a\u8fd4\u3057\u5fdc\u7b54": 0.6866484880447388, "val/presicion_label_\u7e70\u308a\u8fd4\u3057\u5fdc\u7b54": 0.649068295955658, "val/recall_label_\u7e70\u308a\u8fd4\u3057\u5fdc\u7b54": 0.9905213117599487, "val/f1score_label_\u7e70\u308a\u8fd4\u3057\u5fdc\u7b54": 0.7842401266098022, "val/accuracy_label_\u540c\u610f": 0.6294277906417847, "val/presicion_label_\u540c\u610f": 0.4930875599384308, "val/recall_label_\u540c\u610f": 0.8045112490653992, "val/f1score_label_\u540c\u610f": 0.6114285588264465, "val/accuracy_label_\u7d0d\u5f97": 0.6321526169776917, "val/presicion_label_\u7d0d\u5f97": 0.4422110617160797, "val/recall_label_\u7d0d\u5f97": 0.7857142686843872, "val/f1score_label_\u7d0d\u5f97": 0.5659164190292358, "val/accuracy_label_\u9a5a\u304d": 0.7874659299850464, "val/presicion_label_\u9a5a\u304d": 0.49180328845977783, "val/recall_label_\u9a5a\u304d": 0.3896103799343109, "val/f1score_label_\u9a5a\u304d": 0.43478259444236755, "val/accuracy_label_\u8a00\u3044\u63db\u3048": 1.0, "val/presicion_label_\u8a00\u3044\u63db\u3048": 0.0, "val/recall_label_\u8a00\u3044\u63db\u3048": 0.0, "val/f1score_label_\u8a00\u3044\u63db\u3048": 0.0, "val/accuracy_label_\u610f\u898b": 0.8719345927238464, "val/presicion_label_\u610f\u898b": 0.0, "val/recall_label_\u610f\u898b": 0.0, "val/f1score_label_\u610f\u898b": 0.0, "val/accuracy_label_\u8003\u3048\u3066\u3044\u308b\u6700\u4e2d": 0.9318801164627075, "val/presicion_label_\u8003\u3048\u3066\u3044\u308b\u6700\u4e2d": 0.0, "val/recall_label_\u8003\u3048\u3066\u3044\u308b\u6700\u4e2d": 0.0, "val/f1score_label_\u8003\u3048\u3066\u3044\u308b\u6700\u4e2d": 0.0, "val/accuracy_label_\u4e0d\u540c\u610f": 0.9564032554626465, "val/presicion_label_\u4e0d\u540c\u610f": 0.0, "val/recall_label_\u4e0d\u540c\u610f": 0.0, "val/f1score_label_\u4e0d\u540c\u610f": 0.0, "val/accuracy_label_\u88dc\u5b8c": 0.8228882551193237, "val/presicion_label_\u88dc\u5b8c": 0.0, "val/recall_label_\u88dc\u5b8c": 0.0, "val/f1score_label_\u88dc\u5b8c": 0.0, "val/accuracy_label_\u3042\u3044\u3055\u3064": 0.7738419771194458, "val/presicion_label_\u3042\u3044\u3055\u3064": 0.03846153989434242, "val/recall_label_\u3042\u3044\u3055\u3064": 0.27272728085517883, "val/f1score_label_\u3042\u3044\u3055\u3064": 0.06741572916507721, "val/accuracy_label_\u60f3\u8d77": 0.9945504069328308, "val/presicion_label_\u60f3\u8d77": 0.0, "val/recall_label_\u60f3\u8d77": 0.0, "val/f1score_label_\u60f3\u8d77": 0.0, "val/accuracy_label_\u9a5a\u304d\u3068\u3044\u3076\u304b\u308a": 0.9836512207984924, "val/presicion_label_\u9a5a\u304d\u3068\u3044\u3076\u304b\u308a": 0.0, "val/recall_label_\u9a5a\u304d\u3068\u3044\u3076\u304b\u308a": 0.0, "val/f1score_label_\u9a5a\u304d\u3068\u3044\u3076\u304b\u308a": 0.0, "val/accuracy_label_\u305d\u306e\u4ed6": 0.6103542447090149, "val/presicion_label_\u305d\u306e\u4ed6": 0.4583333432674408, "val/recall_label_\u305d\u306e\u4ed6": 0.7919999957084656, "val/f1score_label_\u305d\u306e\u4ed6": 0.5806451439857483, "epoch": 8, "trainer/global_step": 368, "_timestamp": 1705559178.24676, "_runtime": 200.0986008644104, "_step": 23, "train_loss": 0.6476911306381226, "train/multilabelaccuracy": 0.748037576675415, "train/multilabelprecision": 0.23888012766838074, "train/multilabelrecall": 0.399319052696228, "train/multilabelf1score": 0.29168519377708435, "train/multilabelmatthewscorrcoef": 0.3990568220615387, "train/accuracy_label_\u3042\u3044\u3065\u3061": 0.056655291467905045, "train/presicion_label_\u3042\u3044\u3065\u3061": 0.0, "train/recall_label_\u3042\u3044\u3065\u3061": 0.0, "train/f1score_label_\u3042\u3044\u3065\u3061": 0.0, "train/accuracy_label_\u611f\u5fc3": 0.8491467833518982, "train/presicion_label_\u611f\u5fc3": 0.8485694527626038, "train/recall_label_\u611f\u5fc3": 0.9967213273048401, "train/f1score_label_\u611f\u5fc3": 0.9166980981826782, "train/accuracy_label_\u8a55\u4fa1": 0.608873724937439, "train/presicion_label_\u8a55\u4fa1": 0.4796828627586365, "train/recall_label_\u8a55\u4fa1": 0.9097744226455688, "train/f1score_label_\u8a55\u4fa1": 0.6281635165214539, "train/accuracy_label_\u7e70\u308a\u8fd4\u3057\u5fdc\u7b54": 0.6791808605194092, "train/presicion_label_\u7e70\u308a\u8fd4\u3057\u5fdc\u7b54": 0.6463414430618286, "train/recall_label_\u7e70\u308a\u8fd4\u3057\u5fdc\u7b54": 0.9929742217063904, "train/f1score_label_\u7e70\u308a\u8fd4\u3057\u5fdc\u7b54": 0.7830101847648621, "train/accuracy_label_\u540c\u610f": 0.6395904421806335, "train/presicion_label_\u540c\u610f": 0.4680616855621338, "train/recall_label_\u540c\u610f": 0.9042553305625916, "train/f1score_label_\u540c\u610f": 0.6168360114097595, "train/accuracy_label_\u7d0d\u5f97": 0.594539225101471, "train/presicion_label_\u7d0d\u5f97": 0.4156250059604645, "train/recall_label_\u7d0d\u5f97": 0.9236111044883728, "train/f1score_label_\u7d0d\u5f97": 0.5732758641242981, "train/accuracy_label_\u9a5a\u304d": 0.7160409688949585, "train/presicion_label_\u9a5a\u304d": 0.3767772614955902, "train/recall_label_\u9a5a\u304d": 0.5096153616905212, "train/f1score_label_\u9a5a\u304d": 0.4332424998283386, "train/accuracy_label_\u8a00\u3044\u63db\u3048": 1.0, "train/presicion_label_\u8a00\u3044\u63db\u3048": 0.0, "train/recall_label_\u8a00\u3044\u63db\u3048": 0.0, "train/f1score_label_\u8a00\u3044\u63db\u3048": 0.0, "train/accuracy_label_\u610f\u898b": 0.8614334464073181, "train/presicion_label_\u610f\u898b": 0.0, "train/recall_label_\u610f\u898b": 0.0, "train/f1score_label_\u610f\u898b": 0.0, "train/accuracy_label_\u8003\u3048\u3066\u3044\u308b\u6700\u4e2d": 0.8948805332183838, "train/presicion_label_\u8003\u3048\u3066\u3044\u308b\u6700\u4e2d": 0.08571428805589676, "train/recall_label_\u8003\u3048\u3066\u3044\u308b\u6700\u4e2d": 0.024000000208616257, "train/f1score_label_\u8003\u3048\u3066\u3044\u308b\u6700\u4e2d": 0.03750000149011612, "train/accuracy_label_\u4e0d\u540c\u610f": 0.9433447122573853, "train/presicion_label_\u4e0d\u540c\u610f": 0.0, "train/recall_label_\u4e0d\u540c\u610f": 0.0, "train/f1score_label_\u4e0d\u540c\u610f": 0.0, "train/accuracy_label_\u88dc\u5b8c": 0.8184300065040588, "train/presicion_label_\u88dc\u5b8c": 0.0, "train/recall_label_\u88dc\u5b8c": 0.0, "train/f1score_label_\u88dc\u5b8c": 0.0, "train/accuracy_label_\u3042\u3044\u3055\u3064": 0.7965870499610901, "train/presicion_label_\u3042\u3044\u3055\u3064": 0.03396226465702057, "train/recall_label_\u3042\u3044\u3055\u3064": 0.1764705926179886, "train/f1score_label_\u3042\u3044\u3055\u3064": 0.0569620244204998, "train/accuracy_label_\u60f3\u8d77": 0.9829351305961609, "train/presicion_label_\u60f3\u8d77": 0.0, "train/recall_label_\u60f3\u8d77": 0.0, "train/f1score_label_\u60f3\u8d77": 0.0, "train/accuracy_label_\u9a5a\u304d\u3068\u3044\u3076\u304b\u308a": 0.9460750818252563, "train/presicion_label_\u9a5a\u304d\u3068\u3044\u3076\u304b\u308a": 0.014705882407724857, "train/recall_label_\u9a5a\u304d\u3068\u3044\u3076\u304b\u308a": 0.07692307978868484, "train/f1score_label_\u9a5a\u304d\u3068\u3044\u3076\u304b\u308a": 0.02469135820865631, "train/accuracy_label_\u305d\u306e\u4ed6": 0.5808873772621155,