{"train/loss": 0.6670368909835815, "epoch": 1, "trainer/global_step": 1249, "_timestamp": 1715653972.5385935, "_runtime": 142.590101480484, "_step": 26, "val_loss": 0.6671602129936218, "val/multilabelaccuracy": 0.8740272521972656, "val/multilabelprecision": 0.20933756232261658, "val/multilabelrecall": 0.1907530128955841, "val/multilabelf1score": 0.1736457645893097, "val/multilabelmatthewscorrcoef": 0.6104955077171326, "val/accuracy_label_\u3042\u3044\u3065\u3061": 0.9797665476799011, "val/presicion_label_\u3042\u3044\u3065\u3061": 0.9801247119903564, "val/recall_label_\u3042\u3044\u3065\u3061": 0.9996025562286377, "val/f1score_label_\u3042\u3044\u3065\u3061": 0.9897677898406982, "val/accuracy_label_\u611f\u5fc3": 0.8490272164344788, "val/presicion_label_\u611f\u5fc3": 0.8483639359474182, "val/recall_label_\u611f\u5fc3": 0.9962511658668518, "val/f1score_label_\u611f\u5fc3": 0.9163793325424194, "val/accuracy_label_\u8a55\u4fa1": 0.7575875520706177, "val/presicion_label_\u8a55\u4fa1": 0.53125, "val/recall_label_\u8a55\u4fa1": 0.0272000003606081, "val/f1score_label_\u8a55\u4fa1": 0.05175038054585457, "val/accuracy_label_\u7e70\u308a\u8fd4\u3057\u5fdc\u7b54": 0.5941634178161621, "val/presicion_label_\u7e70\u308a\u8fd4\u3057\u5fdc\u7b54": 0.5290123224258423, "val/recall_label_\u7e70\u308a\u8fd4\u3057\u5fdc\u7b54": 0.7537379264831543, "val/f1score_label_\u7e70\u308a\u8fd4\u3057\u5fdc\u7b54": 0.6216902136802673, "val/accuracy_label_\u540c\u610f": 0.7867704033851624, "val/presicion_label_\u540c\u610f": 0.0, "val/recall_label_\u540c\u610f": 0.0, "val/f1score_label_\u540c\u610f": 0.0, "val/accuracy_label_\u7d0d\u5f97": 0.8105058073997498, "val/presicion_label_\u7d0d\u5f97": 0.0, "val/recall_label_\u7d0d\u5f97": 0.0, "val/f1score_label_\u7d0d\u5f97": 0.0, "val/accuracy_label_\u9a5a\u304d": 0.8560311198234558, "val/presicion_label_\u9a5a\u304d": 0.10389610379934311, "val/recall_label_\u9a5a\u304d": 0.025889968499541283, "val/f1score_label_\u9a5a\u304d": 0.041450776159763336, "val/accuracy_label_\u8a00\u3044\u63db\u3048": 0.9992218017578125, "val/presicion_label_\u8a00\u3044\u63db\u3048": 0.0, "val/recall_label_\u8a00\u3044\u63db\u3048": 0.0, "val/f1score_label_\u8a00\u3044\u63db\u3048": 0.0, "val/accuracy_label_\u610f\u898b": 0.7817120552062988, "val/presicion_label_\u610f\u898b": 0.10675381124019623, "val/recall_label_\u610f\u898b": 0.24500000476837158, "val/f1score_label_\u610f\u898b": 0.14871016144752502, "val/accuracy_label_\u8003\u3048\u3066\u3044\u308b\u6700\u4e2d": 0.9622567892074585, "val/presicion_label_\u8003\u3048\u3066\u3044\u308b\u6700\u4e2d": 0.0, "val/recall_label_\u8003\u3048\u3066\u3044\u308b\u6700\u4e2d": 0.0, "val/f1score_label_\u8003\u3048\u3066\u3044\u308b\u6700\u4e2d": 0.0, "val/accuracy_label_\u4e0d\u540c\u610f": 0.9665369391441345, "val/presicion_label_\u4e0d\u540c\u610f": 0.0, "val/recall_label_\u4e0d\u540c\u610f": 0.0, "val/f1score_label_\u4e0d\u540c\u610f": 0.0, "val/accuracy_label_\u88dc\u5b8c": 0.9101167321205139, "val/presicion_label_\u88dc\u5b8c": 0.25, "val/recall_label_\u88dc\u5b8c": 0.0043668122962117195, "val/f1score_label_\u88dc\u5b8c": 0.008583690971136093, "val/accuracy_label_\u3042\u3044\u3055\u3064": 0.9852139949798584, "val/presicion_label_\u3042\u3044\u3055\u3064": 0.0, "val/recall_label_\u3042\u3044\u3055\u3064": 0.0, "val/f1score_label_\u3042\u3044\u3055\u3064": 0.0, "val/accuracy_label_\u60f3\u8d77": 0.9922178983688354, "val/presicion_label_\u60f3\u8d77": 0.0, "val/recall_label_\u60f3\u8d77": 0.0, "val/f1score_label_\u60f3\u8d77": 0.0, "val/accuracy_label_\u9a5a\u304d\u3068\u3044\u3076\u304b\u308a": 0.9898832440376282, "val/presicion_label_\u9a5a\u304d\u3068\u3044\u3076\u304b\u308a": 0.0, "val/recall_label_\u9a5a\u304d\u3068\u3044\u3076\u304b\u308a": 0.0, "val/f1score_label_\u9a5a\u304d\u3068\u3044\u3076\u304b\u308a": 0.0, "val/accuracy_label_\u305d\u306e\u4ed6": 0.7634240984916687, "val/presicion_label_\u305d\u306e\u4ed6": 0.0, "val/recall_label_\u305d\u306e\u4ed6": 0.0, "val/f1score_label_\u305d\u306e\u4ed6": 0.0, "train_loss": 0.6692066788673401, "train/multilabelaccuracy": 0.8656383752822876, "train/multilabelprecision": 0.20218056440353394, "train/multilabelrecall": 0.2076689749956131, "train/multilabelf1score": 0.19206148386001587, "train/multilabelmatthewscorrcoef": 0.5932111740112305, "train/accuracy_label_\u3042\u3044\u3065\u3061": 0.9829246997833252, "train/presicion_label_\u3042\u3044\u3065\u3061": 0.9837890863418579, "train/recall_label_\u3042\u3044\u3065\u3061": 0.9990578889846802, "train/f1score_label_\u3042\u3044\u3065\u3061": 0.9913646578788757, "train/accuracy_label_\u611f\u5fc3": 0.8381494283676147, "train/presicion_label_\u611f\u5fc3": 0.83652663230896, "train/recall_label_\u611f\u5fc3": 0.9995291829109192, "train/f1score_label_\u611f\u5fc3": 0.910792350769043, "train/accuracy_label_\u8a55\u4fa1": 0.7368165254592896, "train/presicion_label_\u8a55\u4fa1": 0.3583731949329376, "train/recall_label_\u8a55\u4fa1": 0.1554587036371231, "train/f1score_label_\u8a55\u4fa1": 0.21685002744197845, "train/accuracy_label_\u7e70\u308a\u8fd4\u3057\u5fdc\u7b54": 0.5527826547622681, "train/presicion_label_\u7e70\u308a\u8fd4\u3057\u5fdc\u7b54": 0.5024868845939636, "train/recall_label_\u7e70\u308a\u8fd4\u3057\u5fdc\u7b54": 0.8283525705337524, "train/f1score_label_\u7e70\u308a\u8fd4\u3057\u5fdc\u7b54": 0.6255244612693787, "train/accuracy_label_\u540c\u610f": 0.7849776148796082, "train/presicion_label_\u540c\u610f": 0.2063492089509964, "train/recall_label_\u540c\u610f": 0.005982512608170509, "train/f1score_label_\u540c\u610f": 0.011627906933426857, "train/accuracy_label_\u7d0d\u5f97": 0.8124635219573975, "train/presicion_label_\u7d0d\u5f97": 0.0, "train/recall_label_\u7d0d\u5f97": 0.0, "train/f1score_label_\u7d0d\u5f97": 0.0, "train/accuracy_label_\u9a5a\u304d": 0.7589024901390076, "train/presicion_label_\u9a5a\u304d": 0.1380215883255005, "train/recall_label_\u9a5a\u304d": 0.19111111760139465, "train/f1score_label_\u9a5a\u304d": 0.16028465330600739, "train/accuracy_label_\u8a00\u3044\u63db\u3048": 0.9857462644577026, "train/presicion_label_\u8a00\u3044\u63db\u3048": 0.0, "train/recall_label_\u8a00\u3044\u63db\u3048": 0.0, "train/f1score_label_\u8a00\u3044\u63db\u3048": 0.0, "train/accuracy_label_\u610f\u898b": 0.8777972459793091, "train/presicion_label_\u610f\u898b": 0.07864238321781158, "train/recall_label_\u610f\u898b": 0.06358768045902252, "train/f1score_label_\u610f\u898b": 0.07031828165054321, "train/accuracy_label_\u8003\u3048\u3066\u3044\u308b\u6700\u4e2d": 0.9565090537071228, "train/presicion_label_\u8003\u3048\u3066\u3044\u308b\u6700\u4e2d": 0.018518518656492233, "train/recall_label_\u8003\u3048\u3066\u3044\u308b\u6700\u4e2d": 0.0025316455867141485, "train/f1score_label_\u8003\u3048\u3066\u3044\u308b\u6700\u4e2d": 0.004454343114048243, "train/accuracy_label_\u4e0d\u540c\u610f": 0.9447363018989563, "train/presicion_label_\u4e0d\u540c\u610f": 0.024000000208616257, "train/recall_label_\u4e0d\u540c\u610f": 0.02772643230855465, "train/f1score_label_\u4e0d\u540c\u610f": 0.025728987529873848, "train/accuracy_label_\u88dc\u5b8c": 0.8809593319892883, "train/presicion_label_\u88dc\u5b8c": 0.08409986644983292, "train/recall_label_\u88dc\u5b8c": 0.03528114780783653, "train/f1score_label_\u88dc\u5b8c": 0.049708738923072815, "train/accuracy_label_\u3042\u3044\u3055\u3064": 0.9805896282196045, "train/presicion_label_\u3042\u3044\u3055\u3064": 0.0, "train/recall_label_\u3042\u3044\u3055\u3064": 0.0, "train/f1score_label_\u3042\u3044\u3055\u3064": 0.0, "train/accuracy_label_\u60f3\u8d77": 0.9931893348693848, "train/presicion_label_\u60f3\u8d77": 0.0, "train/recall_label_\u60f3\u8d77": 0.0,