{"train/loss": 0.687605619430542, "epoch": 4, "trainer/global_step": 1092, "_timestamp": 1704561537.8823826, "_runtime": 994.0155935287476, "_step": 29, "val_loss": 0.6872490048408508, "val/multilabelaccuracy": 0.9415493011474609, "val/multilabelprecision": 0.07537013292312622, "val/multilabelrecall": 0.08420905470848083, "val/multilabelf1score": 0.07915617525577545, "val/multilabelmatthewscorrcoef": 0.5695498585700989, "val/accuracy_label_\u3042\u3044\u3065\u3061": 0.6646062135696411, "val/presicion_label_\u3042\u3044\u3065\u3061": 0.6911680698394775, "val/recall_label_\u3042\u3044\u3065\u3061": 0.864267885684967, "val/f1score_label_\u3042\u3044\u3065\u3061": 0.7680861353874207, "val/accuracy_label_\u611f\u5fc3": 0.7106227278709412, "val/presicion_label_\u611f\u5fc3": 0.5147541165351868, "val/recall_label_\u611f\u5fc3": 0.48307693004608154, "val/f1score_label_\u611f\u5fc3": 0.49841269850730896, "val/accuracy_label_\u8a55\u4fa1": 0.9555860757827759, "val/presicion_label_\u8a55\u4fa1": 0.0, "val/recall_label_\u8a55\u4fa1": 0.0, "val/f1score_label_\u8a55\u4fa1": 0.0, "val/accuracy_label_\u7e70\u308a\u8fd4\u3057\u5fdc\u7b54": 0.9175823926925659, "val/presicion_label_\u7e70\u308a\u8fd4\u3057\u5fdc\u7b54": 0.0, "val/recall_label_\u7e70\u308a\u8fd4\u3057\u5fdc\u7b54": 0.0, "val/f1score_label_\u7e70\u308a\u8fd4\u3057\u5fdc\u7b54": 0.0, "val/accuracy_label_\u540c\u610f": 0.9558150172233582, "val/presicion_label_\u540c\u610f": 0.0, "val/recall_label_\u540c\u610f": 0.0, "val/f1score_label_\u540c\u610f": 0.0, "val/accuracy_label_\u7d0d\u5f97": 0.9679487347602844, "val/presicion_label_\u7d0d\u5f97": 0.0, "val/recall_label_\u7d0d\u5f97": 0.0, "val/f1score_label_\u7d0d\u5f97": 0.0, "val/accuracy_label_\u9a5a\u304d": 0.9736721515655518, "val/presicion_label_\u9a5a\u304d": 0.0, "val/recall_label_\u9a5a\u304d": 0.0, "val/f1score_label_\u9a5a\u304d": 0.0, "val/accuracy_label_\u8a00\u3044\u63db\u3048": 1.0, "val/presicion_label_\u8a00\u3044\u63db\u3048": 0.0, "val/recall_label_\u8a00\u3044\u63db\u3048": 0.0, "val/f1score_label_\u8a00\u3044\u63db\u3048": 0.0, "val/accuracy_label_\u610f\u898b": 0.9913003444671631, "val/presicion_label_\u610f\u898b": 0.0, "val/recall_label_\u610f\u898b": 0.0, "val/f1score_label_\u610f\u898b": 0.0, "val/accuracy_label_\u8003\u3048\u3066\u3044\u308b\u6700\u4e2d": 0.997710645198822, "val/presicion_label_\u8003\u3048\u3066\u3044\u308b\u6700\u4e2d": 0.0, "val/recall_label_\u8003\u3048\u3066\u3044\u308b\u6700\u4e2d": 0.0, "val/f1score_label_\u8003\u3048\u3066\u3044\u308b\u6700\u4e2d": 0.0, "val/accuracy_label_\u4e0d\u540c\u610f": 0.9926739931106567, "val/presicion_label_\u4e0d\u540c\u610f": 0.0, "val/recall_label_\u4e0d\u540c\u610f": 0.0, "val/f1score_label_\u4e0d\u540c\u610f": 0.0, "val/accuracy_label_\u88dc\u5b8c": 0.9919871687889099, "val/presicion_label_\u88dc\u5b8c": 0.0, "val/recall_label_\u88dc\u5b8c": 0.0, "val/f1score_label_\u88dc\u5b8c": 0.0, "val/accuracy_label_\u3042\u3044\u3055\u3064": 0.9974817037582397, "val/presicion_label_\u3042\u3044\u3055\u3064": 0.0, "val/recall_label_\u3042\u3044\u3055\u3064": 0.0, "val/f1score_label_\u3042\u3044\u3055\u3064": 0.0, "val/accuracy_label_\u60f3\u8d77": 0.9986263513565063, "val/presicion_label_\u60f3\u8d77": 0.0, "val/recall_label_\u60f3\u8d77": 0.0, "val/f1score_label_\u60f3\u8d77": 0.0, "val/accuracy_label_\u9a5a\u304d\u3068\u3044\u3076\u304b\u308a": 0.9990842342376709, "val/presicion_label_\u9a5a\u304d\u3068\u3044\u3076\u304b\u308a": 0.0, "val/recall_label_\u9a5a\u304d\u3068\u3044\u3076\u304b\u308a": 0.0, "val/f1score_label_\u9a5a\u304d\u3068\u3044\u3076\u304b\u308a": 0.0, "val/accuracy_label_\u305d\u306e\u4ed6": 0.9500916004180908, "val/presicion_label_\u305d\u306e\u4ed6": 0.0, "val/recall_label_\u305d\u306e\u4ed6": 0.0, "val/f1score_label_\u305d\u306e\u4ed6": 0.0, "train_loss": 0.6872392892837524, "train/multilabelaccuracy": 0.941256046295166, "train/multilabelprecision": 0.10926812142133713, "train/multilabelrecall": 0.07485053688287735, "train/multilabelf1score": 0.06940361112356186, "train/multilabelmatthewscorrcoef": 0.5346754193305969, "train/accuracy_label_\u3042\u3044\u3065\u3061": 0.6608859896659851, "train/presicion_label_\u3042\u3044\u3065\u3061": 0.6937293410301208, "train/recall_label_\u3042\u3044\u3065\u3061": 0.8527358174324036, "train/f1score_label_\u3042\u3044\u3065\u3061": 0.7650581002235413, "train/accuracy_label_\u611f\u5fc3": 0.7143429517745972, "train/presicion_label_\u611f\u5fc3": 0.5853432416915894, "train/recall_label_\u611f\u5fc3": 0.12193236500024796, "train/f1score_label_\u611f\u5fc3": 0.2018231302499771, "train/accuracy_label_\u8a55\u4fa1": 0.9581043720245361, "train/presicion_label_\u8a55\u4fa1": 0.05000000074505806, "train/recall_label_\u8a55\u4fa1": 0.001400560257025063, "train/f1score_label_\u8a55\u4fa1": 0.00272479560226202, "train/accuracy_label_\u7e70\u308a\u8fd4\u3057\u5fdc\u7b54": 0.9242788553237915, "train/presicion_label_\u7e70\u308a\u8fd4\u3057\u5fdc\u7b54": 0.0, "train/recall_label_\u7e70\u308a\u8fd4\u3057\u5fdc\u7b54": 0.0, "train/f1score_label_\u7e70\u308a\u8fd4\u3057\u5fdc\u7b54": 0.0, "train/accuracy_label_\u540c\u610f": 0.9523237347602844, "train/presicion_label_\u540c\u610f": 0.125, "train/recall_label_\u540c\u610f": 0.0012091898825019598, "train/f1score_label_\u540c\u610f": 0.0023952096235007048, "train/accuracy_label_\u7d0d\u5f97": 0.9706387519836426, "train/presicion_label_\u7d0d\u5f97": 0.15555556118488312, "train/recall_label_\u7d0d\u5f97": 0.014522821642458439, "train/f1score_label_\u7d0d\u5f97": 0.026565464213490486, "train/accuracy_label_\u9a5a\u304d": 0.9750458002090454, "train/presicion_label_\u9a5a\u304d": 0.04651162773370743, "train/recall_label_\u9a5a\u304d": 0.005037783179432154, "train/f1score_label_\u9a5a\u304d": 0.00909090880304575, "train/accuracy_label_\u8a00\u3044\u63db\u3048": 0.998054027557373, "train/presicion_label_\u8a00\u3044\u63db\u3048": 0.0, "train/recall_label_\u8a00\u3044\u63db\u3048": 0.0, "train/f1score_label_\u8a00\u3044\u63db\u3048": 0.0, "train/accuracy_label_\u610f\u898b": 0.9868932962417603, "train/presicion_label_\u610f\u898b": 0.016393441706895828, "train/recall_label_\u610f\u898b": 0.0058823530562222, "train/f1score_label_\u610f\u898b": 0.008658008649945259, "train/accuracy_label_\u8003\u3048\u3066\u3044\u308b\u6700\u4e2d": 0.9939903616905212, "train/presicion_label_\u8003\u3048\u3066\u3044\u308b\u6700\u4e2d": 0.0, "train/recall_label_\u8003\u3048\u3066\u3044\u308b\u6700\u4e2d": 0.0, "train/f1score_label_\u8003\u3048\u3066\u3044\u308b\u6700\u4e2d": 0.0, "train/accuracy_label_\u4e0d\u540c\u610f": 0.9942765831947327, "train/presicion_label_\u4e0d\u540c\u610f": 0.0, "train/recall_label_\u4e0d\u540c\u610f": 0.0, "train/f1score_label_\u4e0d\u540c\u610f": 0.0, "train/accuracy_label_\u88dc\u5b8c": 0.9890109896659851, "train/presicion_label_\u88dc\u5b8c": 0.0, "train/recall_label_\u88dc\u5b8c": 0.0, "train/f1score_label_\u88dc\u5b8c": 0.0, "train/accuracy_label_\u3042\u3044\u3055\u3064": 0.9956501722335815, "train/presicion_label_\u3042\u3044\u3055\u3064": 0.032258063554763794, "train/recall_label_\u3042\u3044\u3055\u3064": 0.021276595070958138, "train/f1score_label_\u3042\u3044\u3055\u3064": 0.025641025975346565, "train/accuracy_label_\u60f3\u8d77": 0.996623158454895, "train/presicion_label_\u60f3\u8d77": 0.02222222276031971, "train/recall_label_\u60f3\u8d77": 0.0625, "train/f1score_label_\u60f3\u8d77": 0.032786883413791656, "train/accuracy_label_\u9a5a\u304d\u3068\u3044\u3076\u304b\u308a": 0.9969093203544617, "train/presicion_label_\u9a5a\u304d\u3068\u3044\u3076\u304b\u308a": 0.021276595070958138, "train/recall_label_\u9a5a\u304d\u3068\u3044\u3076\u304b\u308a": 0.1111111119389534, "train/f1score_label_\u9a5a\u304d\u3068\u3044\u3076\u304b\u308a": 0.0357142873108387, "train/accuracy_label_\u305d\u306e\u4ed6": 0.9530677795410156, "train/presicion_label_\u305d\u306e\u4ed6": 0.0, "train/recall_label_\u305d\u306e\u4ed6": 0.0, "train/f1score_label_\u305d\u306e\u4ed6": 0.0, "test_loss": 0.6872166991233826,