{"val_loss": 0.23635905981063843, "val/multilabelaccuracy": 0.6903846263885498, "val/multilabelprecision": 0.5053128004074097, "val/multilabelrecall": 0.6134365200996399, "val/multilabelf1score": 0.5158705711364746, "val/multilabelmatthewscorrcoef": 0.3801952302455902, "val/accuracy_label_\u3042\u3044\u3065\u3061": 0.9076923131942749, "val/presicion_label_\u3042\u3044\u3065\u3061": 0.949999988079071, "val/recall_label_\u3042\u3044\u3065\u3061": 0.949999988079071, "val/f1score_label_\u3042\u3044\u3065\u3061": 0.949999988079071, "val/accuracy_label_\u611f\u5fc3": 0.8615384697914124, "val/presicion_label_\u611f\u5fc3": 0.8852459192276001, "val/recall_label_\u611f\u5fc3": 0.9642857313156128, "val/f1score_label_\u611f\u5fc3": 0.9230769276618958, "val/accuracy_label_\u8a55\u4fa1": 0.446153849363327, "val/presicion_label_\u8a55\u4fa1": 0.38181817531585693, "val/recall_label_\u8a55\u4fa1": 0.9130434989929199, "val/f1score_label_\u8a55\u4fa1": 0.5384615659713745, "val/accuracy_label_\u7e70\u308a\u8fd4\u3057\u5fdc\u7b54": 0.6769230961799622, "val/presicion_label_\u7e70\u308a\u8fd4\u3057\u5fdc\u7b54": 0.6499999761581421, "val/recall_label_\u7e70\u308a\u8fd4\u3057\u5fdc\u7b54": 1.0, "val/f1score_label_\u7e70\u308a\u8fd4\u3057\u5fdc\u7b54": 0.7878788113594055, "val/accuracy_label_\u540c\u610f": 0.6153846383094788, "val/presicion_label_\u540c\u610f": 0.0, "val/recall_label_\u540c\u610f": 0.0, "val/f1score_label_\u540c\u610f": 0.0, "val/accuracy_label_\u7d0d\u5f97": 0.6769230961799622, "val/presicion_label_\u7d0d\u5f97": 0.6666666865348816, "val/recall_label_\u7d0d\u5f97": 0.17391304671764374, "val/f1score_label_\u7d0d\u5f97": 0.27586206793785095, "val/accuracy_label_\u9a5a\u304d": 0.8153846263885498, "val/presicion_label_\u9a5a\u304d": 0.0, "val/recall_label_\u9a5a\u304d": 0.0, "val/f1score_label_\u9a5a\u304d": 0.0, "val/accuracy_label_\u8a00\u3044\u63db\u3048": 0.5230769515037537, "val/presicion_label_\u8a00\u3044\u63db\u3048": 0.5087719559669495, "val/recall_label_\u8a00\u3044\u63db\u3048": 0.90625, "val/f1score_label_\u8a00\u3044\u63db\u3048": 0.6516854166984558, "epoch": 8, "trainer/global_step": 72, "_timestamp": 1704940505.3668609, "_runtime": 125.01379776000977, "_step": 17, "train_loss": 0.23851200938224792, "train/multilabelaccuracy": 0.6780155301094055, "train/multilabelprecision": 0.5820720791816711, "train/multilabelrecall": 0.5075003504753113, "train/multilabelf1score": 0.46968692541122437, "train/multilabelmatthewscorrcoef": 0.3611173927783966, "train/accuracy_label_\u3042\u3044\u3065\u3061": 0.5525291562080383, "train/presicion_label_\u3042\u3044\u3065\u3061": 0.9781022071838379, "train/recall_label_\u3042\u3044\u3065\u3061": 0.5447154641151428, "train/f1score_label_\u3042\u3044\u3065\u3061": 0.6997389197349548, "train/accuracy_label_\u611f\u5fc3": 0.7587548494338989, "train/presicion_label_\u611f\u5fc3": 0.9308510422706604, "train/recall_label_\u611f\u5fc3": 0.78125, "train/f1score_label_\u611f\u5fc3": 0.8495145440101624, "train/accuracy_label_\u8a55\u4fa1": 0.5914396643638611, "train/presicion_label_\u8a55\u4fa1": 0.4821428656578064, "train/recall_label_\u8a55\u4fa1": 0.8181818127632141, "train/f1score_label_\u8a55\u4fa1": 0.6067415475845337, "train/accuracy_label_\u7e70\u308a\u8fd4\u3057\u5fdc\u7b54": 0.6964980363845825, "train/presicion_label_\u7e70\u308a\u8fd4\u3057\u5fdc\u7b54": 0.6708860993385315, "train/recall_label_\u7e70\u308a\u8fd4\u3057\u5fdc\u7b54": 1.0, "train/f1score_label_\u7e70\u308a\u8fd4\u3057\u5fdc\u7b54": 0.8030303120613098, "train/accuracy_label_\u540c\u610f": 0.7003890872001648, "train/presicion_label_\u540c\u610f": 0.5, "train/recall_label_\u540c\u610f": 0.03896103799343109, "train/f1score_label_\u540c\u610f": 0.07228915393352509, "train/accuracy_label_\u7d0d\u5f97": 0.6381322741508484, "train/presicion_label_\u7d0d\u5f97": 0.5, "train/recall_label_\u7d0d\u5f97": 0.01075268816202879, "train/f1score_label_\u7d0d\u5f97": 0.021052632480859756, "train/accuracy_label_\u9a5a\u304d": 0.844357967376709, "train/presicion_label_\u9a5a\u304d": 0.0, "train/recall_label_\u9a5a\u304d": 0.0, "train/f1score_label_\u9a5a\u304d": 0.0, "train/accuracy_label_\u8a00\u3044\u63db\u3048": 0.6420233249664307, "train/presicion_label_\u8a00\u3044\u63db\u3048": 0.5945945978164673, "train/recall_label_\u8a00\u3044\u63db\u3048": 0.8661417365074158, "train/f1score_label_\u8a00\u3044\u63db\u3048": 0.7051281929016113, "train/loss": 0.24404247105121613, "test_loss": 0.2348756343126297, "test/multilabelaccuracy": 0.7104037404060364, "test/multilabelprecision": 0.5435284376144409, "test/multilabelrecall": 0.6068213582038879, "test/multilabelf1score": 0.5314748287200928, "test/multilabelmatthewscorrcoef": 0.41986751556396484, "_wandb": {"runtime": 125}}