{"val_loss": 0.17208784818649292, "val/multilabelaccuracy": 0.939939022064209, "val/multilabelprecision": 0.04261363670229912, "val/multilabelrecall": 0.061141304671764374, "val/multilabelf1score": 0.0502232126891613, "val/multilabelmatthewscorrcoef": 0.5527223348617554, "val/accuracy_label_\u3042\u3044\u3065\u3061": 0.6780487895011902, "val/presicion_label_\u3042\u3044\u3065\u3061": 0.6818181872367859, "val/recall_label_\u3042\u3044\u3065\u3061": 0.97826087474823, "val/f1score_label_\u3042\u3044\u3065\u3061": 0.8035714030265808, "val/accuracy_label_\u611f\u5fc3": 0.7268292903900146, "val/presicion_label_\u611f\u5fc3": 0.0, "val/recall_label_\u611f\u5fc3": 0.0, "val/f1score_label_\u611f\u5fc3": 0.0, "val/accuracy_label_\u8a55\u4fa1": 0.8926829099655151, "val/presicion_label_\u8a55\u4fa1": 0.0, "val/recall_label_\u8a55\u4fa1": 0.0, "val/f1score_label_\u8a55\u4fa1": 0.0, "val/accuracy_label_\u7e70\u308a\u8fd4\u3057\u5fdc\u7b54": 0.9609755873680115, "val/presicion_label_\u7e70\u308a\u8fd4\u3057\u5fdc\u7b54": 0.0, "val/recall_label_\u7e70\u308a\u8fd4\u3057\u5fdc\u7b54": 0.0, "val/f1score_label_\u7e70\u308a\u8fd4\u3057\u5fdc\u7b54": 0.0, "val/accuracy_label_\u540c\u610f": 0.9268292784690857, "val/presicion_label_\u540c\u610f": 0.0, "val/recall_label_\u540c\u610f": 0.0, "val/f1score_label_\u540c\u610f": 0.0, "val/accuracy_label_\u7d0d\u5f97": 0.9512194991111755, "val/presicion_label_\u7d0d\u5f97": 0.0, "val/recall_label_\u7d0d\u5f97": 0.0, "val/f1score_label_\u7d0d\u5f97": 0.0, "val/accuracy_label_\u9a5a\u304d": 0.9609755873680115, "val/presicion_label_\u9a5a\u304d": 0.0, "val/recall_label_\u9a5a\u304d": 0.0, "val/f1score_label_\u9a5a\u304d": 0.0, "val/accuracy_label_\u8a00\u3044\u63db\u3048": 1.0, "val/presicion_label_\u8a00\u3044\u63db\u3048": 0.0, "val/recall_label_\u8a00\u3044\u63db\u3048": 0.0, "val/f1score_label_\u8a00\u3044\u63db\u3048": 0.0, "val/accuracy_label_\u610f\u898b": 0.9902439117431641, "val/presicion_label_\u610f\u898b": 0.0, "val/recall_label_\u610f\u898b": 0.0, "val/f1score_label_\u610f\u898b": 0.0, "val/accuracy_label_\u8003\u3048\u3066\u3044\u308b\u6700\u4e2d": 1.0, "val/presicion_label_\u8003\u3048\u3066\u3044\u308b\u6700\u4e2d": 0.0, "val/recall_label_\u8003\u3048\u3066\u3044\u308b\u6700\u4e2d": 0.0, "val/f1score_label_\u8003\u3048\u3066\u3044\u308b\u6700\u4e2d": 0.0, "val/accuracy_label_\u4e0d\u540c\u610f": 1.0, "val/presicion_label_\u4e0d\u540c\u610f": 0.0, "val/recall_label_\u4e0d\u540c\u610f": 0.0, "val/f1score_label_\u4e0d\u540c\u610f": 0.0, "val/accuracy_label_\u88dc\u5b8c": 0.9902439117431641, "val/presicion_label_\u88dc\u5b8c": 0.0, "val/recall_label_\u88dc\u5b8c": 0.0, "val/f1score_label_\u88dc\u5b8c": 0.0, "val/accuracy_label_\u3042\u3044\u3055\u3064": 1.0, "val/presicion_label_\u3042\u3044\u3055\u3064": 0.0, "val/recall_label_\u3042\u3044\u3055\u3064": 0.0, "val/f1score_label_\u3042\u3044\u3055\u3064": 0.0, "val/accuracy_label_\u60f3\u8d77": 0.995121955871582, "val/presicion_label_\u60f3\u8d77": 0.0, "val/recall_label_\u60f3\u8d77": 0.0, "val/f1score_label_\u60f3\u8d77": 0.0, "val/accuracy_label_\u9a5a\u304d\u3068\u3044\u3076\u304b\u308a": 1.0, "val/presicion_label_\u9a5a\u304d\u3068\u3044\u3076\u304b\u308a": 0.0, "val/recall_label_\u9a5a\u304d\u3068\u3044\u3076\u304b\u308a": 0.0, "val/f1score_label_\u9a5a\u304d\u3068\u3044\u3076\u304b\u308a": 0.0, "val/accuracy_label_\u305d\u306e\u4ed6": 0.9658536314964294, "val/presicion_label_\u305d\u306e\u4ed6": 0.0, "val/recall_label_\u305d\u306e\u4ed6": 0.0, "val/f1score_label_\u305d\u306e\u4ed6": 0.0, "epoch": 4, "trainer/global_step": 104, "_timestamp": 1703039880.3167925, "_runtime": 180.42069745063782, "_step": 10, "train_loss": 0.17226268351078033, "train/multilabelaccuracy": 0.9339896440505981, "train/multilabelprecision": 0.052900124341249466, "train/multilabelrecall": 0.06226795166730881, "train/multilabelf1score": 0.04940830171108246, "train/multilabelmatthewscorrcoef": 0.5156629681587219, "train/accuracy_label_\u3042\u3044\u3065\u3061": 0.6471306681632996, "train/presicion_label_\u3042\u3044\u3065\u3061": 0.6464020013809204, "train/recall_label_\u3042\u3044\u3065\u3061": 0.9923809766769409, "train/f1score_label_\u3042\u3044\u3065\u3061": 0.7828699946403503, "train/accuracy_label_\u611f\u5fc3": 0.6837607026100159, "train/presicion_label_\u611f\u5fc3": 0.20000000298023224, "train/recall_label_\u611f\u5fc3": 0.00390625, "train/f1score_label_\u611f\u5fc3": 0.007662835065275431, "train/accuracy_label_\u8a55\u4fa1": 0.9218559265136719, "train/presicion_label_\u8a55\u4fa1": 0.0, "train/recall_label_\u8a55\u4fa1": 0.0, "train/f1score_label_\u8a55\u4fa1": 0.0, "train/accuracy_label_\u7e70\u308a\u8fd4\u3057\u5fdc\u7b54": 0.9621489644050598, "train/presicion_label_\u7e70\u308a\u8fd4\u3057\u5fdc\u7b54": 0.0, "train/recall_label_\u7e70\u308a\u8fd4\u3057\u5fdc\u7b54": 0.0, "train/f1score_label_\u7e70\u308a\u8fd4\u3057\u5fdc\u7b54": 0.0, "train/accuracy_label_\u540c\u610f": 0.9169719219207764, "train/presicion_label_\u540c\u610f": 0.0, "train/recall_label_\u540c\u610f": 0.0, "train/f1score_label_\u540c\u610f": 0.0, "train/accuracy_label_\u7d0d\u5f97": 0.9633699655532837, "train/presicion_label_\u7d0d\u5f97": 0.0, "train/recall_label_\u7d0d\u5f97": 0.0, "train/f1score_label_\u7d0d\u5f97": 0.0, "train/accuracy_label_\u9a5a\u304d": 0.9670329689979553, "train/presicion_label_\u9a5a\u304d": 0.0, "train/recall_label_\u9a5a\u304d": 0.0, "train/f1score_label_\u9a5a\u304d": 0.0, "train/accuracy_label_\u8a00\u3044\u63db\u3048": 0.9951159954071045, "train/presicion_label_\u8a00\u3044\u63db\u3048": 0.0, "train/recall_label_\u8a00\u3044\u63db\u3048": 0.0, "train/f1score_label_\u8a00\u3044\u63db\u3048": 0.0, "train/accuracy_label_\u610f\u898b": 0.9792429804801941, "train/presicion_label_\u610f\u898b": 0.0, "train/recall_label_\u610f\u898b": 0.0, "train/f1score_label_\u610f\u898b": 0.0, "train/accuracy_label_\u8003\u3048\u3066\u3044\u308b\u6700\u4e2d": 0.990231990814209, "train/presicion_label_\u8003\u3048\u3066\u3044\u308b\u6700\u4e2d": 0.0, "train/recall_label_\u8003\u3048\u3066\u3044\u308b\u6700\u4e2d": 0.0, "train/f1score_label_\u8003\u3048\u3066\u3044\u308b\u6700\u4e2d": 0.0, "train/accuracy_label_\u4e0d\u540c\u610f": 0.9975579977035522, "train/presicion_label_\u4e0d\u540c\u610f": 0.0, "train/recall_label_\u4e0d\u540c\u610f": 0.0, "train/f1score_label_\u4e0d\u540c\u610f": 0.0, "train/accuracy_label_\u88dc\u5b8c": 0.9816849827766418, "train/presicion_label_\u88dc\u5b8c": 0.0, "train/recall_label_\u88dc\u5b8c": 0.0, "train/f1score_label_\u88dc\u5b8c": 0.0, "train/accuracy_label_\u3042\u3044\u3055\u3064": 0.9975579977035522, "train/presicion_label_\u3042\u3044\u3055\u3064": 0.0, "train/recall_label_\u3042\u3044\u3055\u3064": 0.0, "train/f1score_label_\u3042\u3044\u3055\u3064": 0.0, "train/accuracy_label_\u60f3\u8d77": 0.9951159954071045, "train/presicion_label_\u60f3\u8d77": 0.0, "train/recall_label_\u60f3\u8d77": 0.0, "train/f1score_label_\u60f3\u8d77": 0.0, "train/accuracy_label_\u9a5a\u304d\u3068\u3044\u3076\u304b\u308a": 0.9938949942588806, "train/presicion_label_\u9a5a\u304d\u3068\u3044\u3076\u304b\u308a": 0.0, "train/recall_label_\u9a5a\u304d\u3068\u3044\u3076\u304b\u308a": 0.0, "train/f1score_label_\u9a5a\u304d\u3068\u3044\u3076\u304b\u308a": 0.0, "train/accuracy_label_\u305d\u306e\u4ed6": 0.9511599540710449, "train/presicion_label_\u305d\u306e\u4ed6": 0.0, "train/recall_label_\u305d\u306e\u4ed6": 0.0, "train/f1score_label_\u305d\u306e\u4ed6": 0.0, "train/loss": 0.17179378867149353, "test_loss": 0.17253294587135315, "test/multilabelaccuracy": 0.92578125, "test/multilabelprecision": 0.03822313994169235, "test/multilabelrecall": 0.05929487198591232, "test/multilabelf1score": 0.04648241028189659, "test/multilabelmatthewscorrcoef": 0.465072900056839, "_wandb": {"runtime": 180}}