{"val_loss": 0.4911592900753021, "val/multilabelaccuracy": 0.7384196519851685, "val/multilabelprecision": 0.44197314977645874, "val/multilabelrecall": 0.5138309001922607, "val/multilabelf1score": 0.46439677476882935, "val/multilabelmatthewscorrcoef": 0.48012208938598633, "val/accuracy_label_\u3042\u3044\u3065\u3061": 0.9564032554626465, "val/presicion_label_\u3042\u3044\u3065\u3061": 0.9553072452545166, "val/recall_label_\u3042\u3044\u3065\u3061": 1.0, "val/f1score_label_\u3042\u3044\u3065\u3061": 0.977142870426178, "val/accuracy_label_\u611f\u5fc3": 0.8855586051940918, "val/presicion_label_\u611f\u5fc3": 0.8816901445388794, "val/recall_label_\u611f\u5fc3": 1.0, "val/f1score_label_\u611f\u5fc3": 0.9371257424354553, "val/accuracy_label_\u8a55\u4fa1": 0.6376021504402161, "val/presicion_label_\u8a55\u4fa1": 0.0, "val/recall_label_\u8a55\u4fa1": 0.0, "val/f1score_label_\u8a55\u4fa1": 0.0, "val/accuracy_label_\u7e70\u308a\u8fd4\u3057\u5fdc\u7b54": 0.7057220935821533, "val/presicion_label_\u7e70\u308a\u8fd4\u3057\u5fdc\u7b54": 0.6788079738616943, "val/recall_label_\u7e70\u308a\u8fd4\u3057\u5fdc\u7b54": 0.9490740895271301, "val/f1score_label_\u7e70\u308a\u8fd4\u3057\u5fdc\u7b54": 0.7915058135986328, "val/accuracy_label_\u540c\u610f": 0.6457765698432922, "val/presicion_label_\u540c\u610f": 0.0, "val/recall_label_\u540c\u610f": 0.0, "val/f1score_label_\u540c\u610f": 0.0, "val/accuracy_label_\u7d0d\u5f97": 0.7002725005149841, "val/presicion_label_\u7d0d\u5f97": 0.0, "val/recall_label_\u7d0d\u5f97": 0.0, "val/f1score_label_\u7d0d\u5f97": 0.0, "val/accuracy_label_\u9a5a\u304d": 0.7847411632537842, "val/presicion_label_\u9a5a\u304d": 0.4615384638309479, "val/recall_label_\u9a5a\u304d": 0.2368421107530594, "val/f1score_label_\u9a5a\u304d": 0.313043475151062, "val/accuracy_label_\u8a00\u3044\u63db\u3048": 0.5912806391716003, "val/presicion_label_\u8a00\u3044\u63db\u3048": 0.5584415793418884, "val/recall_label_\u8a00\u3044\u63db\u3048": 0.9247311949729919, "val/f1score_label_\u8a00\u3044\u63db\u3048": 0.6963562965393066, "epoch": 4, "trainer/global_step": 184, "_timestamp": 1705458605.0093362, "_runtime": 97.36496233940125, "_step": 11, "train_loss": 0.4977281391620636, "train/multilabelaccuracy": 0.727489709854126, "train/multilabelprecision": 0.49973779916763306, "train/multilabelrecall": 0.5444653034210205, "train/multilabelf1score": 0.47481805086135864, "train/multilabelmatthewscorrcoef": 0.455234169960022, "train/accuracy_label_\u3042\u3044\u3065\u3061": 0.9522510170936584, "train/presicion_label_\u3042\u3044\u3065\u3061": 0.9517574310302734, "train/recall_label_\u3042\u3044\u3065\u3061": 1.0, "train/f1score_label_\u3042\u3044\u3065\u3061": 0.9752824902534485, "train/accuracy_label_\u611f\u5fc3": 0.8499317765235901, "train/presicion_label_\u611f\u5fc3": 0.8528168797492981, "train/recall_label_\u611f\u5fc3": 0.990998387336731, "train/f1score_label_\u611f\u5fc3": 0.916729748249054, "train/accuracy_label_\u8a55\u4fa1": 0.6384720206260681, "train/presicion_label_\u8a55\u4fa1": 0.2857142984867096, "train/recall_label_\u8a55\u4fa1": 0.0037950663827359676, "train/f1score_label_\u8a55\u4fa1": 0.00749063678085804, "train/accuracy_label_\u7e70\u308a\u8fd4\u3057\u5fdc\u7b54": 0.6841745972633362, "train/presicion_label_\u7e70\u308a\u8fd4\u3057\u5fdc\u7b54": 0.6522423028945923, "train/recall_label_\u7e70\u308a\u8fd4\u3057\u5fdc\u7b54": 0.9752941131591797, "train/f1score_label_\u7e70\u308a\u8fd4\u3057\u5fdc\u7b54": 0.7817067503929138, "train/accuracy_label_\u540c\u610f": 0.6746248006820679, "train/presicion_label_\u540c\u610f": 0.3333333432674408, "train/recall_label_\u540c\u610f": 0.008456659503281116, "train/f1score_label_\u540c\u610f": 0.01649484597146511, "train/accuracy_label_\u7d0d\u5f97": 0.7032741904258728, "train/presicion_label_\u7d0d\u5f97": 0.0, "train/recall_label_\u7d0d\u5f97": 0.0, "train/f1score_label_\u7d0d\u5f97": 0.0, "train/accuracy_label_\u9a5a\u304d": 0.6978172063827515, "train/presicion_label_\u9a5a\u304d": 0.3358585834503174, "train/recall_label_\u9a5a\u304d": 0.42492014169692993, "train/f1score_label_\u9a5a\u304d": 0.3751763105392456, "train/accuracy_label_\u8a00\u3044\u63db\u3048": 0.6193724274635315, "train/presicion_label_\u8a00\u3044\u63db\u3048": 0.5861794948577881, "train/recall_label_\u8a00\u3044\u63db\u3048": 0.9522580504417419, "train/f1score_label_\u8a00\u3044\u63db\u3048": 0.7256637215614319, "train/loss": 0.47547823190689087, "test_loss": 0.4897921681404114, "test/multilabelaccuracy": 0.7321428656578064, "test/multilabelprecision": 0.4306117296218872, "test/multilabelrecall": 0.5406784415245056, "test/multilabelf1score": 0.47538474202156067, "test/multilabelmatthewscorrcoef": 0.46584439277648926, "test/accuracy_label_\u3042\u3044\u3065\u3061": 0.9534161686897278, "test/presicion_label_\u3042\u3044\u3065\u3061": 0.9561128616333008, "test/recall_label_\u3042\u3044\u3065\u3061": 0.9967319965362549, "test/f1score_label_\u3042\u3044\u3065\u3061": 0.9760000109672546, "test/accuracy_label_\u611f\u5fc3": 0.8757764101028442, "test/presicion_label_\u611f\u5fc3": 0.8773584961891174, "test/recall_label_\u611f\u5fc3": 0.9964285492897034, "test/f1score_label_\u611f\u5fc3": 0.9331103563308716, "test/accuracy_label_\u8a55\u4fa1": 0.6211180090904236, "test/presicion_label_\u8a55\u4fa1": 0.0, "test/recall_label_\u8a55\u4fa1": 0.0, "test/f1score_label_\u8a55\u4fa1": 0.0, "test/accuracy_label_\u7e70\u308a\u8fd4\u3057\u5fdc\u7b54": 0.7236024737358093, "test/presicion_label_\u7e70\u308a\u8fd4\u3057\u5fdc\u7b54": 0.6953405141830444, "test/recall_label_\u7e70\u308a\u8fd4\u3057\u5fdc\u7b54": 0.9797979593276978, "test/f1score_label_\u7e70\u308a\u8fd4\u3057\u5fdc\u7b54": 0.8134171962738037, "test/accuracy_label_\u540c\u610f": 0.6832298040390015, "test/presicion_label_\u540c\u610f": 0.0, "test/recall_label_\u540c\u610f": 0.0, "test/f1score_label_\u540c\u610f": 0.0, "test/accuracy_label_\u7d0d\u5f97": 0.6397515535354614, "test/presicion_label_\u7d0d\u5f97": 0.0, "test/recall_label_\u7d0d\u5f97": 0.0, "test/f1score_label_\u7d0d\u5f97": 0.0, "test/accuracy_label_\u9a5a\u304d": 0.8198757767677307, "test/presicion_label_\u9a5a\u304d": 0.3962264060974121, "test/recall_label_\u9a5a\u304d": 0.44680851697921753, "test/f1score_label_\u9a5a\u304d": 0.41999998688697815, "test/accuracy_label_\u8a00\u3044\u63db\u3048": 0.5403726696968079, "test/presicion_label_\u8a00\u3044\u63db\u3048": 0.5198556184768677, "test/recall_label_\u8a00\u3044\u63db\u3048": 0.9056603908538818, "test/f1score_label_\u8a00\u3044\u63db\u3048": 0.6605504751205444, "_wandb": {"runtime": 97}}