{"val_loss": 0.6889292001724243, "val/multilabelaccuracy": 0.9390243887901306, "val/multilabelprecision": 0.07037505507469177, "val/multilabelrecall": 0.0892857164144516, "val/multilabelf1score": 0.077814482152462, "val/multilabelmatthewscorrcoef": 0.5852749943733215, "epoch": 3, "trainer/global_step": 103, "_timestamp": 1702438638.388256, "_runtime": 180.72499108314514, "_step": 9, "train_loss": 0.6900004744529724, "train/multilabelaccuracy": 0.932692289352417, "train/multilabelprecision": 0.08476107567548752, "train/multilabelrecall": 0.092529296875, "train/multilabelf1score": 0.08118386566638947, "train/multilabelmatthewscorrcoef": 0.5573946237564087, "train/accuracy_label_0": 0.6410256624221802, "train/presicion_label_0": 0.6410256624221802, "train/recall_label_0": 1.0, "train/f1score_label_0": 0.78125, "train/accuracy_label_1": 0.6959707140922546, "train/presicion_label_1": 0.5151515007019043, "train/recall_label_1": 0.46484375, "train/f1score_label_1": 0.4887063801288605, "train/accuracy_label_2": 0.9181929230690002, "train/presicion_label_2": 0.20000000298023224, "train/recall_label_2": 0.015625, "train/f1score_label_2": 0.028985507786273956, "train/accuracy_label_3": 0.9572649598121643, "train/presicion_label_3": 0.0, "train/recall_label_3": 0.0, "train/f1score_label_3": 0.0, "train/accuracy_label_4": 0.9133089184761047, "train/presicion_label_4": 0.0, "train/recall_label_4": 0.0, "train/f1score_label_4": 0.0, "train/accuracy_label_5": 0.9609279632568359, "train/presicion_label_5": 0.0, "train/recall_label_5": 0.0, "train/f1score_label_5": 0.0, "train/accuracy_label_6": 0.9694749712944031, "train/presicion_label_6": 0.0, "train/recall_label_6": 0.0, "train/f1score_label_6": 0.0, "train/accuracy_label_7": 0.9975579977035522, "train/presicion_label_7": 0.0, "train/recall_label_7": 0.0, "train/f1score_label_7": 0.0, "train/accuracy_label_8": 0.9816849827766418, "train/presicion_label_8": 0.0, "train/recall_label_8": 0.0, "train/f1score_label_8": 0.0, "train/accuracy_label_9": 0.9755799770355225, "train/presicion_label_9": 0.0, "train/recall_label_9": 0.0, "train/f1score_label_9": 0.0, "train/accuracy_label_10": 0.9938949942588806, "train/presicion_label_10": 0.0, "train/recall_label_10": 0.0, "train/f1score_label_10": 0.0, "train/accuracy_label_11": 0.9829059839248657, "train/presicion_label_11": 0.0, "train/recall_label_11": 0.0, "train/f1score_label_11": 0.0, "train/accuracy_label_12": 0.9963369965553284, "train/presicion_label_12": 0.0, "train/recall_label_12": 0.0, "train/f1score_label_12": 0.0, "train/accuracy_label_13": 0.9914529919624329, "train/presicion_label_13": 0.0, "train/recall_label_13": 0.0, "train/f1score_label_13": 0.0, "train/accuracy_label_14": 0.9963369965553284, "train/presicion_label_14": 0.0, "train/recall_label_14": 0.0, "train/f1score_label_14": 0.0, "train/accuracy_label_15": 0.9511599540710449, "train/presicion_label_15": 0.0, "train/recall_label_15": 0.0, "train/f1score_label_15": 0.0, "train/loss": 0.6893858909606934, "_wandb": {"runtime": 186}}