{"val_loss": 0.6430706977844238, "val/multilabelaccuracy": 0.7224114537239075, "val/multilabelprecision": 0.4144574999809265, "val/multilabelrecall": 0.37550467252731323, "val/multilabelf1score": 0.3416866362094879, "val/multilabelmatthewscorrcoef": 0.47223424911499023, "val/accuracy_label_\u3042\u3044\u3065\u3061": 0.9536784887313843, "val/presicion_label_\u3042\u3044\u3065\u3061": 0.9551820755004883, "val/recall_label_\u3042\u3044\u3065\u3061": 0.9970760345458984, "val/f1score_label_\u3042\u3044\u3065\u3061": 0.9756795167922974, "val/accuracy_label_\u611f\u5fc3": 0.8855586051940918, "val/presicion_label_\u611f\u5fc3": 0.8816901445388794, "val/recall_label_\u611f\u5fc3": 1.0, "val/f1score_label_\u611f\u5fc3": 0.9371257424354553, "val/accuracy_label_\u8a55\u4fa1": 0.6376021504402161, "val/presicion_label_\u8a55\u4fa1": 0.0, "val/recall_label_\u8a55\u4fa1": 0.0, "val/f1score_label_\u8a55\u4fa1": 0.0, "val/accuracy_label_\u7e70\u308a\u8fd4\u3057\u5fdc\u7b54": 0.6730245351791382, "val/presicion_label_\u7e70\u308a\u8fd4\u3057\u5fdc\u7b54": 0.6454545259475708, "val/recall_label_\u7e70\u308a\u8fd4\u3057\u5fdc\u7b54": 0.9861111044883728, "val/f1score_label_\u7e70\u308a\u8fd4\u3057\u5fdc\u7b54": 0.7802197933197021, "val/accuracy_label_\u540c\u610f": 0.6457765698432922, "val/presicion_label_\u540c\u610f": 0.5, "val/recall_label_\u540c\u610f": 0.007692307699471712, "val/f1score_label_\u540c\u610f": 0.01515151560306549, "val/accuracy_label_\u7d0d\u5f97": 0.7002725005149841, "val/presicion_label_\u7d0d\u5f97": 0.0, "val/recall_label_\u7d0d\u5f97": 0.0, "val/f1score_label_\u7d0d\u5f97": 0.0, "val/accuracy_label_\u9a5a\u304d": 0.7901907563209534, "val/presicion_label_\u9a5a\u304d": 0.3333333432674408, "val/recall_label_\u9a5a\u304d": 0.01315789483487606, "val/f1score_label_\u9a5a\u304d": 0.025316456332802773, "val/accuracy_label_\u305d\u306e\u4ed6": 0.4931880235671997, "val/presicion_label_\u305d\u306e\u4ed6": 0.0, "val/recall_label_\u305d\u306e\u4ed6": 0.0, "val/f1score_label_\u305d\u306e\u4ed6": 0.0, "epoch": 8, "trainer/global_step": 96, "_timestamp": 1704946534.3300917, "_runtime": 559.9583477973938, "_step": 17, "train_loss": 0.6475055813789368, "train/multilabelaccuracy": 0.7042121887207031, "train/multilabelprecision": 0.4178589880466461, "train/multilabelrecall": 0.4059871435165405, "train/multilabelf1score": 0.3715752065181732, "train/multilabelmatthewscorrcoef": 0.4237339198589325, "train/accuracy_label_\u3042\u3044\u3065\u3061": 0.9536153078079224, "train/presicion_label_\u3042\u3044\u3065\u3061": 0.9536973237991333, "train/recall_label_\u3042\u3044\u3065\u3061": 0.9992758631706238, "train/f1score_label_\u3042\u3044\u3065\u3061": 0.9759547114372253, "train/accuracy_label_\u611f\u5fc3": 0.8465211391448975, "train/presicion_label_\u611f\u5fc3": 0.8503162264823914, "train/recall_label_\u611f\u5fc3": 0.9901800155639648, "train/f1score_label_\u611f\u5fc3": 0.9149338603019714, "train/accuracy_label_\u8a55\u4fa1": 0.6405184268951416, "train/presicion_label_\u8a55\u4fa1": 0.0, "train/recall_label_\u8a55\u4fa1": 0.0, "train/f1score_label_\u8a55\u4fa1": 0.0, "train/accuracy_label_\u7e70\u308a\u8fd4\u3057\u5fdc\u7b54": 0.6466575860977173, "train/presicion_label_\u7e70\u308a\u8fd4\u3057\u5fdc\u7b54": 0.6220588088035583, "train/recall_label_\u7e70\u308a\u8fd4\u3057\u5fdc\u7b54": 0.9952940940856934, "train/f1score_label_\u7e70\u308a\u8fd4\u3057\u5fdc\u7b54": 0.7656108736991882, "train/accuracy_label_\u540c\u610f": 0.66439288854599, "train/presicion_label_\u540c\u610f": 0.30612245202064514, "train/recall_label_\u540c\u610f": 0.031712472438812256, "train/f1score_label_\u540c\u610f": 0.05747126415371895, "train/accuracy_label_\u7d0d\u5f97": 0.7019099593162537, "train/presicion_label_\u7d0d\u5f97": 0.3333333432674408, "train/recall_label_\u7d0d\u5f97": 0.004597701132297516, "train/f1score_label_\u7d0d\u5f97": 0.00907029490917921, "train/accuracy_label_\u9a5a\u304d": 0.7087312340736389, "train/presicion_label_\u9a5a\u304d": 0.27734375, "train/recall_label_\u9a5a\u304d": 0.22683705389499664, "train/f1score_label_\u9a5a\u304d": 0.2495606392621994, "train/accuracy_label_\u305d\u306e\u4ed6": 0.47135061025619507, "train/presicion_label_\u305d\u306e\u4ed6": 0.0, "train/recall_label_\u305d\u306e\u4ed6": 0.0, "train/f1score_label_\u305d\u306e\u4ed6": 0.0, "train/loss": 0.6504732370376587, "test_loss": 0.6418048739433289, "test/multilabelaccuracy": 0.7259316444396973, "test/multilabelprecision": 0.31222033500671387, "test/multilabelrecall": 0.37373656034469604, "test/multilabelf1score": 0.33823204040527344, "test/multilabelmatthewscorrcoef": 0.47899362444877625, "_wandb": {"runtime": 559}}