{"train/loss": 0.6895784735679626, "epoch": 4, "trainer/global_step": 2184, "_timestamp": 1704854112.1289062, "_runtime": 984.3618903160095, "_step": 51, "val_loss": 0.6885641813278198, "val/multilabelaccuracy": 0.9413490295410156, "val/multilabelprecision": 0.07615344226360321, "val/multilabelrecall": 0.0812942236661911, "val/multilabelf1score": 0.0782943144440651, "val/multilabelmatthewscorrcoef": 0.560624897480011, "val/accuracy_label_\u3042\u3044\u3065\u3061": 0.6561355590820312, "val/presicion_label_\u3042\u3044\u3065\u3061": 0.695534884929657, "val/recall_label_\u3042\u3044\u3065\u3061": 0.8268614411354065, "val/f1score_label_\u3042\u3044\u3065\u3061": 0.7555338740348816, "val/accuracy_label_\u611f\u5fc3": 0.7147436141967773, "val/presicion_label_\u611f\u5fc3": 0.5229201912879944, "val/recall_label_\u611f\u5fc3": 0.4738461673259735, "val/f1score_label_\u611f\u5fc3": 0.4971751272678375, "val/accuracy_label_\u8a55\u4fa1": 0.9555860757827759, "val/presicion_label_\u8a55\u4fa1": 0.0, "val/recall_label_\u8a55\u4fa1": 0.0, "val/f1score_label_\u8a55\u4fa1": 0.0, "val/accuracy_label_\u7e70\u308a\u8fd4\u3057\u5fdc\u7b54": 0.9175823926925659, "val/presicion_label_\u7e70\u308a\u8fd4\u3057\u5fdc\u7b54": 0.0, "val/recall_label_\u7e70\u308a\u8fd4\u3057\u5fdc\u7b54": 0.0, "val/f1score_label_\u7e70\u308a\u8fd4\u3057\u5fdc\u7b54": 0.0, "val/accuracy_label_\u540c\u610f": 0.9558150172233582, "val/presicion_label_\u540c\u610f": 0.0, "val/recall_label_\u540c\u610f": 0.0, "val/f1score_label_\u540c\u610f": 0.0, "val/accuracy_label_\u7d0d\u5f97": 0.9686355590820312, "val/presicion_label_\u7d0d\u5f97": 0.0, "val/recall_label_\u7d0d\u5f97": 0.0, "val/f1score_label_\u7d0d\u5f97": 0.0, "val/accuracy_label_\u9a5a\u304d": 0.9736721515655518, "val/presicion_label_\u9a5a\u304d": 0.0, "val/recall_label_\u9a5a\u304d": 0.0, "val/f1score_label_\u9a5a\u304d": 0.0, "val/accuracy_label_\u8a00\u3044\u63db\u3048": 1.0, "val/presicion_label_\u8a00\u3044\u63db\u3048": 0.0, "val/recall_label_\u8a00\u3044\u63db\u3048": 0.0, "val/f1score_label_\u8a00\u3044\u63db\u3048": 0.0, "val/accuracy_label_\u610f\u898b": 0.9913003444671631, "val/presicion_label_\u610f\u898b": 0.0, "val/recall_label_\u610f\u898b": 0.0, "val/f1score_label_\u610f\u898b": 0.0, "val/accuracy_label_\u8003\u3048\u3066\u3044\u308b\u6700\u4e2d": 0.997710645198822, "val/presicion_label_\u8003\u3048\u3066\u3044\u308b\u6700\u4e2d": 0.0, "val/recall_label_\u8003\u3048\u3066\u3044\u308b\u6700\u4e2d": 0.0, "val/f1score_label_\u8003\u3048\u3066\u3044\u308b\u6700\u4e2d": 0.0, "val/accuracy_label_\u4e0d\u540c\u610f": 0.9926739931106567, "val/presicion_label_\u4e0d\u540c\u610f": 0.0, "val/recall_label_\u4e0d\u540c\u610f": 0.0, "val/f1score_label_\u4e0d\u540c\u610f": 0.0, "val/accuracy_label_\u88dc\u5b8c": 0.9919871687889099, "val/presicion_label_\u88dc\u5b8c": 0.0, "val/recall_label_\u88dc\u5b8c": 0.0, "val/f1score_label_\u88dc\u5b8c": 0.0, "val/accuracy_label_\u3042\u3044\u3055\u3064": 0.997710645198822, "val/presicion_label_\u3042\u3044\u3055\u3064": 0.0, "val/recall_label_\u3042\u3044\u3055\u3064": 0.0, "val/f1score_label_\u3042\u3044\u3055\u3064": 0.0, "val/accuracy_label_\u60f3\u8d77": 0.9988552927970886, "val/presicion_label_\u60f3\u8d77": 0.0, "val/recall_label_\u60f3\u8d77": 0.0, "val/f1score_label_\u60f3\u8d77": 0.0, "val/accuracy_label_\u9a5a\u304d\u3068\u3044\u3076\u304b\u308a": 0.9990842342376709, "val/presicion_label_\u9a5a\u304d\u3068\u3044\u3076\u304b\u308a": 0.0, "val/recall_label_\u9a5a\u304d\u3068\u3044\u3076\u304b\u308a": 0.0, "val/f1score_label_\u9a5a\u304d\u3068\u3044\u3076\u304b\u308a": 0.0, "val/accuracy_label_\u305d\u306e\u4ed6": 0.9500916004180908, "val/presicion_label_\u305d\u306e\u4ed6": 0.0, "val/recall_label_\u305d\u306e\u4ed6": 0.0, "val/f1score_label_\u305d\u306e\u4ed6": 0.0, "train_loss": 0.6885513067245483, "train/multilabelaccuracy": 0.938469409942627, "train/multilabelprecision": 0.10315254330635071, "train/multilabelrecall": 0.09179504215717316, "train/multilabelf1score": 0.0918591171503067, "train/multilabelmatthewscorrcoef": 0.5532445311546326, "train/accuracy_label_\u3042\u3044\u3065\u3061": 0.6658653616905212, "train/presicion_label_\u3042\u3044\u3065\u3061": 0.6907532811164856, "train/recall_label_\u3042\u3044\u3065\u3061": 0.8762485384941101, "train/f1score_label_\u3042\u3044\u3065\u3061": 0.7725217938423157, "train/accuracy_label_\u611f\u5fc3": 0.7406708002090454, "train/presicion_label_\u611f\u5fc3": 0.5883159637451172, "train/recall_label_\u611f\u5fc3": 0.41449275612831116, "train/f1score_label_\u611f\u5fc3": 0.48633942008018494, "train/accuracy_label_\u8a55\u4fa1": 0.9590773582458496, "train/presicion_label_\u8a55\u4fa1": 0.0, "train/recall_label_\u8a55\u4fa1": 0.0, "train/f1score_label_\u8a55\u4fa1": 0.0, "train/accuracy_label_\u7e70\u308a\u8fd4\u3057\u5fdc\u7b54": 0.9178686141967773, "train/presicion_label_\u7e70\u308a\u8fd4\u3057\u5fdc\u7b54": 0.12883435189723969, "train/recall_label_\u7e70\u308a\u8fd4\u3057\u5fdc\u7b54": 0.015981735661625862, "train/f1score_label_\u7e70\u308a\u8fd4\u3057\u5fdc\u7b54": 0.028436018154025078, "train/accuracy_label_\u540c\u610f": 0.941220223903656, "train/presicion_label_\u540c\u610f": 0.08677686005830765, "train/recall_label_\u540c\u610f": 0.025392986834049225, "train/f1score_label_\u540c\u610f": 0.03928905352950096, "train/accuracy_label_\u7d0d\u5f97": 0.9713255763053894, "train/presicion_label_\u7d0d\u5f97": 0.0, "train/recall_label_\u7d0d\u5f97": 0.0, "train/f1score_label_\u7d0d\u5f97": 0.0, "train/accuracy_label_\u9a5a\u304d": 0.9767056107521057, "train/presicion_label_\u9a5a\u304d": 0.0, "train/recall_label_\u9a5a\u304d": 0.0, "train/f1score_label_\u9a5a\u304d": 0.0, "train/accuracy_label_\u8a00\u3044\u63db\u3048": 0.977277934551239, "train/presicion_label_\u8a00\u3044\u63db\u3048": 0.0, "train/recall_label_\u8a00\u3044\u63db\u3048": 0.0, "train/f1score_label_\u8a00\u3044\u63db\u3048": 0.0, "train/accuracy_label_\u610f\u898b": 0.9792811274528503, "train/presicion_label_\u610f\u898b": 0.03846153989434242, "train/recall_label_\u610f\u898b": 0.0470588244497776, "train/f1score_label_\u610f\u898b": 0.042328041046857834, "train/accuracy_label_\u8003\u3048\u3066\u3044\u308b\u6700\u4e2d": 0.9889537692070007, "train/presicion_label_\u8003\u3048\u3066\u3044\u308b\u6700\u4e2d": 0.019607843831181526, "train/recall_label_\u8003\u3048\u3066\u3044\u308b\u6700\u4e2d": 0.021052632480859756, "train/f1score_label_\u8003\u3048\u3066\u3044\u308b\u6700\u4e2d": 0.020304568111896515, "train/accuracy_label_\u4e0d\u540c\u610f": 0.9937041997909546, "train/presicion_label_\u4e0d\u540c\u610f": 0.0, "train/recall_label_\u4e0d\u540c\u610f": 0.0, "train/f1score_label_\u4e0d\u540c\u610f": 0.0, "train/accuracy_label_\u88dc\u5b8c": 0.9888392686843872, "train/presicion_label_\u88dc\u5b8c": 0.0, "train/recall_label_\u88dc\u5b8c": 0.0, "train/f1score_label_\u88dc\u5b8c": 0.0, "train/accuracy_label_\u3042\u3044\u3055\u3064": 0.996623158454895, "train/presicion_label_\u3042\u3044\u3055\u3064": 0.0, "train/recall_label_\u3042\u3044\u3055\u3064": 0.0, "train/f1score_label_\u3042\u3044\u3055\u3064": 0.0, "train/accuracy_label_\u60f3\u8d77": 0.9904990792274475, "train/presicion_label_\u60f3\u8d77": 0.0, "train/recall_label_\u60f3\u8d77": 0.0, "train/f1score_label_\u60f3\u8d77": 0.0, "train/accuracy_label_\u9a5a\u304d\u3068\u3044\u3076\u304b\u308a": 0.9994848966598511, "train/presicion_label_\u9a5a\u304d\u3068\u3044\u3076\u304b\u308a": 0.0, "train/recall_label_\u9a5a\u304d\u3068\u3044\u3076\u304b\u308a": 0.0, "train/f1score_label_\u9a5a\u304d\u3068\u3044\u3076\u304b\u308a": 0.0, "train/accuracy_label_\u305d\u306e\u4ed6": 0.928113579750061, "train/presicion_label_\u305d\u306e\u4ed6": 0.09769093990325928, "train/recall_label_\u305d\u306e\u4ed6": 0.06849315017461777, "train/f1score_label_\u305d\u306e\u4ed6": 0.08052708953619003, "test_loss": 0.6886532306671143, "test/multilabelaccuracy": 0.9429312944412231, "test/multilabelprecision": 0.07637369632720947,