{"val_loss": 0.882968008518219, "epoch": 1, "trainer/global_step": 15, "_timestamp": 1687325837.0071166, "_runtime": 1039.2827355861664, "_step": 1, "_wandb": {"runtime": 1042}}