{"train/loss": 0.5043432116508484, "epoch": 8, "trainer/global_step": 1472, "_timestamp": 1705563115.0393124, "_runtime": 195.03138828277588, "_step": 45, "val_loss": 0.5417471528053284, "val/multilabelaccuracy": 0.7574931979179382, "val/multilabelprecision": 0.5903152823448181, "val/multilabelrecall": 0.7484452128410339, "val/multilabelf1score": 0.6571120619773865, "val/multilabelmatthewscorrcoef": 0.5223245024681091, "val/accuracy_label_\u3042\u3044\u3065\u3061": 0.9564032554626465, "val/presicion_label_\u3042\u3044\u3065\u3061": 0.9553072452545166, "val/recall_label_\u3042\u3044\u3065\u3061": 1.0, "val/f1score_label_\u3042\u3044\u3065\u3061": 0.977142870426178, "val/accuracy_label_\u611f\u5fc3": 0.8937329649925232, "val/presicion_label_\u611f\u5fc3": 0.8892045617103577, "val/recall_label_\u611f\u5fc3": 1.0, "val/f1score_label_\u611f\u5fc3": 0.9413533806800842, "val/accuracy_label_\u8a55\u4fa1": 0.6702997088432312, "val/presicion_label_\u8a55\u4fa1": 0.5352941155433655, "val/recall_label_\u8a55\u4fa1": 0.6842105388641357, "val/f1score_label_\u8a55\u4fa1": 0.6006600856781006, "val/accuracy_label_\u7e70\u308a\u8fd4\u3057\u5fdc\u7b54": 0.7029972672462463, "val/presicion_label_\u7e70\u308a\u8fd4\u3057\u5fdc\u7b54": 0.6777408719062805, "val/recall_label_\u7e70\u308a\u8fd4\u3057\u5fdc\u7b54": 0.9444444179534912, "val/f1score_label_\u7e70\u308a\u8fd4\u3057\u5fdc\u7b54": 0.7891682982444763, "val/accuracy_label_\u540c\u610f": 0.667574942111969, "val/presicion_label_\u540c\u610f": 0.5204081535339355, "val/recall_label_\u540c\u610f": 0.7846153974533081, "val/f1score_label_\u540c\u610f": 0.6257668733596802, "val/accuracy_label_\u7d0d\u5f97": 0.7356948256492615, "val/presicion_label_\u7d0d\u5f97": 0.5474452376365662, "val/recall_label_\u7d0d\u5f97": 0.6818181872367859, "val/f1score_label_\u7d0d\u5f97": 0.6072874665260315, "val/accuracy_label_\u9a5a\u304d": 0.7929155230522156, "val/presicion_label_\u9a5a\u304d": 0.0, "val/recall_label_\u9a5a\u304d": 0.0, "val/f1score_label_\u9a5a\u304d": 0.0, "val/accuracy_label_\u8a00\u3044\u63db\u3048": 0.640326976776123, "val/presicion_label_\u8a00\u3044\u63db\u3048": 0.597122311592102, "val/recall_label_\u8a00\u3044\u63db\u3048": 0.8924731016159058, "val/f1score_label_\u8a00\u3044\u63db\u3048": 0.7155172228813171, "train_loss": 0.5442403554916382, "train/multilabelaccuracy": 0.7434345483779907, "train/multilabelprecision": 0.5708795785903931, "train/multilabelrecall": 0.7964097261428833, "train/multilabelf1score": 0.6596169471740723, "train/multilabelmatthewscorrcoef": 0.5068405270576477, "train/accuracy_label_\u3042\u3044\u3065\u3061": 0.9563437700271606, "train/presicion_label_\u3042\u3044\u3065\u3061": 0.9569743275642395, "train/recall_label_\u3042\u3044\u3065\u3061": 0.9985517859458923, "train/f1score_label_\u3042\u3044\u3065\u3061": 0.9773210287094116, "train/accuracy_label_\u611f\u5fc3": 0.8533424139022827, "train/presicion_label_\u611f\u5fc3": 0.8538299202919006, "train/recall_label_\u611f\u5fc3": 0.9942716956138611, "train/f1score_label_\u611f\u5fc3": 0.9187145829200745, "train/accuracy_label_\u8a55\u4fa1": 0.6650750637054443, "train/presicion_label_\u8a55\u4fa1": 0.5216346383094788, "train/recall_label_\u8a55\u4fa1": 0.8235294222831726, "train/f1score_label_\u8a55\u4fa1": 0.6387049555778503, "train/accuracy_label_\u7e70\u308a\u8fd4\u3057\u5fdc\u7b54": 0.6889495253562927, "train/presicion_label_\u7e70\u308a\u8fd4\u3057\u5fdc\u7b54": 0.6534267663955688, "train/recall_label_\u7e70\u308a\u8fd4\u3057\u5fdc\u7b54": 0.9870588183403015, "train/f1score_label_\u7e70\u308a\u8fd4\u3057\u5fdc\u7b54": 0.7863167524337769, "train/accuracy_label_\u540c\u610f": 0.6548430919647217, "train/presicion_label_\u540c\u610f": 0.48004835844039917, "train/recall_label_\u540c\u610f": 0.8393234610557556, "train/f1score_label_\u540c\u610f": 0.6107692122459412, "train/accuracy_label_\u7d0d\u5f97": 0.7073670029640198, "train/presicion_label_\u7d0d\u5f97": 0.5045045018196106, "train/recall_label_\u7d0d\u5f97": 0.7724137902259827, "train/f1score_label_\u7d0d\u5f97": 0.6103542447090149, "train/accuracy_label_\u9a5a\u304d": 0.7864938378334045, "train/presicion_label_\u9a5a\u304d": 0.0, "train/recall_label_\u9a5a\u304d": 0.0, "train/f1score_label_\u9a5a\u304d": 0.0, "train/accuracy_label_\u8a00\u3044\u63db\u3048": 0.6350613832473755, "train/presicion_label_\u8a00\u3044\u63db\u3048": 0.5966183543205261, "train/recall_label_\u8a00\u3044\u63db\u3048": 0.9561290144920349, "train/f1score_label_\u8a00\u3044\u63db\u3048": 0.7347545623779297, "test_loss": 0.5407443642616272, "test/multilabelaccuracy": 0.7414596080780029, "test/multilabelprecision": 0.5732572078704834, "test/multilabelrecall": 0.7961235046386719, "test/multilabelf1score": 0.6590359210968018, "test/multilabelmatthewscorrcoef": 0.5040255784988403, "test/accuracy_label_\u3042\u3044\u3065\u3061": 0.9503105878829956, "test/presicion_label_\u3042\u3044\u3065\u3061": 0.955974817276001, "test/recall_label_\u3042\u3044\u3065\u3061": 0.9934640526771545, "test/f1score_label_\u3042\u3044\u3065\u3061": 0.9743589758872986, "test/accuracy_label_\u611f\u5fc3": 0.8757764101028442, "test/presicion_label_\u611f\u5fc3": 0.8773584961891174, "test/recall_label_\u611f\u5fc3": 0.9964285492897034, "test/f1score_label_\u611f\u5fc3": 0.9331103563308716, "test/accuracy_label_\u8a55\u4fa1": 0.6211180090904236, "test/presicion_label_\u8a55\u4fa1": 0.5, "test/recall_label_\u8a55\u4fa1": 0.7786885499954224, "test/f1score_label_\u8a55\u4fa1": 0.6089743375778198, "test/accuracy_label_\u7e70\u308a\u8fd4\u3057\u5fdc\u7b54": 0.7329192757606506, "test/presicion_label_\u7e70\u308a\u8fd4\u3057\u5fdc\u7b54": 0.6985815763473511, "test/recall_label_\u7e70\u308a\u8fd4\u3057\u5fdc\u7b54": 0.9949495196342468, "test/f1score_label_\u7e70\u308a\u8fd4\u3057\u5fdc\u7b54": 0.8208333253860474, "test/accuracy_label_\u540c\u610f": 0.6304348111152649, "test/presicion_label_\u540c\u610f": 0.45933014154434204, "test/recall_label_\u540c\u610f": 0.9411764740943909, "test/f1score_label_\u540c\u610f": 0.6173633337020874, "test/accuracy_label_\u7d0d\u5f97": 0.6925466060638428, "test/presicion_label_\u7d0d\u5f97": 0.553459107875824, "test/recall_label_\u7d0d\u5f97": 0.7586206793785095, "test/f1score_label_\u7d0d\u5f97": 0.6399999856948853, "test/accuracy_label_\u9a5a\u304d": 0.8540372848510742, "test/presicion_label_\u9a5a\u304d": 0.0, "test/recall_label_\u9a5a\u304d": 0.0, "test/f1score_label_\u9a5a\u304d": 0.0, "test/accuracy_label_\u8a00\u3044\u63db\u3048": 0.5745341777801514, "test/presicion_label_\u8a00\u3044\u63db\u3048": 0.5413534045219421, "test/recall_label_\u8a00\u3044\u63db\u3048": 0.9056603908538818, "test/f1score_label_\u8a00\u3044\u63db\u3048": 0.677647054195404, "_wandb": {"runtime": 195}}