{"val_loss": 0.6904957294464111, "val/multilabelaccuracy": 0.9365853667259216, "val/multilabelprecision": 0.630630612373352, "val/multilabelrecall": 0.5263158082962036, "val/multilabelf1score": 0.5737704634666443, "val/multilabelmatthewscorrcoef": 0.5423916578292847, "epoch": 0, "trainer/global_step": 25, "_timestamp": 1701829919.9276505, "_runtime": 76.18159747123718, "_step": 0, "_wandb": {"runtime": 76}}