{"val_loss": 0.6924203038215637, "val/multilabelaccuracy": 0.9265244007110596, "val/multilabelprecision": 0.5661375522613525, "val/multilabelrecall": 0.4022556245326996, "val/multilabelf1score": 0.4703296720981598, "val/multilabelmatthewscorrcoef": 0.4393598139286041, "epoch": 0, "trainer/global_step": 25, "_timestamp": 1701839706.9657369, "_runtime": 41.87423491477966, "_step": 0, "_wandb": {"runtime": 41}}