{"val_loss": 0.16610415279865265, "val/multilabelaccuracy": 0.7903610467910767, "val/multilabelprecision": 0.16158577799797058, "val/multilabelrecall": 0.19127598404884338, "val/multilabelf1score": 0.1664903461933136, "val/multilabelmatthewscorrcoef": 0.42003706097602844, "val/accuracy_label_\u3042\u3044\u3065\u3061": 0.9482288956642151, "val/presicion_label_\u3042\u3044\u3065\u3061": 0.9495798349380493, "val/recall_label_\u3042\u3044\u3065\u3061": 0.9970588088035583, "val/f1score_label_\u3042\u3044\u3065\u3061": 0.9727402925491333, "val/accuracy_label_\u611f\u5fc3": 0.14441417157649994, "val/presicion_label_\u611f\u5fc3": 0.0, "val/recall_label_\u611f\u5fc3": 0.0, "val/f1score_label_\u611f\u5fc3": 0.0, "val/accuracy_label_\u8a55\u4fa1": 0.5367847681045532, "val/presicion_label_\u8a55\u4fa1": 0.4173228442668915, "val/recall_label_\u8a55\u4fa1": 0.828125, "val/f1score_label_\u8a55\u4fa1": 0.554973840713501, "val/accuracy_label_\u7e70\u308a\u8fd4\u3057\u5fdc\u7b54": 0.6839237213134766, "val/presicion_label_\u7e70\u308a\u8fd4\u3057\u5fdc\u7b54": 0.6498422622680664, "val/recall_label_\u7e70\u308a\u8fd4\u3057\u5fdc\u7b54": 0.9763033390045166, "val/f1score_label_\u7e70\u308a\u8fd4\u3057\u5fdc\u7b54": 0.7803030014038086, "val/accuracy_label_\u540c\u610f": 0.6376021504402161, "val/presicion_label_\u540c\u610f": 0.0, "val/recall_label_\u540c\u610f": 0.0, "val/f1score_label_\u540c\u610f": 0.0, "val/accuracy_label_\u7d0d\u5f97": 0.7138964533805847, "val/presicion_label_\u7d0d\u5f97": 0.5686274766921997, "val/recall_label_\u7d0d\u5f97": 0.2589285671710968, "val/f1score_label_\u7d0d\u5f97": 0.3558282256126404, "val/accuracy_label_\u9a5a\u304d": 0.7874659299850464, "val/presicion_label_\u9a5a\u304d": 0.0, "val/recall_label_\u9a5a\u304d": 0.0, "val/f1score_label_\u9a5a\u304d": 0.0, "val/accuracy_label_\u8a00\u3044\u63db\u3048": 1.0, "val/presicion_label_\u8a00\u3044\u63db\u3048": 0.0, "val/recall_label_\u8a00\u3044\u63db\u3048": 0.0, "val/f1score_label_\u8a00\u3044\u63db\u3048": 0.0, "val/accuracy_label_\u610f\u898b": 0.8719345927238464, "val/presicion_label_\u610f\u898b": 0.0, "val/recall_label_\u610f\u898b": 0.0, "val/f1score_label_\u610f\u898b": 0.0, "val/accuracy_label_\u8003\u3048\u3066\u3044\u308b\u6700\u4e2d": 0.9318801164627075, "val/presicion_label_\u8003\u3048\u3066\u3044\u308b\u6700\u4e2d": 0.0, "val/recall_label_\u8003\u3048\u3066\u3044\u308b\u6700\u4e2d": 0.0, "val/f1score_label_\u8003\u3048\u3066\u3044\u308b\u6700\u4e2d": 0.0, "val/accuracy_label_\u4e0d\u540c\u610f": 0.9564032554626465, "val/presicion_label_\u4e0d\u540c\u610f": 0.0, "val/recall_label_\u4e0d\u540c\u610f": 0.0, "val/f1score_label_\u4e0d\u540c\u610f": 0.0, "val/accuracy_label_\u88dc\u5b8c": 0.8228882551193237, "val/presicion_label_\u88dc\u5b8c": 0.0, "val/recall_label_\u88dc\u5b8c": 0.0, "val/f1score_label_\u88dc\u5b8c": 0.0, "val/accuracy_label_\u3042\u3044\u3055\u3064": 0.9645776748657227, "val/presicion_label_\u3042\u3044\u3055\u3064": 0.0, "val/recall_label_\u3042\u3044\u3055\u3064": 0.0, "val/f1score_label_\u3042\u3044\u3055\u3064": 0.0, "val/accuracy_label_\u60f3\u8d77": 0.9918256402015686, "val/presicion_label_\u60f3\u8d77": 0.0, "val/recall_label_\u60f3\u8d77": 0.0, "val/f1score_label_\u60f3\u8d77": 0.0, "val/accuracy_label_\u9a5a\u304d\u3068\u3044\u3076\u304b\u308a": 0.9945504069328308, "val/presicion_label_\u9a5a\u304d\u3068\u3044\u3076\u304b\u308a": 0.0, "val/recall_label_\u9a5a\u304d\u3068\u3044\u3076\u304b\u308a": 0.0, "val/f1score_label_\u9a5a\u304d\u3068\u3044\u3076\u304b\u308a": 0.0, "val/accuracy_label_\u305d\u306e\u4ed6": 0.6594005227088928, "val/presicion_label_\u305d\u306e\u4ed6": 0.0, "val/recall_label_\u305d\u306e\u4ed6": 0.0, "val/f1score_label_\u305d\u306e\u4ed6": 0.0, "epoch": 4, "trainer/global_step": 184, "_timestamp": 1705470399.2585144, "_runtime": 106.7764413356781, "_step": 11, "train_loss": 0.1661432981491089, "train/multilabelaccuracy": 0.7819539308547974, "train/multilabelprecision": 0.19660945236682892, "train/multilabelrecall": 0.20035895705223083, "train/multilabelf1score": 0.17521339654922485, "train/multilabelmatthewscorrcoef": 0.40315237641334534, "train/accuracy_label_\u3042\u3044\u3065\u3061": 0.9508532285690308, "train/presicion_label_\u3042\u3044\u3065\u3061": 0.951724112033844, "train/recall_label_\u3042\u3044\u3065\u3061": 0.9985527992248535, "train/f1score_label_\u3042\u3044\u3065\u3061": 0.9745762944221497, "train/accuracy_label_\u611f\u5fc3": 0.16723549365997314, "train/presicion_label_\u611f\u5fc3": 0.0, "train/recall_label_\u611f\u5fc3": 0.0, "train/f1score_label_\u611f\u5fc3": 0.0, "train/accuracy_label_\u8a55\u4fa1": 0.6102389097213745, "train/presicion_label_\u8a55\u4fa1": 0.4792332351207733, "train/recall_label_\u8a55\u4fa1": 0.8458646535873413, "train/f1score_label_\u8a55\u4fa1": 0.6118286848068237, "train/accuracy_label_\u7e70\u308a\u8fd4\u3057\u5fdc\u7b54": 0.6832764744758606, "train/presicion_label_\u7e70\u308a\u8fd4\u3057\u5fdc\u7b54": 0.6525821685791016, "train/recall_label_\u7e70\u308a\u8fd4\u3057\u5fdc\u7b54": 0.976580798625946, "train/f1score_label_\u7e70\u308a\u8fd4\u3057\u5fdc\u7b54": 0.7823639512062073, "train/accuracy_label_\u540c\u610f": 0.6791808605194092, "train/presicion_label_\u540c\u610f": 0.0, "train/recall_label_\u540c\u610f": 0.0, "train/f1score_label_\u540c\u610f": 0.0, "train/accuracy_label_\u7d0d\u5f97": 0.6812286972999573, "train/presicion_label_\u7d0d\u5f97": 0.4111675024032593, "train/recall_label_\u7d0d\u5f97": 0.1875, "train/f1score_label_\u7d0d\u5f97": 0.2575516700744629, "train/accuracy_label_\u9a5a\u304d": 0.7870306968688965, "train/presicion_label_\u9a5a\u304d": 0.5, "train/recall_label_\u9a5a\u304d": 0.006410256493836641, "train/f1score_label_\u9a5a\u304d": 0.012658228166401386, "train/accuracy_label_\u8a00\u3044\u63db\u3048": 0.9993174076080322, "train/presicion_label_\u8a00\u3044\u63db\u3048": 0.0, "train/recall_label_\u8a00\u3044\u63db\u3048": 0.0, "train/f1score_label_\u8a00\u3044\u63db\u3048": 0.0, "train/accuracy_label_\u610f\u898b": 0.8614334464073181, "train/presicion_label_\u610f\u898b": 0.0, "train/recall_label_\u610f\u898b": 0.0, "train/f1score_label_\u610f\u898b": 0.0, "train/accuracy_label_\u8003\u3048\u3066\u3044\u308b\u6700\u4e2d": 0.8116040825843811, "train/presicion_label_\u8003\u3048\u3066\u3044\u308b\u6700\u4e2d": 0.07344632595777512, "train/recall_label_\u8003\u3048\u3066\u3044\u308b\u6700\u4e2d": 0.10400000214576721, "train/f1score_label_\u8003\u3048\u3066\u3044\u308b\u6700\u4e2d": 0.08609271794557571, "train/accuracy_label_\u4e0d\u540c\u610f": 0.9419795274734497, "train/presicion_label_\u4e0d\u540c\u610f": 0.0, "train/recall_label_\u4e0d\u540c\u610f": 0.0, "train/f1score_label_\u4e0d\u540c\u610f": 0.0, "train/accuracy_label_\u88dc\u5b8c": 0.8184300065040588, "train/presicion_label_\u88dc\u5b8c": 0.0, "train/recall_label_\u88dc\u5b8c": 0.0, "train/f1score_label_\u88dc\u5b8c": 0.0, "train/accuracy_label_\u3042\u3044\u3055\u3064": 0.9412969350814819, "train/presicion_label_\u3042\u3044\u3055\u3064": 0.05128205195069313, "train/recall_label_\u3042\u3044\u3055\u3064": 0.03921568766236305, "train/f1score_label_\u3042\u3044\u3055\u3064": 0.04444444552063942, "train/accuracy_label_\u60f3\u8d77": 0.9610921740531921, "train/presicion_label_\u60f3\u8d77": 0.02631578966975212, "train/recall_label_\u60f3\u8d77": 0.0476190485060215, "train/f1score_label_\u60f3\u8d77": 0.033898305147886276, "train/accuracy_label_\u9a5a\u304d\u3068\u3044\u3076\u304b\u308a": 0.9713310599327087, "train/presicion_label_\u9a5a\u304d\u3068\u3044\u3076\u304b\u308a": 0.0, "train/recall_label_\u9a5a\u304d\u3068\u3044\u3076\u304b\u308a": 0.0, "train/f1score_label_\u9a5a\u304d\u3068\u3044\u3076\u304b\u308a": 0.0, "train/accuracy_label_\u305d\u306e\u4ed6": 0.6457337737083435, "train/presicion_label_\u305d\u306e\u4ed6": 0.0, "train/recall_label_\u305d\u306e\u4ed6": 0.0, "train/f1score_label_\u305d\u306e\u4ed6": 0.0, "train/loss": 0.16568149626255035, "test_loss": 0.16564153134822845,