{"train/loss": 0.6592634916305542, "epoch": 8, "trainer/global_step": 1472, "_timestamp": 1706081816.605358, "_runtime": 212.67157578468323, "_step": 45, "val_loss": 0.6660207509994507, "val/multilabelaccuracy": 0.8560967445373535, "val/multilabelprecision": 0.3073625862598419, "val/multilabelrecall": 0.30923113226890564, "val/multilabelf1score": 0.3064056634902954, "val/multilabelmatthewscorrcoef": 0.6259629130363464, "val/accuracy_label_\u3042\u3044\u3065\u3061": 0.9509536623954773, "val/presicion_label_\u3042\u3044\u3065\u3061": 0.9497206807136536, "val/recall_label_\u3042\u3044\u3065\u3061": 1.0, "val/f1score_label_\u3042\u3044\u3065\u3061": 0.9742120504379272, "val/accuracy_label_\u611f\u5fc3": 0.8692098259925842, "val/presicion_label_\u611f\u5fc3": 0.9130434989929199, "val/recall_label_\u611f\u5fc3": 0.9363057613372803, "val/f1score_label_\u611f\u5fc3": 0.9245283007621765, "val/accuracy_label_\u8a55\u4fa1": 0.7002725005149841, "val/presicion_label_\u8a55\u4fa1": 0.557692289352417, "val/recall_label_\u8a55\u4fa1": 0.6796875, "val/f1score_label_\u8a55\u4fa1": 0.6126760840415955, "val/accuracy_label_\u7e70\u308a\u8fd4\u3057\u5fdc\u7b54": 0.7193460464477539, "val/presicion_label_\u7e70\u308a\u8fd4\u3057\u5fdc\u7b54": 0.7142857313156128, "val/recall_label_\u7e70\u308a\u8fd4\u3057\u5fdc\u7b54": 0.8530805706977844, "val/f1score_label_\u7e70\u308a\u8fd4\u3057\u5fdc\u7b54": 0.7775378227233887, "val/accuracy_label_\u540c\u610f": 0.7084468603134155, "val/presicion_label_\u540c\u610f": 0.6048387289047241, "val/recall_label_\u540c\u610f": 0.5639097690582275, "val/f1score_label_\u540c\u610f": 0.5836575627326965, "val/accuracy_label_\u7d0d\u5f97": 0.7084468603134155, "val/presicion_label_\u7d0d\u5f97": 0.5287356376647949, "val/recall_label_\u7d0d\u5f97": 0.4107142984867096, "val/f1score_label_\u7d0d\u5f97": 0.4623115658760071, "val/accuracy_label_\u9a5a\u304d": 0.7901907563209534, "val/presicion_label_\u9a5a\u304d": 0.0, "val/recall_label_\u9a5a\u304d": 0.0, "val/f1score_label_\u9a5a\u304d": 0.0, "val/accuracy_label_\u8a00\u3044\u63db\u3048": 1.0, "val/presicion_label_\u8a00\u3044\u63db\u3048": 0.0, "val/recall_label_\u8a00\u3044\u63db\u3048": 0.0, "val/f1score_label_\u8a00\u3044\u63db\u3048": 0.0, "val/accuracy_label_\u610f\u898b": 0.8555858135223389, "val/presicion_label_\u610f\u898b": 0.0, "val/recall_label_\u610f\u898b": 0.0, "val/f1score_label_\u610f\u898b": 0.0, "val/accuracy_label_\u8003\u3048\u3066\u3044\u308b\u6700\u4e2d": 0.9237056970596313, "val/presicion_label_\u8003\u3048\u3066\u3044\u308b\u6700\u4e2d": 0.0, "val/recall_label_\u8003\u3048\u3066\u3044\u308b\u6700\u4e2d": 0.0, "val/f1score_label_\u8003\u3048\u3066\u3044\u308b\u6700\u4e2d": 0.0, "val/accuracy_label_\u4e0d\u540c\u610f": 0.9564032554626465, "val/presicion_label_\u4e0d\u540c\u610f": 0.0, "val/recall_label_\u4e0d\u540c\u610f": 0.0, "val/f1score_label_\u4e0d\u540c\u610f": 0.0, "val/accuracy_label_\u88dc\u5b8c": 0.8228882551193237, "val/presicion_label_\u88dc\u5b8c": 0.0, "val/recall_label_\u88dc\u5b8c": 0.0, "val/f1score_label_\u88dc\u5b8c": 0.0, "val/accuracy_label_\u3042\u3044\u3055\u3064": 0.9700272679328918, "val/presicion_label_\u3042\u3044\u3055\u3064": 0.0, "val/recall_label_\u3042\u3044\u3055\u3064": 0.0, "val/f1score_label_\u3042\u3044\u3055\u3064": 0.0, "val/accuracy_label_\u60f3\u8d77": 0.9945504069328308, "val/presicion_label_\u60f3\u8d77": 0.0, "val/recall_label_\u60f3\u8d77": 0.0, "val/f1score_label_\u60f3\u8d77": 0.0, "val/accuracy_label_\u9a5a\u304d\u3068\u3044\u3076\u304b\u308a": 0.9891008138656616, "val/presicion_label_\u9a5a\u304d\u3068\u3044\u3076\u304b\u308a": 0.0, "val/recall_label_\u9a5a\u304d\u3068\u3044\u3076\u304b\u308a": 0.0, "val/f1score_label_\u9a5a\u304d\u3068\u3044\u3076\u304b\u308a": 0.0, "val/accuracy_label_\u305d\u306e\u4ed6": 0.7384195923805237, "val/presicion_label_\u305d\u306e\u4ed6": 0.6494845151901245, "val/recall_label_\u305d\u306e\u4ed6": 0.5040000081062317, "val/f1score_label_\u305d\u306e\u4ed6": 0.5675675868988037, "train_loss": 0.666159987449646, "train/multilabelaccuracy": 0.8145904541015625, "train/multilabelprecision": 0.3238268792629242, "train/multilabelrecall": 0.42454344034194946, "train/multilabelf1score": 0.3585059642791748, "train/multilabelmatthewscorrcoef": 0.5682831406593323, "train/accuracy_label_\u3042\u3044\u3065\u3061": 0.9597269892692566, "train/presicion_label_\u3042\u3044\u3065\u3061": 0.9609755873680115, "train/recall_label_\u3042\u3044\u3065\u3061": 0.997829258441925, "train/f1score_label_\u3042\u3044\u3065\u3061": 0.9790557622909546, "train/accuracy_label_\u611f\u5fc3": 0.8546075224876404, "train/presicion_label_\u611f\u5fc3": 0.8640636205673218, "train/recall_label_\u611f\u5fc3": 0.9795082211494446, "train/f1score_label_\u611f\u5fc3": 0.9181713461875916, "train/accuracy_label_\u8a55\u4fa1": 0.6293515563011169, "train/presicion_label_\u8a55\u4fa1": 0.4942767918109894, "train/recall_label_\u8a55\u4fa1": 0.8928571343421936, "train/f1score_label_\u8a55\u4fa1": 0.6363027691841125, "train/accuracy_label_\u7e70\u308a\u8fd4\u3057\u5fdc\u7b54": 0.703071653842926, "train/presicion_label_\u7e70\u308a\u8fd4\u3057\u5fdc\u7b54": 0.6701868176460266, "train/recall_label_\u7e70\u308a\u8fd4\u3057\u5fdc\u7b54": 0.966042160987854, "train/f1score_label_\u7e70\u308a\u8fd4\u3057\u5fdc\u7b54": 0.7913669347763062, "train/accuracy_label_\u540c\u610f": 0.6832764744758606, "train/presicion_label_\u540c\u610f": 0.5043227672576904, "train/recall_label_\u540c\u610f": 0.7446808218955994, "train/f1score_label_\u540c\u610f": 0.6013745665550232, "train/accuracy_label_\u7d0d\u5f97": 0.6805460453033447, "train/presicion_label_\u7d0d\u5f97": 0.47337278723716736, "train/recall_label_\u7d0d\u5f97": 0.7407407164573669, "train/f1score_label_\u7d0d\u5f97": 0.577617347240448, "train/accuracy_label_\u9a5a\u304d": 0.7870306968688965, "train/presicion_label_\u9a5a\u304d": 0.0, "train/recall_label_\u9a5a\u304d": 0.0, "train/f1score_label_\u9a5a\u304d": 0.0, "train/accuracy_label_\u8a00\u3044\u63db\u3048": 1.0, "train/presicion_label_\u8a00\u3044\u63db\u3048": 0.0, "train/recall_label_\u8a00\u3044\u63db\u3048": 0.0, "train/f1score_label_\u8a00\u3044\u63db\u3048": 0.0, "train/accuracy_label_\u610f\u898b": 0.8156996369361877, "train/presicion_label_\u610f\u898b": 0.12359550595283508, "train/recall_label_\u610f\u898b": 0.054187193512916565, "train/f1score_label_\u610f\u898b": 0.07534246891736984, "train/accuracy_label_\u8003\u3048\u3066\u3044\u308b\u6700\u4e2d": 0.8580204844474792, "train/presicion_label_\u8003\u3048\u3066\u3044\u308b\u6700\u4e2d": 0.14529915153980255, "train/recall_label_\u8003\u3048\u3066\u3044\u308b\u6700\u4e2d": 0.13600000739097595, "train/f1score_label_\u8003\u3048\u3066\u3044\u308b\u6700\u4e2d": 0.14049586653709412, "train/accuracy_label_\u4e0d\u540c\u610f": 0.8798635005950928, "train/presicion_label_\u4e0d\u540c\u610f": 0.08849557489156723, "train/recall_label_\u4e0d\u540c\u610f": 0.1204819306731224, "train/f1score_label_\u4e0d\u540c\u610f": 0.10204081982374191, "train/accuracy_label_\u88dc\u5b8c": 0.7406143546104431, "train/presicion_label_\u88dc\u5b8c": 0.27559053897857666, "train/recall_label_\u88dc\u5b8c": 0.2631579041481018, "train/f1score_label_\u88dc\u5b8c": 0.26923078298568726, "train/accuracy_label_\u3042\u3044\u3055\u3064": 0.8682593703269958, "train/presicion_label_\u3042\u3044\u3055\u3064": 0.032894738018512726, "train/recall_label_\u3042\u3044\u3055\u3064": 0.09803921729326248, "train/f1score_label_\u3042\u3044\u3055\u3064": 0.04926108196377754, "train/accuracy_label_\u60f3\u8d77": 0.985665500164032, "train/presicion_label_\u60f3\u8d77": 0.0, "train/recall_label_\u60f3\u8d77": 0.0,