{"train/loss": 0.6044371724128723, "epoch": 3, "trainer/global_step": 4407, "_timestamp": 1718256809.1491468, "_runtime": 438.19216990470886, "_step": 94, "val_loss": 0.6008512377738953, "val/multilabelaccuracy": 0.8671692609786987, "val/multilabelprecision": 0.2882199287414551, "val/multilabelrecall": 0.2456037998199463, "val/multilabelf1score": 0.24935071170330048, "val/multilabelmatthewscorrcoef": 0.64383864402771, "val/accuracy_label_\u3042\u3044\u3065\u3061": 0.9766536951065063, "val/presicion_label_\u3042\u3044\u3065\u3061": 0.9769710898399353, "val/recall_label_\u3042\u3044\u3065\u3061": 0.9996006488800049, "val/f1score_label_\u3042\u3044\u3065\u3061": 0.9881563186645508, "val/accuracy_label_\u611f\u5fc3": 0.9369649887084961, "val/presicion_label_\u611f\u5fc3": 0.9407735466957092, "val/recall_label_\u611f\u5fc3": 0.9936169981956482, "val/f1score_label_\u611f\u5fc3": 0.9664735198020935, "val/accuracy_label_\u8a55\u4fa1": 0.7171206474304199, "val/presicion_label_\u8a55\u4fa1": 0.7491856813430786, "val/recall_label_\u8a55\u4fa1": 0.2613636255264282, "val/f1score_label_\u8a55\u4fa1": 0.387531578540802, "val/accuracy_label_\u7e70\u308a\u8fd4\u3057\u5fdc\u7b54": 0.6424124240875244, "val/presicion_label_\u7e70\u308a\u8fd4\u3057\u5fdc\u7b54": 0.6199133992195129, "val/recall_label_\u7e70\u308a\u8fd4\u3057\u5fdc\u7b54": 0.9721656441688538, "val/f1score_label_\u7e70\u308a\u8fd4\u3057\u5fdc\u7b54": 0.7570710778236389, "val/accuracy_label_\u540c\u610f": 0.7677043080329895, "val/presicion_label_\u540c\u610f": 0.7818182110786438, "val/recall_label_\u540c\u610f": 0.28590425848960876, "val/f1score_label_\u540c\u610f": 0.41869524121284485, "val/accuracy_label_\u7d0d\u5f97": 0.7350194454193115, "val/presicion_label_\u7d0d\u5f97": 0.5428571701049805, "val/recall_label_\u7d0d\u5f97": 0.4170095920562744, "val/f1score_label_\u7d0d\u5f97": 0.47168347239494324, "val/accuracy_label_\u9a5a\u304d": 0.8287937641143799, "val/presicion_label_\u9a5a\u304d": 0.0, "val/recall_label_\u9a5a\u304d": 0.0, "val/f1score_label_\u9a5a\u304d": 0.0, "val/accuracy_label_\u8a00\u3044\u63db\u3048": 1.0, "val/presicion_label_\u8a00\u3044\u63db\u3048": 0.0, "val/recall_label_\u8a00\u3044\u63db\u3048": 0.0, "val/f1score_label_\u8a00\u3044\u63db\u3048": 0.0, "val/accuracy_label_\u610f\u898b": 0.8821011781692505, "val/presicion_label_\u610f\u898b": 0.0, "val/recall_label_\u610f\u898b": 0.0, "val/f1score_label_\u610f\u898b": 0.0, "val/accuracy_label_\u8003\u3048\u3066\u3044\u308b\u6700\u4e2d": 0.9346303343772888, "val/presicion_label_\u8003\u3048\u3066\u3044\u308b\u6700\u4e2d": 0.0, "val/recall_label_\u8003\u3048\u3066\u3044\u308b\u6700\u4e2d": 0.0, "val/f1score_label_\u8003\u3048\u3066\u3044\u308b\u6700\u4e2d": 0.0, "val/accuracy_label_\u4e0d\u540c\u610f": 0.9560311436653137, "val/presicion_label_\u4e0d\u540c\u610f": 0.0, "val/recall_label_\u4e0d\u540c\u610f": 0.0, "val/f1score_label_\u4e0d\u540c\u610f": 0.0, "val/accuracy_label_\u88dc\u5b8c": 0.8657587766647339, "val/presicion_label_\u88dc\u5b8c": 0.0, "val/recall_label_\u88dc\u5b8c": 0.0, "val/f1score_label_\u88dc\u5b8c": 0.0, "val/accuracy_label_\u3042\u3044\u3055\u3064": 0.9735408425331116, "val/presicion_label_\u3042\u3044\u3055\u3064": 0.0, "val/recall_label_\u3042\u3044\u3055\u3064": 0.0, "val/f1score_label_\u3042\u3044\u3055\u3064": 0.0, "val/accuracy_label_\u60f3\u8d77": 0.991439700126648, "val/presicion_label_\u60f3\u8d77": 0.0, "val/recall_label_\u60f3\u8d77": 0.0, "val/f1score_label_\u60f3\u8d77": 0.0, "val/accuracy_label_\u9a5a\u304d\u3068\u3044\u3076\u304b\u308a": 0.9926069974899292, "val/presicion_label_\u9a5a\u304d\u3068\u3044\u3076\u304b\u308a": 0.0, "val/recall_label_\u9a5a\u304d\u3068\u3044\u3076\u304b\u308a": 0.0, "val/f1score_label_\u9a5a\u304d\u3068\u3044\u3076\u304b\u308a": 0.0, "val/accuracy_label_\u305d\u306e\u4ed6": 0.6739299893379211, "val/presicion_label_\u305d\u306e\u4ed6": 0.0, "val/recall_label_\u305d\u306e\u4ed6": 0.0, "val/f1score_label_\u305d\u306e\u4ed6": 0.0, "train_loss": 0.6019302606582642, "train/multilabelaccuracy": 0.8673502206802368, "train/multilabelprecision": 0.29445749521255493, "train/multilabelrecall": 0.23236043751239777, "train/multilabelf1score": 0.23487837612628937, "train/multilabelmatthewscorrcoef": 0.6417809128761292, "train/accuracy_label_\u3042\u3044\u3065\u3061": 0.9783031940460205, "train/presicion_label_\u3042\u3044\u3065\u3061": 0.9787680506706238, "train/recall_label_\u3042\u3044\u3065\u3061": 0.999451756477356, "train/f1score_label_\u3042\u3044\u3065\u3061": 0.9890017509460449, "train/accuracy_label_\u611f\u5fc3": 0.935347318649292, "train/presicion_label_\u611f\u5fc3": 0.9367815852165222, "train/recall_label_\u611f\u5fc3": 0.9959800839424133, "train/f1score_label_\u611f\u5fc3": 0.9654742479324341, "train/accuracy_label_\u8a55\u4fa1": 0.7157034277915955, "train/presicion_label_\u8a55\u4fa1": 0.7725421786308289, "train/recall_label_\u8a55\u4fa1": 0.19584132730960846, "train/f1score_label_\u8a55\u4fa1": 0.31247058510780334, "train/accuracy_label_\u7e70\u308a\u8fd4\u3057\u5fdc\u7b54": 0.6384510397911072, "train/presicion_label_\u7e70\u308a\u8fd4\u3057\u5fdc\u7b54": 0.6218012571334839, "train/recall_label_\u7e70\u308a\u8fd4\u3057\u5fdc\u7b54": 0.9830396175384521, "train/f1score_label_\u7e70\u308a\u8fd4\u3057\u5fdc\u7b54": 0.7617643475532532, "train/accuracy_label_\u540c\u610f": 0.7517999410629272, "train/presicion_label_\u540c\u610f": 0.8700565099716187, "train/recall_label_\u540c\u610f": 0.17909951508045197, "train/f1score_label_\u540c\u610f": 0.2970515191555023, "train/accuracy_label_\u7d0d\u5f97": 0.7348706126213074, "train/presicion_label_\u7d0d\u5f97": 0.5313700437545776, "train/recall_label_\u7d0d\u5f97": 0.3643546998500824, "train/f1score_label_\u7d0d\u5f97": 0.4322916567325592, "train/accuracy_label_\u9a5a\u304d": 0.821803867816925, "train/presicion_label_\u9a5a\u304d": 0.0, "train/recall_label_\u9a5a\u304d": 0.0, "train/f1score_label_\u9a5a\u304d": 0.0, "train/accuracy_label_\u8a00\u3044\u63db\u3048": 1.0, "train/presicion_label_\u8a00\u3044\u63db\u3048": 0.0, "train/recall_label_\u8a00\u3044\u63db\u3048": 0.0, "train/f1score_label_\u8a00\u3044\u63db\u3048": 0.0, "train/accuracy_label_\u610f\u898b": 0.8887429237365723, "train/presicion_label_\u610f\u898b": 0.0, "train/recall_label_\u610f\u898b": 0.0, "train/f1score_label_\u610f\u898b": 0.0, "train/accuracy_label_\u8003\u3048\u3066\u3044\u308b\u6700\u4e2d": 0.9386553764343262, "train/presicion_label_\u8003\u3048\u3066\u3044\u308b\u6700\u4e2d": 0.0, "train/recall_label_\u8003\u3048\u3066\u3044\u308b\u6700\u4e2d": 0.0, "train/f1score_label_\u8003\u3048\u3066\u3044\u308b\u6700\u4e2d": 0.0, "train/accuracy_label_\u4e0d\u540c\u610f": 0.962103545665741, "train/presicion_label_\u4e0d\u540c\u610f": 0.0, "train/recall_label_\u4e0d\u540c\u610f": 0.0, "train/f1score_label_\u4e0d\u540c\u610f": 0.0, "train/accuracy_label_\u88dc\u5b8c": 0.8622786402702332, "train/presicion_label_\u88dc\u5b8c": 0.0, "train/recall_label_\u88dc\u5b8c": 0.0, "train/f1score_label_\u88dc\u5b8c": 0.0, "train/accuracy_label_\u3042\u3044\u3055\u3064": 0.9732438325881958, "train/presicion_label_\u3042\u3044\u3055\u3064": 0.0, "train/recall_label_\u3042\u3044\u3055\u3064": 0.0, "train/f1score_label_\u3042\u3044\u3055\u3064": 0.0, "train/accuracy_label_\u60f3\u8d77": 0.9922164082527161, "train/presicion_label_\u60f3\u8d77": 0.0, "train/recall_label_\u60f3\u8d77": 0.0, "train/f1score_label_\u60f3\u8d77": 0.0, "train/accuracy_label_\u9a5a\u304d\u3068\u3044\u3076\u304b\u308a": 0.9945514798164368, "train/presicion_label_\u9a5a\u304d\u3068\u3044\u3076\u304b\u308a": 0.0, "train/recall_label_\u9a5a\u304d\u3068\u3044\u3076\u304b\u308a": 0.0, "train/f1score_label_\u9a5a\u304d\u3068\u3044\u3076\u304b\u308a": 0.0, "train/accuracy_label_\u305d\u306e\u4ed6": 0.6895310282707214, "train/presicion_label_\u305d\u306e\u4ed6": 0.0, "train/recall_label_\u305d\u306e\u4ed6": 0.0, "train/f1score_label_\u305d\u306e\u4ed6": 0.0, "test_loss": 0.6006044745445251,