{"val_loss": 0.6888546943664551, "val/multilabelaccuracy": 0.939939022064209, "val/multilabelprecision": 0.04217980429530144, "val/multilabelrecall": 0.06204710155725479, "val/multilabelf1score": 0.05021994188427925, "val/multilabelmatthewscorrcoef": 0.5553902387619019, "epoch": 3, "trainer/global_step": 103, "_timestamp": 1701927409.5914354, "_runtime": 183.10040044784546, "_step": 9, "train_loss": 0.6894634962081909, "train/multilabelaccuracy": 0.932921290397644, "train/multilabelprecision": 0.046975117176771164, "train/multilabelrecall": 0.06645320355892181, "train/multilabelf1score": 0.05401317775249481, "train/multilabelmatthewscorrcoef": 0.5112462043762207, "train/accuracy_label_0": 0.6385836601257324, "train/presicion_label_0": 0.6404907703399658, "train/recall_label_0": 0.9942857027053833, "train/f1score_label_0": 0.779104471206665, "train/accuracy_label_1": 0.6874237060546875, "train/presicion_label_1": 0.0, "train/recall_label_1": 0.0, "train/f1score_label_1": 0.0, "train/accuracy_label_2": 0.9218559265136719, "train/presicion_label_2": 0.0, "train/recall_label_2": 0.0, "train/f1score_label_2": 0.0, "train/accuracy_label_3": 0.9474969506263733, "train/presicion_label_3": 0.1111111119389534, "train/recall_label_3": 0.06896551698446274, "train/f1score_label_3": 0.08510638028383255, "train/accuracy_label_4": 0.9157509207725525, "train/presicion_label_4": 0.0, "train/recall_label_4": 0.0, "train/f1score_label_4": 0.0, "train/accuracy_label_5": 0.9633699655532837, "train/presicion_label_5": 0.0, "train/recall_label_5": 0.0, "train/f1score_label_5": 0.0, "train/accuracy_label_6": 0.9633699655532837, "train/presicion_label_6": 0.0, "train/recall_label_6": 0.0, "train/f1score_label_6": 0.0, "train/accuracy_label_7": 0.9877899885177612, "train/presicion_label_7": 0.0, "train/recall_label_7": 0.0, "train/f1score_label_7": 0.0, "train/accuracy_label_8": 0.9755799770355225, "train/presicion_label_8": 0.0, "train/recall_label_8": 0.0, "train/f1score_label_8": 0.0, "train/accuracy_label_9": 0.9926739931106567, "train/presicion_label_9": 0.0, "train/recall_label_9": 0.0, "train/f1score_label_9": 0.0, "train/accuracy_label_10": 0.9975579977035522, "train/presicion_label_10": 0.0, "train/recall_label_10": 0.0, "train/f1score_label_10": 0.0, "train/accuracy_label_11": 0.9865689873695374, "train/presicion_label_11": 0.0, "train/recall_label_11": 0.0, "train/f1score_label_11": 0.0, "train/accuracy_label_12": 0.9975579977035522, "train/presicion_label_12": 0.0, "train/recall_label_12": 0.0, "train/f1score_label_12": 0.0, "train/accuracy_label_13": 1.0, "train/presicion_label_13": 0.0, "train/recall_label_13": 0.0, "train/f1score_label_13": 0.0, "train/accuracy_label_14": 0.9987789988517761, "train/presicion_label_14": 0.0, "train/recall_label_14": 0.0, "train/f1score_label_14": 0.0, "train/accuracy_label_15": 0.9523809552192688, "train/presicion_label_15": 0.0, "train/recall_label_15": 0.0, "train/f1score_label_15": 0.0, "train/loss": 0.6885291934013367, "_wandb": {"runtime": 188}}