{"val_loss": 0.6907656788825989, "val/multilabelaccuracy": 0.9329268336296082, "val/multilabelprecision": 0.5920000076293945, "val/multilabelrecall": 0.5563910007476807, "val/multilabelf1score": 0.5736433863639832, "val/multilabelmatthewscorrcoef": 0.5375861525535583, "epoch": 0, "trainer/global_step": 25, "_timestamp": 1701839501.086039, "_runtime": 40.14932918548584, "_step": 0, "_wandb": {"runtime": 40}}