{"val_loss": 0.7560055255889893, "val/multilabelaccuracy": 0.9173780679702759, "val/multilabelprecision": 0.09161585569381714, "val/multilabelrecall": 0.11891233921051025, "val/multilabelf1score": 0.08277260512113571, "val/multilabelmatthewscorrcoef": 0.5459173917770386, "val/accuracy_label_\u3042\u3044\u3065\u3061": 0.6731707453727722, "val/presicion_label_\u3042\u3044\u3065\u3061": 0.6731707453727722, "val/recall_label_\u3042\u3044\u3065\u3061": 1.0, "val/f1score_label_\u3042\u3044\u3065\u3061": 0.8046647310256958, "val/accuracy_label_\u611f\u5fc3": 0.3951219618320465, "val/presicion_label_\u611f\u5fc3": 0.2926829159259796, "val/recall_label_\u611f\u5fc3": 0.8571428656578064, "val/f1score_label_\u611f\u5fc3": 0.4363636374473572, "val/accuracy_label_\u8a55\u4fa1": 0.8926829099655151, "val/presicion_label_\u8a55\u4fa1": 0.5, "val/recall_label_\u8a55\u4fa1": 0.04545454680919647, "val/f1score_label_\u8a55\u4fa1": 0.0833333358168602, "val/accuracy_label_\u7e70\u308a\u8fd4\u3057\u5fdc\u7b54": 0.9609755873680115, "val/presicion_label_\u7e70\u308a\u8fd4\u3057\u5fdc\u7b54": 0.0, "val/recall_label_\u7e70\u308a\u8fd4\u3057\u5fdc\u7b54": 0.0, "val/f1score_label_\u7e70\u308a\u8fd4\u3057\u5fdc\u7b54": 0.0, "val/accuracy_label_\u540c\u610f": 0.8975609540939331, "val/presicion_label_\u540c\u610f": 0.0, "val/recall_label_\u540c\u610f": 0.0, "val/f1score_label_\u540c\u610f": 0.0, "val/accuracy_label_\u7d0d\u5f97": 0.9512194991111755, "val/presicion_label_\u7d0d\u5f97": 0.0, "val/recall_label_\u7d0d\u5f97": 0.0, "val/f1score_label_\u7d0d\u5f97": 0.0, "val/accuracy_label_\u9a5a\u304d": 0.9658536314964294, "val/presicion_label_\u9a5a\u304d": 0.0, "val/recall_label_\u9a5a\u304d": 0.0, "val/f1score_label_\u9a5a\u304d": 0.0, "val/accuracy_label_\u8a00\u3044\u63db\u3048": 1.0, "val/presicion_label_\u8a00\u3044\u63db\u3048": 0.0, "val/recall_label_\u8a00\u3044\u63db\u3048": 0.0, "val/f1score_label_\u8a00\u3044\u63db\u3048": 0.0, "val/accuracy_label_\u610f\u898b": 0.9902439117431641, "val/presicion_label_\u610f\u898b": 0.0, "val/recall_label_\u610f\u898b": 0.0, "val/f1score_label_\u610f\u898b": 0.0, "val/accuracy_label_\u8003\u3048\u3066\u3044\u308b\u6700\u4e2d": 1.0, "val/presicion_label_\u8003\u3048\u3066\u3044\u308b\u6700\u4e2d": 0.0, "val/recall_label_\u8003\u3048\u3066\u3044\u308b\u6700\u4e2d": 0.0, "val/f1score_label_\u8003\u3048\u3066\u3044\u308b\u6700\u4e2d": 0.0, "val/accuracy_label_\u4e0d\u540c\u610f": 0.995121955871582, "val/presicion_label_\u4e0d\u540c\u610f": 0.0, "val/recall_label_\u4e0d\u540c\u610f": 0.0, "val/f1score_label_\u4e0d\u540c\u610f": 0.0, "val/accuracy_label_\u88dc\u5b8c": 0.9902439117431641, "val/presicion_label_\u88dc\u5b8c": 0.0, "val/recall_label_\u88dc\u5b8c": 0.0, "val/f1score_label_\u88dc\u5b8c": 0.0, "val/accuracy_label_\u3042\u3044\u3055\u3064": 1.0, "val/presicion_label_\u3042\u3044\u3055\u3064": 0.0, "val/recall_label_\u3042\u3044\u3055\u3064": 0.0, "val/f1score_label_\u3042\u3044\u3055\u3064": 0.0, "val/accuracy_label_\u60f3\u8d77": 1.0, "val/presicion_label_\u60f3\u8d77": 0.0, "val/recall_label_\u60f3\u8d77": 0.0, "val/f1score_label_\u60f3\u8d77": 0.0, "val/accuracy_label_\u9a5a\u304d\u3068\u3044\u3076\u304b\u308a": 1.0, "val/presicion_label_\u9a5a\u304d\u3068\u3044\u3076\u304b\u308a": 0.0, "val/recall_label_\u9a5a\u304d\u3068\u3044\u3076\u304b\u308a": 0.0, "val/f1score_label_\u9a5a\u304d\u3068\u3044\u3076\u304b\u308a": 0.0, "val/accuracy_label_\u305d\u306e\u4ed6": 0.9658536314964294, "val/presicion_label_\u305d\u306e\u4ed6": 0.0, "val/recall_label_\u305d\u306e\u4ed6": 0.0, "val/f1score_label_\u305d\u306e\u4ed6": 0.0, "epoch": 4, "trainer/global_step": 104, "_timestamp": 1703059563.6998405, "_runtime": 182.27531743049622, "_step": 10, "train_loss": 0.759056568145752, "train/multilabelaccuracy": 0.9059829115867615, "train/multilabelprecision": 0.07564164698123932, "train/multilabelrecall": 0.12360696494579315, "train/multilabelf1score": 0.08546125888824463, "train/multilabelmatthewscorrcoef": 0.5214216113090515, "train/accuracy_label_\u3042\u3044\u3065\u3061": 0.6410256624221802, "train/presicion_label_\u3042\u3044\u3065\u3061": 0.6410256624221802, "train/recall_label_\u3042\u3044\u3065\u3061": 1.0, "train/f1score_label_\u3042\u3044\u3065\u3061": 0.78125, "train/accuracy_label_\u611f\u5fc3": 0.4126984179019928, "train/presicion_label_\u611f\u5fc3": 0.3381294906139374, "train/recall_label_\u611f\u5fc3": 0.91796875, "train/f1score_label_\u611f\u5fc3": 0.4942166209220886, "train/accuracy_label_\u8a55\u4fa1": 0.9133089184761047, "train/presicion_label_\u8a55\u4fa1": 0.1111111119389534, "train/recall_label_\u8a55\u4fa1": 0.015625, "train/f1score_label_\u8a55\u4fa1": 0.027397260069847107, "train/accuracy_label_\u7e70\u308a\u8fd4\u3057\u5fdc\u7b54": 0.9426129460334778, "train/presicion_label_\u7e70\u308a\u8fd4\u3057\u5fdc\u7b54": 0.0, "train/recall_label_\u7e70\u308a\u8fd4\u3057\u5fdc\u7b54": 0.0, "train/f1score_label_\u7e70\u308a\u8fd4\u3057\u5fdc\u7b54": 0.0, "train/accuracy_label_\u540c\u610f": 0.8937729001045227, "train/presicion_label_\u540c\u610f": 0.11999999731779099, "train/recall_label_\u540c\u610f": 0.04411764815449715, "train/f1score_label_\u540c\u610f": 0.06451612710952759, "train/accuracy_label_\u7d0d\u5f97": 0.9462759494781494, "train/presicion_label_\u7d0d\u5f97": 0.0, "train/recall_label_\u7d0d\u5f97": 0.0, "train/f1score_label_\u7d0d\u5f97": 0.0, "train/accuracy_label_\u9a5a\u304d": 0.9548229575157166, "train/presicion_label_\u9a5a\u304d": 0.0, "train/recall_label_\u9a5a\u304d": 0.0, "train/f1score_label_\u9a5a\u304d": 0.0, "train/accuracy_label_\u8a00\u3044\u63db\u3048": 0.9536019563674927, "train/presicion_label_\u8a00\u3044\u63db\u3048": 0.0, "train/recall_label_\u8a00\u3044\u63db\u3048": 0.0, "train/f1score_label_\u8a00\u3044\u63db\u3048": 0.0, "train/accuracy_label_\u610f\u898b": 0.9829059839248657, "train/presicion_label_\u610f\u898b": 0.0, "train/recall_label_\u610f\u898b": 0.0, "train/f1score_label_\u610f\u898b": 0.0, "train/accuracy_label_\u8003\u3048\u3066\u3044\u308b\u6700\u4e2d": 0.980463981628418, "train/presicion_label_\u8003\u3048\u3066\u3044\u308b\u6700\u4e2d": 0.0, "train/recall_label_\u8003\u3048\u3066\u3044\u308b\u6700\u4e2d": 0.0, "train/f1score_label_\u8003\u3048\u3066\u3044\u308b\u6700\u4e2d": 0.0, "train/accuracy_label_\u4e0d\u540c\u610f": 0.9877899885177612, "train/presicion_label_\u4e0d\u540c\u610f": 0.0, "train/recall_label_\u4e0d\u540c\u610f": 0.0, "train/f1score_label_\u4e0d\u540c\u610f": 0.0, "train/accuracy_label_\u88dc\u5b8c": 0.9853479862213135, "train/presicion_label_\u88dc\u5b8c": 0.0, "train/recall_label_\u88dc\u5b8c": 0.0, "train/f1score_label_\u88dc\u5b8c": 0.0, "train/accuracy_label_\u3042\u3044\u3055\u3064": 0.9975579977035522, "train/presicion_label_\u3042\u3044\u3055\u3064": 0.0, "train/recall_label_\u3042\u3044\u3055\u3064": 0.0, "train/f1score_label_\u3042\u3044\u3055\u3064": 0.0, "train/accuracy_label_\u60f3\u8d77": 0.9670329689979553, "train/presicion_label_\u60f3\u8d77": 0.0, "train/recall_label_\u60f3\u8d77": 0.0, "train/f1score_label_\u60f3\u8d77": 0.0, "train/accuracy_label_\u9a5a\u304d\u3068\u3044\u3076\u304b\u308a": 0.9829059839248657, "train/presicion_label_\u9a5a\u304d\u3068\u3044\u3076\u304b\u308a": 0.0, "train/recall_label_\u9a5a\u304d\u3068\u3044\u3076\u304b\u308a": 0.0, "train/f1score_label_\u9a5a\u304d\u3068\u3044\u3076\u304b\u308a": 0.0, "train/accuracy_label_\u305d\u306e\u4ed6": 0.9536019563674927, "train/presicion_label_\u305d\u306e\u4ed6": 0.0, "train/recall_label_\u305d\u306e\u4ed6": 0.0, "train/f1score_label_\u305d\u306e\u4ed6": 0.0, "train/loss": 0.7601903080940247, "test_loss": 0.756913959980011, "test/multilabelaccuracy": 0.90234375, "test/multilabelprecision": 0.09778144955635071, "test/multilabelrecall": 0.1215062141418457, "test/multilabelf1score": 0.08392389863729477, "test/multilabelmatthewscorrcoef": 0.4771873950958252, "_wandb": {"runtime": 182}}