{"val_loss": 0.6915627121925354, "val/multilabelaccuracy": 0.9304878115653992, "val/multilabelprecision": 0.568345308303833, "val/multilabelrecall": 0.5939849615097046, "val/multilabelf1score": 0.5808823704719543, "val/multilabelmatthewscorrcoef": 0.543160617351532, "epoch": 0, "trainer/global_step": 25, "_timestamp": 1700634808.557639, "_runtime": 41.40990495681763, "_step": 0, "_wandb": {"runtime": 41}}