{"val_loss": 0.4890725016593933, "val/binaryaccuracy": 0.800000011920929, "val/binaryprecision": 0.800000011920929, "val/binaryrecall": 1.0, "val/binaryf1score": 0.8888888955116272, "val/binarymatthewscorrcoef": 0.6708203554153442, "epoch": 3, "trainer/global_step": 51, "_timestamp": 1693602625.4401035, "_runtime": 2630.1773245334625, "_step": 8, "train_loss": 0.3908199369907379, "train/binaryaccuracy": 0.8872548937797546, "train/binaryprecision": 0.8872548937797546, "train/binaryrecall": 1.0, "train/binaryf1score": 0.9402597546577454, "train/binarymatthewscorrcoef": 0.17145051062107086, "train/loss": 0.49368172883987427, "_wandb": {"runtime": 2630}}