{"val_loss": 0.6931837201118469, "val/multilabelaccuracy": 0.9143292903900146, "val/multilabelprecision": 0.27272728085517883, "val/multilabelrecall": 0.033834587782621384, "val/multilabelf1score": 0.06020066887140274, "val/multilabelmatthewscorrcoef": 0.07076850533485413, "epoch": 0, "trainer/global_step": 25, "_timestamp": 1700630668.747814, "_runtime": 42.422126054763794, "_step": 0, "_wandb": {"runtime": 42}}