{"train/loss": 0.6870070695877075, "epoch": 4, "trainer/global_step": 1860, "_timestamp": 1705460419.3911114, "_runtime": 864.5034613609314, "_step": 45, "val_loss": 0.7063766717910767, "val/multilabelaccuracy": 0.8830797076225281, "val/multilabelprecision": 0.1452431082725525, "val/multilabelrecall": 0.18845635652542114, "val/multilabelf1score": 0.16221286356449127, "val/multilabelmatthewscorrcoef": 0.5623972415924072, "val/accuracy_label_\u3042\u3044\u3065\u3061": 0.6501481533050537, "val/presicion_label_\u3042\u3044\u3065\u3061": 0.6501481533050537, "val/recall_label_\u3042\u3044\u3065\u3061": 1.0, "val/f1score_label_\u3042\u3044\u3065\u3061": 0.7879875898361206, "val/accuracy_label_\u611f\u5fc3": 0.7077834606170654, "val/presicion_label_\u611f\u5fc3": 0.5117967128753662, "val/recall_label_\u611f\u5fc3": 0.5076507925987244, "val/f1score_label_\u611f\u5fc3": 0.5097153186798096, "val/accuracy_label_\u8a55\u4fa1": 0.957177460193634, "val/presicion_label_\u8a55\u4fa1": 0.0, "val/recall_label_\u8a55\u4fa1": 0.0, "val/f1score_label_\u8a55\u4fa1": 0.0, "val/accuracy_label_\u7e70\u308a\u8fd4\u3057\u5fdc\u7b54": 0.9240506291389465, "val/presicion_label_\u7e70\u308a\u8fd4\u3057\u5fdc\u7b54": 0.0, "val/recall_label_\u7e70\u308a\u8fd4\u3057\u5fdc\u7b54": 0.0, "val/f1score_label_\u7e70\u308a\u8fd4\u3057\u5fdc\u7b54": 0.0, "val/accuracy_label_\u540c\u610f": 0.9539455771446228, "val/presicion_label_\u540c\u610f": 0.0, "val/recall_label_\u540c\u610f": 0.0, "val/f1score_label_\u540c\u610f": 0.0, "val/accuracy_label_\u7d0d\u5f97": 0.9711823463439941, "val/presicion_label_\u7d0d\u5f97": 0.0, "val/recall_label_\u7d0d\u5f97": 0.0, "val/f1score_label_\u7d0d\u5f97": 0.0, "val/accuracy_label_\u9a5a\u304d": 0.9709129929542542, "val/presicion_label_\u9a5a\u304d": 0.0, "val/recall_label_\u9a5a\u304d": 0.0, "val/f1score_label_\u9a5a\u304d": 0.0, "val/accuracy_label_\u8a00\u3044\u63db\u3048": 0.9294371008872986, "val/presicion_label_\u8a00\u3044\u63db\u3048": 0.0, "val/recall_label_\u8a00\u3044\u63db\u3048": 0.0, "val/f1score_label_\u8a00\u3044\u63db\u3048": 0.0, "train_loss": 0.7071222066879272, "train/multilabelaccuracy": 0.8619949817657471, "train/multilabelprecision": 0.17188480496406555, "train/multilabelrecall": 0.23092183470726013, "train/multilabelf1score": 0.18616627156734467, "train/multilabelmatthewscorrcoef": 0.5263550281524658, "train/accuracy_label_\u3042\u3044\u3065\u3061": 0.6492929458618164, "train/presicion_label_\u3042\u3044\u3065\u3061": 0.6492929458618164, "train/recall_label_\u3042\u3044\u3065\u3061": 1.0, "train/f1score_label_\u3042\u3044\u3065\u3061": 0.7873591184616089, "train/accuracy_label_\u611f\u5fc3": 0.649158239364624, "train/presicion_label_\u611f\u5fc3": 0.4377082884311676, "train/recall_label_\u611f\u5fc3": 0.6232768297195435, "train/f1score_label_\u611f\u5fc3": 0.5142644047737122, "train/accuracy_label_\u8a55\u4fa1": 0.9568350315093994, "train/presicion_label_\u8a55\u4fa1": 0.0, "train/recall_label_\u8a55\u4fa1": 0.0, "train/f1score_label_\u8a55\u4fa1": 0.0, "train/accuracy_label_\u7e70\u308a\u8fd4\u3057\u5fdc\u7b54": 0.9239730834960938, "train/presicion_label_\u7e70\u308a\u8fd4\u3057\u5fdc\u7b54": 0.0, "train/recall_label_\u7e70\u308a\u8fd4\u3057\u5fdc\u7b54": 0.0, "train/f1score_label_\u7e70\u308a\u8fd4\u3057\u5fdc\u7b54": 0.0, "train/accuracy_label_\u540c\u610f": 0.914545476436615, "train/presicion_label_\u540c\u610f": 0.09159158915281296, "train/recall_label_\u540c\u610f": 0.0841379314661026, "train/f1score_label_\u540c\u610f": 0.08770668506622314, "train/accuracy_label_\u7d0d\u5f97": 0.969023585319519, "train/presicion_label_\u7d0d\u5f97": 0.06060606241226196, "train/recall_label_\u7d0d\u5f97": 0.009950248524546623, "train/f1score_label_\u7d0d\u5f97": 0.017094017937779427, "train/accuracy_label_\u9a5a\u304d": 0.9201346635818481, "train/presicion_label_\u9a5a\u304d": 0.04427645727992058, "train/recall_label_\u9a5a\u304d": 0.11988303810358047, "train/f1score_label_\u9a5a\u304d": 0.06466876715421677, "train/accuracy_label_\u8a00\u3044\u63db\u3048": 0.9129966497421265, "train/presicion_label_\u8a00\u3044\u63db\u3048": 0.09160305559635162, "train/recall_label_\u8a00\u3044\u63db\u3048": 0.010126582346856594, "train/f1score_label_\u8a00\u3044\u63db\u3048": 0.018237082287669182, "test_loss": 0.7101031541824341, "test/multilabelaccuracy": 0.8844643831253052, "test/multilabelprecision": 0.14499929547309875, "test/multilabelrecall": 0.19264426827430725, "test/multilabelf1score": 0.16359843313694, "test/multilabelmatthewscorrcoef": 0.5636069774627686, "test/accuracy_label_\u3042\u3044\u3065\u3061": 0.631099283695221, "test/presicion_label_\u3042\u3044\u3065\u3061": 0.631099283695221, "test/recall_label_\u3042\u3044\u3065\u3061": 1.0, "test/f1score_label_\u3042\u3044\u3065\u3061": 0.7738330364227295, "test/accuracy_label_\u611f\u5fc3": 0.7211161255836487, "test/presicion_label_\u611f\u5fc3": 0.5288950800895691, "test/recall_label_\u611f\u5fc3": 0.5411542057991028, "test/f1score_label_\u611f\u5fc3": 0.5349544286727905, "test/accuracy_label_\u8a55\u4fa1": 0.9659281969070435, "test/presicion_label_\u8a55\u4fa1": 0.0, "test/recall_label_\u8a55\u4fa1": 0.0, "test/f1score_label_\u8a55\u4fa1": 0.0, "test/accuracy_label_\u7e70\u308a\u8fd4\u3057\u5fdc\u7b54": 0.9151710867881775, "test/presicion_label_\u7e70\u308a\u8fd4\u3057\u5fdc\u7b54": 0.0, "test/recall_label_\u7e70\u308a\u8fd4\u3057\u5fdc\u7b54": 0.0, "test/f1score_label_\u7e70\u308a\u8fd4\u3057\u5fdc\u7b54": 0.0, "test/accuracy_label_\u540c\u610f": 0.9589175581932068, "test/presicion_label_\u540c\u610f": 0.0, "test/recall_label_\u540c\u610f": 0.0, "test/f1score_label_\u540c\u610f": 0.0, "test/accuracy_label_\u7d0d\u5f97": 0.9662086367607117, "test/presicion_label_\u7d0d\u5f97": 0.0, "test/recall_label_\u7d0d\u5f97": 0.0, "test/f1score_label_\u7d0d\u5f97": 0.0, "test/accuracy_label_\u9a5a\u304d": 0.9823331236839294, "test/presicion_label_\u9a5a\u304d": 0.0, "test/recall_label_\u9a5a\u304d": 0.0, "test/f1score_label_\u9a5a\u304d": 0.0, "test/accuracy_label_\u8a00\u3044\u63db\u3048": 0.9349411129951477, "test/presicion_label_\u8a00\u3044\u63db\u3048": 0.0, "test/recall_label_\u8a00\u3044\u63db\u3048": 0.0, "test/f1score_label_\u8a00\u3044\u63db\u3048": 0.0, "_wandb": {"runtime": 864}}