{"val_loss": 0.6890788674354553, "val/multilabelaccuracy": 0.7494891285896301, "val/multilabelprecision": 0.16102170944213867, "val/multilabelrecall": 0.15443405508995056, "val/multilabelf1score": 0.1515805870294571, "val/multilabelmatthewscorrcoef": 0.2595239579677582, "val/accuracy_label_\u3042\u3044\u3065\u3061": 0.07356948405504227, "val/presicion_label_\u3042\u3044\u3065\u3061": 0.0, "val/recall_label_\u3042\u3044\u3065\u3061": 0.0, "val/f1score_label_\u3042\u3044\u3065\u3061": 0.0, "val/accuracy_label_\u611f\u5fc3": 0.14441417157649994, "val/presicion_label_\u611f\u5fc3": 0.0, "val/recall_label_\u611f\u5fc3": 0.0, "val/f1score_label_\u611f\u5fc3": 0.0, "val/accuracy_label_\u8a55\u4fa1": 0.7057220935821533, "val/presicion_label_\u8a55\u4fa1": 0.5769230723381042, "val/recall_label_\u8a55\u4fa1": 0.5859375, "val/f1score_label_\u8a55\u4fa1": 0.5813953280448914, "val/accuracy_label_\u7e70\u308a\u8fd4\u3057\u5fdc\u7b54": 0.7166212797164917, "val/presicion_label_\u7e70\u308a\u8fd4\u3057\u5fdc\u7b54": 0.6974169611930847, "val/recall_label_\u7e70\u308a\u8fd4\u3057\u5fdc\u7b54": 0.8957346081733704, "val/f1score_label_\u7e70\u308a\u8fd4\u3057\u5fdc\u7b54": 0.7842323780059814, "val/accuracy_label_\u540c\u610f": 0.6267030239105225, "val/presicion_label_\u540c\u610f": 0.0, "val/recall_label_\u540c\u610f": 0.0, "val/f1score_label_\u540c\u610f": 0.0, "val/accuracy_label_\u7d0d\u5f97": 0.7029972672462463, "val/presicion_label_\u7d0d\u5f97": 0.5148515105247498, "val/recall_label_\u7d0d\u5f97": 0.4642857015132904, "val/f1score_label_\u7d0d\u5f97": 0.48826292157173157, "val/accuracy_label_\u9a5a\u304d": 0.7820163369178772, "val/presicion_label_\u9a5a\u304d": 0.20000000298023224, "val/recall_label_\u9a5a\u304d": 0.012987012974917889, "val/f1score_label_\u9a5a\u304d": 0.024390242993831635, "val/accuracy_label_\u8a00\u3044\u63db\u3048": 0.9972752332687378, "val/presicion_label_\u8a00\u3044\u63db\u3048": 0.0, "val/recall_label_\u8a00\u3044\u63db\u3048": 0.0, "val/f1score_label_\u8a00\u3044\u63db\u3048": 0.0, "val/accuracy_label_\u610f\u898b": 0.8719345927238464, "val/presicion_label_\u610f\u898b": 0.0, "val/recall_label_\u610f\u898b": 0.0, "val/f1score_label_\u610f\u898b": 0.0, "val/accuracy_label_\u8003\u3048\u3066\u3044\u308b\u6700\u4e2d": 0.9346048831939697, "val/presicion_label_\u8003\u3048\u3066\u3044\u308b\u6700\u4e2d": 0.0, "val/recall_label_\u8003\u3048\u3066\u3044\u308b\u6700\u4e2d": 0.0, "val/f1score_label_\u8003\u3048\u3066\u3044\u308b\u6700\u4e2d": 0.0, "val/accuracy_label_\u4e0d\u540c\u610f": 0.9564032554626465, "val/presicion_label_\u4e0d\u540c\u610f": 0.0, "val/recall_label_\u4e0d\u540c\u610f": 0.0, "val/f1score_label_\u4e0d\u540c\u610f": 0.0, "val/accuracy_label_\u88dc\u5b8c": 0.8228882551193237, "val/presicion_label_\u88dc\u5b8c": 0.0, "val/recall_label_\u88dc\u5b8c": 0.0, "val/f1score_label_\u88dc\u5b8c": 0.0, "val/accuracy_label_\u3042\u3044\u3055\u3064": 0.9673024415969849, "val/presicion_label_\u3042\u3044\u3055\u3064": 0.0, "val/recall_label_\u3042\u3044\u3055\u3064": 0.0, "val/f1score_label_\u3042\u3044\u3055\u3064": 0.0, "val/accuracy_label_\u60f3\u8d77": 0.9945504069328308, "val/presicion_label_\u60f3\u8d77": 0.0, "val/recall_label_\u60f3\u8d77": 0.0, "val/f1score_label_\u60f3\u8d77": 0.0, "val/accuracy_label_\u9a5a\u304d\u3068\u3044\u3076\u304b\u308a": 0.9836512207984924, "val/presicion_label_\u9a5a\u304d\u3068\u3044\u3076\u304b\u308a": 0.0, "val/recall_label_\u9a5a\u304d\u3068\u3044\u3076\u304b\u308a": 0.0, "val/f1score_label_\u9a5a\u304d\u3068\u3044\u3076\u304b\u308a": 0.0, "val/accuracy_label_\u305d\u306e\u4ed6": 0.7111716866493225, "val/presicion_label_\u305d\u306e\u4ed6": 0.5871559381484985, "val/recall_label_\u305d\u306e\u4ed6": 0.5120000243186951, "val/f1score_label_\u305d\u306e\u4ed6": 0.5470085740089417, "epoch": 4, "trainer/global_step": 184, "_timestamp": 1705470992.1114042, "_runtime": 106.96360206604004, "_step": 11, "train_loss": 0.6891077160835266, "train/multilabelaccuracy": 0.7402730584144592, "train/multilabelprecision": 0.23971888422966003, "train/multilabelrecall": 0.19505009055137634, "train/multilabelf1score": 0.1759214997291565, "train/multilabelmatthewscorrcoef": 0.25648796558380127, "train/accuracy_label_\u3042\u3044\u3065\u3061": 0.056655291467905045, "train/presicion_label_\u3042\u3044\u3065\u3061": 0.0, "train/recall_label_\u3042\u3044\u3065\u3061": 0.0, "train/f1score_label_\u3042\u3044\u3065\u3061": 0.0, "train/accuracy_label_\u611f\u5fc3": 0.1686006784439087, "train/presicion_label_\u611f\u5fc3": 1.0, "train/recall_label_\u611f\u5fc3": 0.0016393442638218403, "train/f1score_label_\u611f\u5fc3": 0.00327332247979939, "train/accuracy_label_\u8a55\u4fa1": 0.6614334583282471, "train/presicion_label_\u8a55\u4fa1": 0.5230769515037537, "train/recall_label_\u8a55\u4fa1": 0.7669172883033752, "train/f1score_label_\u8a55\u4fa1": 0.6219512224197388, "train/accuracy_label_\u7e70\u308a\u8fd4\u3057\u5fdc\u7b54": 0.7112628221511841, "train/presicion_label_\u7e70\u308a\u8fd4\u3057\u5fdc\u7b54": 0.6888694167137146, "train/recall_label_\u7e70\u308a\u8fd4\u3057\u5fdc\u7b54": 0.9203746914863586, "train/f1score_label_\u7e70\u308a\u8fd4\u3057\u5fdc\u7b54": 0.7879699468612671, "train/accuracy_label_\u540c\u610f": 0.6641638278961182, "train/presicion_label_\u540c\u610f": 0.21052631735801697, "train/recall_label_\u540c\u610f": 0.01702127605676651, "train/f1score_label_\u540c\u610f": 0.031496062874794006, "train/accuracy_label_\u7d0d\u5f97": 0.7160409688949585, "train/presicion_label_\u7d0d\u5f97": 0.5162601470947266, "train/recall_label_\u7d0d\u5f97": 0.5879629850387573, "train/f1score_label_\u7d0d\u5f97": 0.5497835278511047, "train/accuracy_label_\u9a5a\u304d": 0.7617747187614441, "train/presicion_label_\u9a5a\u304d": 0.3758389353752136, "train/recall_label_\u9a5a\u304d": 0.1794871836900711, "train/f1score_label_\u9a5a\u304d": 0.24295011162757874, "train/accuracy_label_\u8a00\u3044\u63db\u3048": 0.9986348152160645, "train/presicion_label_\u8a00\u3044\u63db\u3048": 0.0, "train/recall_label_\u8a00\u3044\u63db\u3048": 0.0, "train/f1score_label_\u8a00\u3044\u63db\u3048": 0.0, "train/accuracy_label_\u610f\u898b": 0.8614334464073181, "train/presicion_label_\u610f\u898b": 0.0, "train/recall_label_\u610f\u898b": 0.0, "train/f1score_label_\u610f\u898b": 0.0, "train/accuracy_label_\u8003\u3048\u3066\u3044\u308b\u6700\u4e2d": 0.9112628102302551, "train/presicion_label_\u8003\u3048\u3066\u3044\u308b\u6700\u4e2d": 0.0, "train/recall_label_\u8003\u3048\u3066\u3044\u308b\u6700\u4e2d": 0.0, "train/f1score_label_\u8003\u3048\u3066\u3044\u308b\u6700\u4e2d": 0.0, "train/accuracy_label_\u4e0d\u540c\u610f": 0.9433447122573853, "train/presicion_label_\u4e0d\u540c\u610f": 0.0, "train/recall_label_\u4e0d\u540c\u610f": 0.0, "train/f1score_label_\u4e0d\u540c\u610f": 0.0, "train/accuracy_label_\u88dc\u5b8c": 0.8184300065040588, "train/presicion_label_\u88dc\u5b8c": 0.0, "train/recall_label_\u88dc\u5b8c": 0.0, "train/f1score_label_\u88dc\u5b8c": 0.0, "train/accuracy_label_\u3042\u3044\u3055\u3064": 0.9569965600967407, "train/presicion_label_\u3042\u3044\u3055\u3064": 0.0, "train/recall_label_\u3042\u3044\u3055\u3064": 0.0, "train/f1score_label_\u3042\u3044\u3055\u3064": 0.0, "train/accuracy_label_\u60f3\u8d77": 0.9767917990684509, "train/presicion_label_\u60f3\u8d77": 0.0, "train/recall_label_\u60f3\u8d77": 0.0, "train/f1score_label_\u60f3\u8d77": 0.0, "train/accuracy_label_\u9a5a\u304d\u3068\u3044\u3076\u304b\u308a": 0.9733788371086121, "train/presicion_label_\u9a5a\u304d\u3068\u3044\u3076\u304b\u308a": 0.0, "train/recall_label_\u9a5a\u304d\u3068\u3044\u3076\u304b\u308a": 0.0, "train/f1score_label_\u9a5a\u304d\u3068\u3044\u3076\u304b\u308a": 0.0, "train/accuracy_label_\u305d\u306e\u4ed6": 0.6641638278961182, "train/presicion_label_\u305d\u306e\u4ed6": 0.5209302306175232, "train/recall_label_\u305d\u306e\u4ed6": 0.647398829460144, "train/f1score_label_\u305d\u306e\u4ed6": 0.5773195624351501, "train/loss": 0.6905680894851685, "test_loss": 0.688042938709259,