{"val_loss": 0.5442208051681519, "val/multilabelaccuracy": 0.6617847681045532, "val/multilabelprecision": 0.4499283730983734, "val/multilabelrecall": 0.6436964273452759, "val/multilabelf1score": 0.5210753679275513, "val/multilabelmatthewscorrcoef": 0.3230580687522888, "val/accuracy_label_\u3042\u3044\u3065\u3061": 0.9564032554626465, "val/presicion_label_\u3042\u3044\u3065\u3061": 0.9553072452545166, "val/recall_label_\u3042\u3044\u3065\u3061": 1.0, "val/f1score_label_\u3042\u3044\u3065\u3061": 0.977142870426178, "val/accuracy_label_\u611f\u5fc3": 0.8801090121269226, "val/presicion_label_\u611f\u5fc3": 0.8767507076263428, "val/recall_label_\u611f\u5fc3": 1.0, "val/f1score_label_\u611f\u5fc3": 0.9343283772468567, "val/accuracy_label_\u8a55\u4fa1": 0.6376021504402161, "val/presicion_label_\u8a55\u4fa1": 0.5, "val/recall_label_\u8a55\u4fa1": 0.8120300769805908, "val/f1score_label_\u8a55\u4fa1": 0.6189111471176147, "val/accuracy_label_\u7e70\u308a\u8fd4\u3057\u5fdc\u7b54": 0.41144412755966187, "val/presicion_label_\u7e70\u308a\u8fd4\u3057\u5fdc\u7b54": 0.0, "val/recall_label_\u7e70\u308a\u8fd4\u3057\u5fdc\u7b54": 0.0, "val/f1score_label_\u7e70\u308a\u8fd4\u3057\u5fdc\u7b54": 0.0, "val/accuracy_label_\u540c\u610f": 0.6239781975746155, "val/presicion_label_\u540c\u610f": 0.48245614767074585, "val/recall_label_\u540c\u610f": 0.8461538553237915, "val/f1score_label_\u540c\u610f": 0.6145251393318176, "val/accuracy_label_\u7d0d\u5f97": 0.6539509296417236, "val/presicion_label_\u7d0d\u5f97": 0.45355191826820374, "val/recall_label_\u7d0d\u5f97": 0.7545454502105713, "val/f1score_label_\u7d0d\u5f97": 0.5665528774261475, "val/accuracy_label_\u9a5a\u304d": 0.6376021504402161, "val/presicion_label_\u9a5a\u304d": 0.33136093616485596, "val/recall_label_\u9a5a\u304d": 0.7368420958518982, "val/f1score_label_\u9a5a\u304d": 0.4571428596973419, "val/accuracy_label_\u8a00\u3044\u63db\u3048": 0.4931880235671997, "val/presicion_label_\u8a00\u3044\u63db\u3048": 0.0, "val/recall_label_\u8a00\u3044\u63db\u3048": 0.0, "val/f1score_label_\u8a00\u3044\u63db\u3048": 0.0, "epoch": 8, "trainer/global_step": 368, "_timestamp": 1705546435.2937868, "_runtime": 181.17730164527893, "_step": 23, "train_loss": 0.548570990562439, "train/multilabelaccuracy": 0.630286455154419, "train/multilabelprecision": 0.42820197343826294, "train/multilabelrecall": 0.6779171228408813, "train/multilabelf1score": 0.510707437992096, "train/multilabelmatthewscorrcoef": 0.2602396309375763, "train/accuracy_label_\u3042\u3044\u3065\u3061": 0.9577080607414246, "train/presicion_label_\u3042\u3044\u3065\u3061": 0.9589422345161438, "train/recall_label_\u3042\u3044\u3065\u3061": 0.9978276491165161, "train/f1score_label_\u3042\u3044\u3065\u3061": 0.9779985547065735, "train/accuracy_label_\u611f\u5fc3": 0.8492496609687805, "train/presicion_label_\u611f\u5fc3": 0.8482950329780579, "train/recall_label_\u611f\u5fc3": 0.9975450038909912, "train/f1score_label_\u611f\u5fc3": 0.916886031627655, "train/accuracy_label_\u8a55\u4fa1": 0.5934515595436096, "train/presicion_label_\u8a55\u4fa1": 0.46653735637664795, "train/recall_label_\u8a55\u4fa1": 0.9127134680747986, "train/f1score_label_\u8a55\u4fa1": 0.6174582839012146, "train/accuracy_label_\u7e70\u308a\u8fd4\u3057\u5fdc\u7b54": 0.4201909899711609, "train/presicion_label_\u7e70\u308a\u8fd4\u3057\u5fdc\u7b54": 0.0, "train/recall_label_\u7e70\u308a\u8fd4\u3057\u5fdc\u7b54": 0.0, "train/f1score_label_\u7e70\u308a\u8fd4\u3057\u5fdc\u7b54": 0.0, "train/accuracy_label_\u540c\u610f": 0.6023192405700684, "train/presicion_label_\u540c\u610f": 0.44186046719551086, "train/recall_label_\u540c\u610f": 0.8837209343910217, "train/f1score_label_\u540c\u610f": 0.5891472697257996, "train/accuracy_label_\u7d0d\u5f97": 0.6180081963539124, "train/presicion_label_\u7d0d\u5f97": 0.4280782639980316, "train/recall_label_\u7d0d\u5f97": 0.8551723957061768, "train/f1score_label_\u7d0d\u5f97": 0.5705521702766418, "train/accuracy_label_\u9a5a\u304d": 0.5300136208534241, "train/presicion_label_\u9a5a\u304d": 0.281902551651001, "train/recall_label_\u9a5a\u304d": 0.7763578295707703, "train/f1score_label_\u9a5a\u304d": 0.41361701488494873, "train/accuracy_label_\u8a00\u3044\u63db\u3048": 0.47135061025619507, "train/presicion_label_\u8a00\u3044\u63db\u3048": 0.0, "train/recall_label_\u8a00\u3044\u63db\u3048": 0.0, "train/f1score_label_\u8a00\u3044\u63db\u3048": 0.0, "train/loss": 0.5404436588287354, "test_loss": 0.5432329773902893, "test/multilabelaccuracy": 0.6315994262695312, "test/multilabelprecision": 0.4309326410293579, "test/multilabelrecall": 0.6774111986160278, "test/multilabelf1score": 0.5079106092453003, "test/multilabelmatthewscorrcoef": 0.2613123059272766, "test/accuracy_label_\u3042\u3044\u3065\u3061": 0.9503105878829956, "test/presicion_label_\u3042\u3044\u3065\u3061": 0.955974817276001, "test/recall_label_\u3042\u3044\u3065\u3061": 0.9934640526771545, "test/f1score_label_\u3042\u3044\u3065\u3061": 0.9743589758872986, "test/accuracy_label_\u611f\u5fc3": 0.8757764101028442, "test/presicion_label_\u611f\u5fc3": 0.8773584961891174, "test/recall_label_\u611f\u5fc3": 0.9964285492897034, "test/f1score_label_\u611f\u5fc3": 0.9331103563308716, "test/accuracy_label_\u8a55\u4fa1": 0.5714285969734192, "test/presicion_label_\u8a55\u4fa1": 0.4636363685131073, "test/recall_label_\u8a55\u4fa1": 0.8360655903816223, "test/f1score_label_\u8a55\u4fa1": 0.5964912176132202, "test/accuracy_label_\u7e70\u308a\u8fd4\u3057\u5fdc\u7b54": 0.38509318232536316, "test/presicion_label_\u7e70\u308a\u8fd4\u3057\u5fdc\u7b54": 0.0, "test/recall_label_\u7e70\u308a\u8fd4\u3057\u5fdc\u7b54": 0.0, "test/f1score_label_\u7e70\u308a\u8fd4\u3057\u5fdc\u7b54": 0.0, "test/accuracy_label_\u540c\u610f": 0.5745341777801514, "test/presicion_label_\u540c\u610f": 0.42222222685813904, "test/recall_label_\u540c\u610f": 0.9313725233078003, "test/f1score_label_\u540c\u610f": 0.5810397267341614, "test/accuracy_label_\u7d0d\u5f97": 0.6614906787872314, "test/presicion_label_\u7d0d\u5f97": 0.518324613571167, "test/recall_label_\u7d0d\u5f97": 0.8534482717514038, "test/f1score_label_\u7d0d\u5f97": 0.6449511647224426, "test/accuracy_label_\u9a5a\u304d": 0.5279502868652344, "test/presicion_label_\u9a5a\u304d": 0.20994475483894348, "test/recall_label_\u9a5a\u304d": 0.8085106611251831, "test/f1score_label_\u9a5a\u304d": 0.3333333432674408, "test/accuracy_label_\u8a00\u3044\u63db\u3048": 0.5062111616134644, "test/presicion_label_\u8a00\u3044\u63db\u3048": 0.0, "test/recall_label_\u8a00\u3044\u63db\u3048": 0.0, "test/f1score_label_\u8a00\u3044\u63db\u3048": 0.0, "_wandb": {"runtime": 181}}