{"val_loss": 0.688610315322876, "val/multilabelaccuracy": 0.9378048777580261, "val/multilabelprecision": 0.04198718070983887, "val/multilabelrecall": 0.05932971090078354, "val/multilabelf1score": 0.049174174666404724, "val/multilabelmatthewscorrcoef": 0.5357215404510498, "epoch": 3, "trainer/global_step": 103, "_timestamp": 1702439094.2964604, "_runtime": 188.06571245193481, "_step": 9, "train_loss": 0.6886765956878662, "train/multilabelaccuracy": 0.9333791136741638, "train/multilabelprecision": 0.07214604318141937, "train/multilabelrecall": 0.06381557136774063, "train/multilabelf1score": 0.05350266024470329, "train/multilabelmatthewscorrcoef": 0.5099419355392456, "train/accuracy_label_0": 0.6544566750526428, "train/presicion_label_0": 0.6543367505073547, "train/recall_label_0": 0.977142870426178, "train/f1score_label_0": 0.7838044166564941, "train/accuracy_label_1": 0.6862027049064636, "train/presicion_label_1": 0.3333333432674408, "train/recall_label_1": 0.00390625, "train/f1score_label_1": 0.0077220075763762, "train/accuracy_label_2": 0.920634925365448, "train/presicion_label_2": 0.0, "train/recall_label_2": 0.0, "train/f1score_label_2": 0.0, "train/accuracy_label_3": 0.9536019563674927, "train/presicion_label_3": 0.0, "train/recall_label_3": 0.0, "train/f1score_label_3": 0.0, "train/accuracy_label_4": 0.9133089184761047, "train/presicion_label_4": 0.0, "train/recall_label_4": 0.0, "train/f1score_label_4": 0.0, "train/accuracy_label_5": 0.9609279632568359, "train/presicion_label_5": 0.0, "train/recall_label_5": 0.0, "train/f1score_label_5": 0.0, "train/accuracy_label_6": 0.9645909667015076, "train/presicion_label_6": 0.1666666716337204, "train/recall_label_6": 0.03999999910593033, "train/f1score_label_6": 0.06451612710952759, "train/accuracy_label_7": 1.0, "train/presicion_label_7": 0.0, "train/recall_label_7": 0.0, "train/f1score_label_7": 0.0, "train/accuracy_label_8": 0.9816849827766418, "train/presicion_label_8": 0.0, "train/recall_label_8": 0.0, "train/f1score_label_8": 0.0, "train/accuracy_label_9": 0.9890109896659851, "train/presicion_label_9": 0.0, "train/recall_label_9": 0.0, "train/f1score_label_9": 0.0, "train/accuracy_label_10": 0.9926739931106567, "train/presicion_label_10": 0.0, "train/recall_label_10": 0.0, "train/f1score_label_10": 0.0, "train/accuracy_label_11": 0.9768009781837463, "train/presicion_label_11": 0.0, "train/recall_label_11": 0.0, "train/f1score_label_11": 0.0, "train/accuracy_label_12": 0.9890109896659851, "train/presicion_label_12": 0.0, "train/recall_label_12": 0.0, "train/f1score_label_12": 0.0, "train/accuracy_label_13": 0.9987789988517761, "train/presicion_label_13": 0.0, "train/recall_label_13": 0.0, "train/f1score_label_13": 0.0, "train/accuracy_label_14": 0.9987789988517761, "train/presicion_label_14": 0.0, "train/recall_label_14": 0.0, "train/f1score_label_14": 0.0, "train/accuracy_label_15": 0.9536019563674927, "train/presicion_label_15": 0.0, "train/recall_label_15": 0.0, "train/f1score_label_15": 0.0, "train/loss": 0.6830191612243652, "_wandb": {"runtime": 193}}