{"val_loss": 0.6891918182373047, "val/multilabelaccuracy": 0.9402438998222351, "val/multilabelprecision": 0.042073171585798264, "val/multilabelrecall": 0.0625, "val/multilabelf1score": 0.05029154568910599, "val/multilabelmatthewscorrcoef": 0.5583606958389282, "epoch": 3, "trainer/global_step": 103, "_timestamp": 1701934129.3849368, "_runtime": 182.5490107536316, "_step": 9, "train_loss": 0.689972460269928, "train/multilabelaccuracy": 0.9306318759918213, "train/multilabelprecision": 0.055853575468063354, "train/multilabelrecall": 0.06489931046962738, "train/multilabelf1score": 0.05191121995449066, "train/multilabelmatthewscorrcoef": 0.501742959022522, "train/accuracy_label_0": 0.6410256624221802, "train/presicion_label_0": 0.6410256624221802, "train/recall_label_0": 1.0, "train/f1score_label_0": 0.78125, "train/accuracy_label_1": 0.6837607026100159, "train/presicion_label_1": 0.20000000298023224, "train/recall_label_1": 0.00390625, "train/f1score_label_1": 0.007662835065275431, "train/accuracy_label_2": 0.9145299196243286, "train/presicion_label_2": 0.0, "train/recall_label_2": 0.0, "train/f1score_label_2": 0.0, "train/accuracy_label_3": 0.9438339471817017, "train/presicion_label_3": 0.05263157933950424, "train/recall_label_3": 0.03448275849223137, "train/f1score_label_3": 0.0416666679084301, "train/accuracy_label_4": 0.9169719219207764, "train/presicion_label_4": 0.0, "train/recall_label_4": 0.0, "train/f1score_label_4": 0.0, "train/accuracy_label_5": 0.9621489644050598, "train/presicion_label_5": 0.0, "train/recall_label_5": 0.0, "train/f1score_label_5": 0.0, "train/accuracy_label_6": 0.9645909667015076, "train/presicion_label_6": 0.0, "train/recall_label_6": 0.0, "train/f1score_label_6": 0.0, "train/accuracy_label_7": 0.9841269850730896, "train/presicion_label_7": 0.0, "train/recall_label_7": 0.0, "train/f1score_label_7": 0.0, "train/accuracy_label_8": 0.9829059839248657, "train/presicion_label_8": 0.0, "train/recall_label_8": 0.0, "train/f1score_label_8": 0.0, "train/accuracy_label_9": 0.9890109896659851, "train/presicion_label_9": 0.0, "train/recall_label_9": 0.0, "train/f1score_label_9": 0.0, "train/accuracy_label_10": 0.9987789988517761, "train/presicion_label_10": 0.0, "train/recall_label_10": 0.0, "train/f1score_label_10": 0.0, "train/accuracy_label_11": 0.9890109896659851, "train/presicion_label_11": 0.0, "train/recall_label_11": 0.0, "train/f1score_label_11": 0.0, "train/accuracy_label_12": 0.9865689873695374, "train/presicion_label_12": 0.0, "train/recall_label_12": 0.0, "train/f1score_label_12": 0.0, "train/accuracy_label_13": 0.9987789988517761, "train/presicion_label_13": 0.0, "train/recall_label_13": 0.0, "train/f1score_label_13": 0.0, "train/accuracy_label_14": 0.9829059839248657, "train/presicion_label_14": 0.0, "train/recall_label_14": 0.0, "train/f1score_label_14": 0.0, "train/accuracy_label_15": 0.9511599540710449, "train/presicion_label_15": 0.0, "train/recall_label_15": 0.0, "train/f1score_label_15": 0.0, "train/loss": 0.6923750638961792, "_wandb": {"runtime": 182}}