{"val_loss": 0.16616684198379517, "val/multilabelaccuracy": 0.8953197002410889, "val/multilabelprecision": 0.15222612023353577, "val/multilabelrecall": 0.14657551050186157, "val/multilabelf1score": 0.1322762668132782, "val/multilabelmatthewscorrcoef": 0.5881787538528442, "val/accuracy_label_\u3042\u3044\u3065\u3061": 0.9308778047561646, "val/presicion_label_\u3042\u3044\u3065\u3061": 0.931141197681427, "val/recall_label_\u3042\u3044\u3065\u3061": 0.9996885061264038, "val/f1score_label_\u3042\u3044\u3065\u3061": 0.964198112487793, "val/accuracy_label_\u611f\u5fc3": 0.6196829080581665, "val/presicion_label_\u611f\u5fc3": 0.6183545589447021, "val/recall_label_\u611f\u5fc3": 0.9748247265815735, "val/f1score_label_\u611f\u5fc3": 0.7567099332809448, "val/accuracy_label_\u8a55\u4fa1": 0.8816705346107483, "val/presicion_label_\u8a55\u4fa1": 0.0, "val/recall_label_\u8a55\u4fa1": 0.0, "val/f1score_label_\u8a55\u4fa1": 0.0, "val/accuracy_label_\u7e70\u308a\u8fd4\u3057\u5fdc\u7b54": 0.7315351963043213, "val/presicion_label_\u7e70\u308a\u8fd4\u3057\u5fdc\u7b54": 0.2149837166070938, "val/recall_label_\u7e70\u308a\u8fd4\u3057\u5fdc\u7b54": 0.025365103036165237, "val/f1score_label_\u7e70\u308a\u8fd4\u3057\u5fdc\u7b54": 0.04537641629576683, "val/accuracy_label_\u540c\u610f": 0.8552784323692322, "val/presicion_label_\u540c\u610f": 0.17149220407009125, "val/recall_label_\u540c\u610f": 0.06405989825725555, "val/f1score_label_\u540c\u610f": 0.09327679872512817, "val/accuracy_label_\u7d0d\u5f97": 0.8480278253555298, "val/presicion_label_\u7d0d\u5f97": 0.1431952714920044, "val/recall_label_\u7d0d\u5f97": 0.12487100064754486, "val/f1score_label_\u7d0d\u5f97": 0.1334068328142166, "val/accuracy_label_\u9a5a\u304d": 0.929137647151947, "val/presicion_label_\u9a5a\u304d": 0.05607476457953453, "val/recall_label_\u9a5a\u304d": 0.009404388256371021, "val/f1score_label_\u9a5a\u304d": 0.016107382252812386, "val/accuracy_label_\u8a00\u3044\u63db\u3048": 1.0, "val/presicion_label_\u8a00\u3044\u63db\u3048": 0.0, "val/recall_label_\u8a00\u3044\u63db\u3048": 0.0, "val/f1score_label_\u8a00\u3044\u63db\u3048": 0.0, "val/accuracy_label_\u610f\u898b": 0.925560712814331, "val/presicion_label_\u610f\u898b": 0.031042128801345825, "val/recall_label_\u610f\u898b": 0.040345821529626846, "val/f1score_label_\u610f\u898b": 0.035087719559669495, "val/accuracy_label_\u8003\u3048\u3066\u3044\u308b\u6700\u4e2d": 0.9769914746284485, "val/presicion_label_\u8003\u3048\u3066\u3044\u308b\u6700\u4e2d": 0.06451612710952759, "val/recall_label_\u8003\u3048\u3066\u3044\u308b\u6700\u4e2d": 0.009478673338890076, "val/f1score_label_\u8003\u3048\u3066\u3044\u308b\u6700\u4e2d": 0.01652892492711544, "val/accuracy_label_\u4e0d\u540c\u610f": 0.9651005268096924, "val/presicion_label_\u4e0d\u540c\u610f": 0.013636363670229912, "val/recall_label_\u4e0d\u540c\u610f": 0.020408162847161293, "val/f1score_label_\u4e0d\u540c\u610f": 0.01634877361357212, "val/accuracy_label_\u88dc\u5b8c": 0.9262374043464661, "val/presicion_label_\u88dc\u5b8c": 0.025830257683992386, "val/recall_label_\u88dc\u5b8c": 0.013833992183208466, "val/f1score_label_\u88dc\u5b8c": 0.018018018454313278, "val/accuracy_label_\u3042\u3044\u3055\u3064": 0.935228168964386, "val/presicion_label_\u3042\u3044\u3055\u3064": 0.0032573288772255182, "val/recall_label_\u3042\u3044\u3055\u3064": 0.03333333507180214, "val/f1score_label_\u3042\u3044\u3055\u3064": 0.005934718064963818, "val/accuracy_label_\u60f3\u8d77": 0.9640371203422546, "val/presicion_label_\u60f3\u8d77": 0.0030030030757188797, "val/recall_label_\u60f3\u8d77": 0.024390242993831635, "val/f1score_label_\u60f3\u8d77": 0.005347593687474728, "val/accuracy_label_\u9a5a\u304d\u3068\u3044\u3076\u304b\u308a": 0.9686775207519531, "val/presicion_label_\u9a5a\u304d\u3068\u3044\u3076\u304b\u308a": 0.0, "val/recall_label_\u9a5a\u304d\u3068\u3044\u3076\u304b\u308a": 0.0, "val/f1score_label_\u9a5a\u304d\u3068\u3044\u3076\u304b\u308a": 0.0, "val/accuracy_label_\u305d\u306e\u4ed6": 0.8670727014541626, "val/presicion_label_\u305d\u306e\u4ed6": 0.15909090638160706, "val/recall_label_\u305d\u306e\u4ed6": 0.005204461049288511, "val/f1score_label_\u305d\u306e\u4ed6": 0.010079193860292435, "epoch": 3, "trainer/global_step": 127, "_timestamp": 1714446506.427969, "_runtime": 85.13920903205872, "_step": 9, "train_loss": 0.16632510721683502, "train/multilabelaccuracy": 0.9013749957084656, "train/multilabelprecision": 0.18254083395004272, "train/multilabelrecall": 0.1730903536081314, "train/multilabelf1score": 0.13862863183021545, "train/multilabelmatthewscorrcoef": 0.6072474718093872, "train/accuracy_label_\u3042\u3044\u3065\u3061": 0.9279999732971191, "train/presicion_label_\u3042\u3044\u3065\u3061": 0.9279999732971191, "train/recall_label_\u3042\u3044\u3065\u3061": 1.0, "train/f1score_label_\u3042\u3044\u3065\u3061": 0.9626556038856506, "train/accuracy_label_\u611f\u5fc3": 0.6449999809265137, "train/presicion_label_\u611f\u5fc3": 0.6392742991447449, "train/recall_label_\u611f\u5fc3": 0.9724025726318359, "train/f1score_label_\u611f\u5fc3": 0.7714101672172546, "train/accuracy_label_\u8a55\u4fa1": 0.8830000162124634, "train/presicion_label_\u8a55\u4fa1": 0.0, "train/recall_label_\u8a55\u4fa1": 0.0, "train/f1score_label_\u8a55\u4fa1": 0.0, "train/accuracy_label_\u7e70\u308a\u8fd4\u3057\u5fdc\u7b54": 0.7260000109672546, "train/presicion_label_\u7e70\u308a\u8fd4\u3057\u5fdc\u7b54": 0.23529411852359772, "train/recall_label_\u7e70\u308a\u8fd4\u3057\u5fdc\u7b54": 0.015094339847564697, "train/f1score_label_\u7e70\u308a\u8fd4\u3057\u5fdc\u7b54": 0.028368793427944183, "train/accuracy_label_\u540c\u610f": 0.8730000257492065, "train/presicion_label_\u540c\u610f": 0.380952388048172, "train/recall_label_\u540c\u610f": 0.06557376682758331, "train/f1score_label_\u540c\u610f": 0.1118881106376648, "train/accuracy_label_\u7d0d\u5f97": 0.8980000019073486, "train/presicion_label_\u7d0d\u5f97": 0.19565217196941376, "train/recall_label_\u7d0d\u5f97": 0.12162162363529205, "train/f1score_label_\u7d0d\u5f97": 0.15000000596046448, "train/accuracy_label_\u9a5a\u304d": 0.9269999861717224, "train/presicion_label_\u9a5a\u304d": 0.0, "train/recall_label_\u9a5a\u304d": 0.0, "train/f1score_label_\u9a5a\u304d": 0.0, "train/accuracy_label_\u8a00\u3044\u63db\u3048": 1.0, "train/presicion_label_\u8a00\u3044\u63db\u3048": 0.0, "train/recall_label_\u8a00\u3044\u63db\u3048": 0.0, "train/f1score_label_\u8a00\u3044\u63db\u3048": 0.0, "train/accuracy_label_\u610f\u898b": 0.9210000038146973, "train/presicion_label_\u610f\u898b": 0.06818182021379471, "train/recall_label_\u610f\u898b": 0.0731707289814949, "train/f1score_label_\u610f\u898b": 0.07058823853731155, "train/accuracy_label_\u8003\u3048\u3066\u3044\u308b\u6700\u4e2d": 0.9789999723434448, "train/presicion_label_\u8003\u3048\u3066\u3044\u308b\u6700\u4e2d": 0.0, "train/recall_label_\u8003\u3048\u3066\u3044\u308b\u6700\u4e2d": 0.0, "train/f1score_label_\u8003\u3048\u3066\u3044\u308b\u6700\u4e2d": 0.0, "train/accuracy_label_\u4e0d\u540c\u610f": 0.968999981880188, "train/presicion_label_\u4e0d\u540c\u610f": 0.0, "train/recall_label_\u4e0d\u540c\u610f": 0.0, "train/f1score_label_\u4e0d\u540c\u610f": 0.0, "train/accuracy_label_\u88dc\u5b8c": 0.9359999895095825, "train/presicion_label_\u88dc\u5b8c": 0.0, "train/recall_label_\u88dc\u5b8c": 0.0, "train/f1score_label_\u88dc\u5b8c": 0.0, "train/accuracy_label_\u3042\u3044\u3055\u3064": 0.9369999766349792, "train/presicion_label_\u3042\u3044\u3055\u3064": 0.016949152573943138, "train/recall_label_\u3042\u3044\u3055\u3064": 0.1666666716337204, "train/f1score_label_\u3042\u3044\u3055\u3064": 0.03076923079788685, "train/accuracy_label_\u60f3\u8d77": 0.9629999995231628, "train/presicion_label_\u60f3\u8d77": 0.02777777798473835, "train/recall_label_\u60f3\u8d77": 0.3333333432674408,