{"train/loss": 0.6352347731590271, "epoch": 0, "trainer/global_step": 117, "_timestamp": 1717467968.7764716, "_runtime": 144.15854454040527, "_step": 2, "test_loss": 0.6270454525947571, "test/multilabelaccuracy": 0.8444309234619141, "test/multilabelprecision": 0.15015000104904175, "test/multilabelrecall": 0.1250513643026352, "test/multilabelf1score": 0.12199857085943222, "test/multilabelmatthewscorrcoef": 0.5800446271896362, "test/accuracy_label_\u3042\u3044\u3065\u3061": 0.9747081995010376, "test/presicion_label_\u3042\u3044\u3065\u3061": 0.9747081995010376, "test/recall_label_\u3042\u3044\u3065\u3061": 1.0, "test/f1score_label_\u3042\u3044\u3065\u3061": 0.9871920943260193, "test/accuracy_label_\u611f\u5fc3": 0.9287937879562378, "test/presicion_label_\u611f\u5fc3": 0.9276916980743408, "test/recall_label_\u611f\u5fc3": 0.9995719194412231, "test/f1score_label_\u611f\u5fc3": 0.9622913599014282, "test/accuracy_label_\u8a55\u4fa1": 0.6634241342544556, "test/presicion_label_\u8a55\u4fa1": 0.0, "test/recall_label_\u8a55\u4fa1": 0.0, "test/f1score_label_\u8a55\u4fa1": 0.0, "test/accuracy_label_\u7e70\u308a\u8fd4\u3057\u5fdc\u7b54": 0.4198443591594696, "test/presicion_label_\u7e70\u308a\u8fd4\u3057\u5fdc\u7b54": 0.0, "test/recall_label_\u7e70\u308a\u8fd4\u3057\u5fdc\u7b54": 0.0, "test/f1score_label_\u7e70\u308a\u8fd4\u3057\u5fdc\u7b54": 0.0, "test/accuracy_label_\u540c\u610f": 0.7105058431625366, "test/presicion_label_\u540c\u610f": 0.0, "test/recall_label_\u540c\u610f": 0.0, "test/f1score_label_\u540c\u610f": 0.0, "test/accuracy_label_\u7d0d\u5f97": 0.7295719981193542, "test/presicion_label_\u7d0d\u5f97": 0.0, "test/recall_label_\u7d0d\u5f97": 0.0, "test/f1score_label_\u7d0d\u5f97": 0.0, "test/accuracy_label_\u9a5a\u304d": 0.8182879090309143, "test/presicion_label_\u9a5a\u304d": 0.0, "test/recall_label_\u9a5a\u304d": 0.0, "test/f1score_label_\u9a5a\u304d": 0.0, "test/accuracy_label_\u8a00\u3044\u63db\u3048": 1.0, "test/presicion_label_\u8a00\u3044\u63db\u3048": 0.0, "test/recall_label_\u8a00\u3044\u63db\u3048": 0.0, "test/f1score_label_\u8a00\u3044\u63db\u3048": 0.0, "test/accuracy_label_\u610f\u898b": 0.8723735213279724, "test/presicion_label_\u610f\u898b": 0.0, "test/recall_label_\u610f\u898b": 0.0, "test/f1score_label_\u610f\u898b": 0.0, "test/accuracy_label_\u8003\u3048\u3066\u3044\u308b\u6700\u4e2d": 0.9322957396507263, "test/presicion_label_\u8003\u3048\u3066\u3044\u308b\u6700\u4e2d": 0.0, "test/recall_label_\u8003\u3048\u3066\u3044\u308b\u6700\u4e2d": 0.0, "test/f1score_label_\u8003\u3048\u3066\u3044\u308b\u6700\u4e2d": 0.0, "test/accuracy_label_\u4e0d\u540c\u610f": 0.9560311436653137, "test/presicion_label_\u4e0d\u540c\u610f": 0.0, "test/recall_label_\u4e0d\u540c\u610f": 0.0, "test/f1score_label_\u4e0d\u540c\u610f": 0.0, "test/accuracy_label_\u88dc\u5b8c": 0.8599221706390381, "test/presicion_label_\u88dc\u5b8c": 0.0, "test/recall_label_\u88dc\u5b8c": 0.0, "test/f1score_label_\u88dc\u5b8c": 0.0, "test/accuracy_label_\u3042\u3044\u3055\u3064": 0.970038890838623, "test/presicion_label_\u3042\u3044\u3055\u3064": 0.0, "test/recall_label_\u3042\u3044\u3055\u3064": 0.0, "test/f1score_label_\u3042\u3044\u3055\u3064": 0.0, "test/accuracy_label_\u60f3\u8d77": 0.9926069974899292, "test/presicion_label_\u60f3\u8d77": 0.0, "test/recall_label_\u60f3\u8d77": 0.0, "test/f1score_label_\u60f3\u8d77": 0.0, "test/accuracy_label_\u9a5a\u304d\u3068\u3044\u3076\u304b\u308a": 0.9937742948532104, "test/presicion_label_\u9a5a\u304d\u3068\u3044\u3076\u304b\u308a": 0.0, "test/recall_label_\u9a5a\u304d\u3068\u3044\u3076\u304b\u308a": 0.0, "test/f1score_label_\u9a5a\u304d\u3068\u3044\u3076\u304b\u308a": 0.0, "test/accuracy_label_\u305d\u306e\u4ed6": 0.688715934753418, "test/presicion_label_\u305d\u306e\u4ed6": 0.5, "test/recall_label_\u305d\u306e\u4ed6": 0.0012499999720603228, "test/f1score_label_\u305d\u306e\u4ed6": 0.0024937656708061695, "_wandb": {"runtime": 144}}