{"val_loss": 0.1500261127948761, "val/multilabelaccuracy": 0.7278610467910767, "val/multilabelprecision": 0.456321120262146, "val/multilabelrecall": 0.5149242281913757, "val/multilabelf1score": 0.48306941986083984, "val/multilabelmatthewscorrcoef": 0.4656142592430115, "val/accuracy_label_\u3042\u3044\u3065\u3061": 0.9536784887313843, "val/presicion_label_\u3042\u3044\u3065\u3061": 0.9551820755004883, "val/recall_label_\u3042\u3044\u3065\u3061": 0.9970760345458984, "val/f1score_label_\u3042\u3044\u3065\u3061": 0.9756795167922974, "val/accuracy_label_\u611f\u5fc3": 0.9019073843955994, "val/presicion_label_\u611f\u5fc3": 0.9134328365325928, "val/recall_label_\u611f\u5fc3": 0.9776358008384705, "val/f1score_label_\u611f\u5fc3": 0.9444444179534912, "val/accuracy_label_\u8a55\u4fa1": 0.6866484880447388, "val/presicion_label_\u8a55\u4fa1": 0.5555555820465088, "val/recall_label_\u8a55\u4fa1": 0.6766917109489441, "val/f1score_label_\u8a55\u4fa1": 0.6101694703102112, "val/accuracy_label_\u7e70\u308a\u8fd4\u3057\u5fdc\u7b54": 0.40871936082839966, "val/presicion_label_\u7e70\u308a\u8fd4\u3057\u5fdc\u7b54": 0.0, "val/recall_label_\u7e70\u308a\u8fd4\u3057\u5fdc\u7b54": 0.0, "val/f1score_label_\u7e70\u308a\u8fd4\u3057\u5fdc\u7b54": 0.0, "val/accuracy_label_\u540c\u610f": 0.7247956395149231, "val/presicion_label_\u540c\u610f": 0.6013985872268677, "val/recall_label_\u540c\u610f": 0.6615384817123413, "val/f1score_label_\u540c\u610f": 0.6300366520881653, "val/accuracy_label_\u7d0d\u5f97": 0.7002725005149841, "val/presicion_label_\u7d0d\u5f97": 0.0, "val/recall_label_\u7d0d\u5f97": 0.0, "val/f1score_label_\u7d0d\u5f97": 0.0, "val/accuracy_label_\u9a5a\u304d": 0.7901907563209534, "val/presicion_label_\u9a5a\u304d": 0.0, "val/recall_label_\u9a5a\u304d": 0.0, "val/f1score_label_\u9a5a\u304d": 0.0, "val/accuracy_label_\u8a00\u3044\u63db\u3048": 0.6566757559776306, "val/presicion_label_\u8a00\u3044\u63db\u3048": 0.625, "val/recall_label_\u8a00\u3044\u63db\u3048": 0.8064516186714172, "val/f1score_label_\u8a00\u3044\u63db\u3048": 0.7042253613471985, "epoch": 8, "trainer/global_step": 368, "_timestamp": 1705336640.968014, "_runtime": 181.93415594100952, "_step": 23, "train_loss": 0.1507045179605484, "train/multilabelaccuracy": 0.726296067237854, "train/multilabelprecision": 0.4710646867752075, "train/multilabelrecall": 0.5505340695381165, "train/multilabelf1score": 0.4936269521713257, "train/multilabelmatthewscorrcoef": 0.45652130246162415, "train/accuracy_label_\u3042\u3044\u3065\u3061": 0.9583901762962341, "train/presicion_label_\u3042\u3044\u3065\u3061": 0.9596100449562073, "train/recall_label_\u3042\u3044\u3065\u3061": 0.9978276491165161, "train/f1score_label_\u3042\u3044\u3065\u3061": 0.9783457517623901, "train/accuracy_label_\u611f\u5fc3": 0.8574352264404297, "train/presicion_label_\u611f\u5fc3": 0.8657039999961853, "train/recall_label_\u611f\u5fc3": 0.9811784029006958, "train/f1score_label_\u611f\u5fc3": 0.9198312163352966, "train/accuracy_label_\u8a55\u4fa1": 0.6862210035324097, "train/presicion_label_\u8a55\u4fa1": 0.5431145429611206, "train/recall_label_\u8a55\u4fa1": 0.8007590174674988, "train/f1score_label_\u8a55\u4fa1": 0.6472392678260803, "train/accuracy_label_\u7e70\u308a\u8fd4\u3057\u5fdc\u7b54": 0.4181446135044098, "train/presicion_label_\u7e70\u308a\u8fd4\u3057\u5fdc\u7b54": 0.0, "train/recall_label_\u7e70\u308a\u8fd4\u3057\u5fdc\u7b54": 0.0, "train/f1score_label_\u7e70\u308a\u8fd4\u3057\u5fdc\u7b54": 0.0, "train/accuracy_label_\u540c\u610f": 0.7189631462097168, "train/presicion_label_\u540c\u610f": 0.5504132509231567, "train/recall_label_\u540c\u610f": 0.704016923904419, "train/f1score_label_\u540c\u610f": 0.6178107857704163, "train/accuracy_label_\u7d0d\u5f97": 0.7032741904258728, "train/presicion_label_\u7d0d\u5f97": 0.0, "train/recall_label_\u7d0d\u5f97": 0.0, "train/f1score_label_\u7d0d\u5f97": 0.0, "train/accuracy_label_\u9a5a\u304d": 0.7762619256973267, "train/presicion_label_\u9a5a\u304d": 0.20000000298023224, "train/recall_label_\u9a5a\u304d": 0.015974441543221474, "train/f1score_label_\u9a5a\u304d": 0.02958579920232296, "train/accuracy_label_\u8a00\u3044\u63db\u3048": 0.6916780471801758, "train/presicion_label_\u8a00\u3044\u63db\u3048": 0.6496756076812744, "train/recall_label_\u8a00\u3044\u63db\u3048": 0.9045161008834839, "train/f1score_label_\u8a00\u3044\u63db\u3048": 0.7562028169631958, "train/loss": 0.1484164595603943, "test_loss": 0.15051019191741943, "test/multilabelaccuracy": 0.6995341777801514, "test/multilabelprecision": 0.4258157014846802, "test/multilabelrecall": 0.5374658703804016, "test/multilabelf1score": 0.4713383913040161, "test/multilabelmatthewscorrcoef": 0.4026395380496979, "_wandb": {"runtime": 181}}