{"val_loss": 0.6887546181678772, "val/multilabelaccuracy": 0.9381097555160522, "val/multilabelprecision": 0.0426282063126564, "val/multilabelrecall": 0.060235507786273956, "val/multilabelf1score": 0.04992492496967316, "val/multilabelmatthewscorrcoef": 0.5401497483253479, "epoch": 3, "trainer/global_step": 103, "_timestamp": 1701930330.6542032, "_runtime": 187.10116314888, "_step": 9, "train_loss": 0.6889629364013672, "train/multilabelaccuracy": 0.9313949942588806, "train/multilabelprecision": 0.049057722091674805, "train/multilabelrecall": 0.06660714000463486, "train/multilabelf1score": 0.05471919849514961, "train/multilabelmatthewscorrcoef": 0.5036302208900452, "train/accuracy_label_0": 0.6410256624221802, "train/presicion_label_0": 0.6420664191246033, "train/recall_label_0": 0.9942857027053833, "train/f1score_label_0": 0.7802690863609314, "train/accuracy_label_1": 0.672771692276001, "train/presicion_label_1": 0.0, "train/recall_label_1": 0.0, "train/f1score_label_1": 0.0, "train/accuracy_label_2": 0.9194139242172241, "train/presicion_label_2": 0.0, "train/recall_label_2": 0.0, "train/f1score_label_2": 0.0, "train/accuracy_label_3": 0.9560439586639404, "train/presicion_label_3": 0.0, "train/recall_label_3": 0.0, "train/f1score_label_3": 0.0, "train/accuracy_label_4": 0.910866916179657, "train/presicion_label_4": 0.0, "train/recall_label_4": 0.0, "train/f1score_label_4": 0.0, "train/accuracy_label_5": 0.9621489644050598, "train/presicion_label_5": 0.0, "train/recall_label_5": 0.0, "train/f1score_label_5": 0.0, "train/accuracy_label_6": 0.9658119678497314, "train/presicion_label_6": 0.0, "train/recall_label_6": 0.0, "train/f1score_label_6": 0.0, "train/accuracy_label_7": 0.9963369965553284, "train/presicion_label_7": 0.0, "train/recall_label_7": 0.0, "train/f1score_label_7": 0.0, "train/accuracy_label_8": 0.9768009781837463, "train/presicion_label_8": 0.1428571492433548, "train/recall_label_8": 0.0714285746216774, "train/f1score_label_8": 0.095238097012043, "train/accuracy_label_9": 0.9829059839248657, "train/presicion_label_9": 0.0, "train/recall_label_9": 0.0, "train/f1score_label_9": 0.0, "train/accuracy_label_10": 0.9987789988517761, "train/presicion_label_10": 0.0, "train/recall_label_10": 0.0, "train/f1score_label_10": 0.0, "train/accuracy_label_11": 0.9865689873695374, "train/presicion_label_11": 0.0, "train/recall_label_11": 0.0, "train/f1score_label_11": 0.0, "train/accuracy_label_12": 1.0, "train/presicion_label_12": 0.0, "train/recall_label_12": 0.0, "train/f1score_label_12": 0.0, "train/accuracy_label_13": 0.9926739931106567, "train/presicion_label_13": 0.0, "train/recall_label_13": 0.0, "train/f1score_label_13": 0.0, "train/accuracy_label_14": 0.9865689873695374, "train/presicion_label_14": 0.0, "train/recall_label_14": 0.0, "train/f1score_label_14": 0.0, "train/accuracy_label_15": 0.9536019563674927, "train/presicion_label_15": 0.0, "train/recall_label_15": 0.0, "train/f1score_label_15": 0.0, "train/loss": 0.691639244556427, "_wandb": {"runtime": 192}}