{"val_loss": 0.665139377117157, "val/multilabelaccuracy": 0.611716628074646, "val/multilabelprecision": 0.33010807633399963, "val/multilabelrecall": 0.4031197726726532, "val/multilabelf1score": 0.36106494069099426, "val/multilabelmatthewscorrcoef": 0.25042131543159485, "val/accuracy_label_\u3042\u3044\u3065\u3061": 0.06811989098787308, "val/presicion_label_\u3042\u3044\u3065\u3061": 0.0, "val/recall_label_\u3042\u3044\u3065\u3061": 0.0, "val/f1score_label_\u3042\u3044\u3065\u3061": 0.0, "val/accuracy_label_\u611f\u5fc3": 0.9019073843955994, "val/presicion_label_\u611f\u5fc3": 0.9134328365325928, "val/recall_label_\u611f\u5fc3": 0.9776358008384705, "val/f1score_label_\u611f\u5fc3": 0.9444444179534912, "val/accuracy_label_\u8a55\u4fa1": 0.6594005227088928, "val/presicion_label_\u8a55\u4fa1": 0.5206185579299927, "val/recall_label_\u8a55\u4fa1": 0.7593985199928284, "val/f1score_label_\u8a55\u4fa1": 0.6177369952201843, "val/accuracy_label_\u7e70\u308a\u8fd4\u3057\u5fdc\u7b54": 0.41144412755966187, "val/presicion_label_\u7e70\u308a\u8fd4\u3057\u5fdc\u7b54": 0.0, "val/recall_label_\u7e70\u308a\u8fd4\u3057\u5fdc\u7b54": 0.0, "val/f1score_label_\u7e70\u308a\u8fd4\u3057\u5fdc\u7b54": 0.0, "val/accuracy_label_\u540c\u610f": 0.7220708727836609, "val/presicion_label_\u540c\u610f": 0.6014492511749268, "val/recall_label_\u540c\u610f": 0.6384615302085876, "val/f1score_label_\u540c\u610f": 0.6194030046463013, "val/accuracy_label_\u7d0d\u5f97": 0.7002725005149841, "val/presicion_label_\u7d0d\u5f97": 0.0, "val/recall_label_\u7d0d\u5f97": 0.0, "val/f1score_label_\u7d0d\u5f97": 0.0, "val/accuracy_label_\u9a5a\u304d": 0.7874659299850464, "val/presicion_label_\u9a5a\u304d": 0.0, "val/recall_label_\u9a5a\u304d": 0.0, "val/f1score_label_\u9a5a\u304d": 0.0, "val/accuracy_label_\u305d\u306e\u4ed6": 0.6430517435073853, "val/presicion_label_\u305d\u306e\u4ed6": 0.6053639650344849, "val/recall_label_\u305d\u306e\u4ed6": 0.8494623899459839, "val/f1score_label_\u305d\u306e\u4ed6": 0.7069351077079773, "epoch": 4, "trainer/global_step": 184, "_timestamp": 1705462415.7606068, "_runtime": 98.64438581466675, "_step": 11, "train_loss": 0.6683338284492493, "train/multilabelaccuracy": 0.5952421426773071, "train/multilabelprecision": 0.3483089506626129, "train/multilabelrecall": 0.4331117868423462, "train/multilabelf1score": 0.3789621591567993, "train/multilabelmatthewscorrcoef": 0.20545470714569092, "train/accuracy_label_\u3042\u3044\u3065\u3061": 0.05798089876770973, "train/presicion_label_\u3042\u3044\u3065\u3061": 0.0, "train/recall_label_\u3042\u3044\u3065\u3061": 0.0, "train/f1score_label_\u3042\u3044\u3065\u3061": 0.0, "train/accuracy_label_\u611f\u5fc3": 0.851296067237854, "train/presicion_label_\u611f\u5fc3": 0.8595988750457764, "train/recall_label_\u611f\u5fc3": 0.9819967150688171, "train/f1score_label_\u611f\u5fc3": 0.9167303442955017, "train/accuracy_label_\u8a55\u4fa1": 0.6582537293434143, "train/presicion_label_\u8a55\u4fa1": 0.5151515007019043, "train/recall_label_\u8a55\u4fa1": 0.8387096524238586, "train/f1score_label_\u8a55\u4fa1": 0.6382671594619751, "train/accuracy_label_\u7e70\u308a\u8fd4\u3057\u5fdc\u7b54": 0.4201909899711609, "train/presicion_label_\u7e70\u308a\u8fd4\u3057\u5fdc\u7b54": 0.0, "train/recall_label_\u7e70\u308a\u8fd4\u3057\u5fdc\u7b54": 0.0, "train/f1score_label_\u7e70\u308a\u8fd4\u3057\u5fdc\u7b54": 0.0, "train/accuracy_label_\u540c\u610f": 0.7025920748710632, "train/presicion_label_\u540c\u610f": 0.5378323197364807, "train/recall_label_\u540c\u610f": 0.5560253858566284, "train/f1score_label_\u540c\u610f": 0.5467775464057922, "train/accuracy_label_\u7d0d\u5f97": 0.7032741904258728, "train/presicion_label_\u7d0d\u5f97": 0.0, "train/recall_label_\u7d0d\u5f97": 0.0, "train/f1score_label_\u7d0d\u5f97": 0.0, "train/accuracy_label_\u9a5a\u304d": 0.7305593490600586, "train/presicion_label_\u9a5a\u304d": 0.27222222089767456, "train/recall_label_\u9a5a\u304d": 0.15654951333999634, "train/f1score_label_\u9a5a\u304d": 0.19878296554088593, "train/accuracy_label_\u305d\u306e\u4ed6": 0.6377899050712585, "train/presicion_label_\u305d\u306e\u4ed6": 0.6016666889190674, "train/recall_label_\u305d\u306e\u4ed6": 0.9316129088401794, "train/f1score_label_\u305d\u306e\u4ed6": 0.7311392426490784, "train/loss": 0.6591920852661133, "test_loss": 0.66567462682724, "test/multilabelaccuracy": 0.58152174949646, "test/multilabelprecision": 0.3025529980659485, "test/multilabelrecall": 0.40481287240982056, "test/multilabelf1score": 0.3438822031021118, "test/multilabelmatthewscorrcoef": 0.18288326263427734, "test/accuracy_label_\u3042\u3044\u3065\u3061": 0.04968944191932678, "test/presicion_label_\u3042\u3044\u3065\u3061": 0.0, "test/recall_label_\u3042\u3044\u3065\u3061": 0.0, "test/f1score_label_\u3042\u3044\u3065\u3061": 0.0, "test/accuracy_label_\u611f\u5fc3": 0.8664596080780029, "test/presicion_label_\u611f\u5fc3": 0.8963210582733154, "test/recall_label_\u611f\u5fc3": 0.9571428298950195, "test/f1score_label_\u611f\u5fc3": 0.9257340431213379, "test/accuracy_label_\u8a55\u4fa1": 0.5993788838386536, "test/presicion_label_\u8a55\u4fa1": 0.48128342628479004, "test/recall_label_\u8a55\u4fa1": 0.7377049326896667, "test/f1score_label_\u8a55\u4fa1": 0.582524299621582, "test/accuracy_label_\u7e70\u308a\u8fd4\u3057\u5fdc\u7b54": 0.38509318232536316, "test/presicion_label_\u7e70\u308a\u8fd4\u3057\u5fdc\u7b54": 0.0, "test/recall_label_\u7e70\u308a\u8fd4\u3057\u5fdc\u7b54": 0.0, "test/f1score_label_\u7e70\u308a\u8fd4\u3057\u5fdc\u7b54": 0.0, "test/accuracy_label_\u540c\u610f": 0.6708074808120728, "test/presicion_label_\u540c\u610f": 0.4855072498321533, "test/recall_label_\u540c\u610f": 0.656862735748291, "test/f1score_label_\u540c\u610f": 0.5583333373069763, "test/accuracy_label_\u7d0d\u5f97": 0.6397515535354614, "test/presicion_label_\u7d0d\u5f97": 0.0, "test/recall_label_\u7d0d\u5f97": 0.0, "test/f1score_label_\u7d0d\u5f97": 0.0, "test/accuracy_label_\u9a5a\u304d": 0.8447204828262329, "test/presicion_label_\u9a5a\u304d": 0.0, "test/recall_label_\u9a5a\u304d": 0.0, "test/f1score_label_\u9a5a\u304d": 0.0, "test/accuracy_label_\u305d\u306e\u4ed6": 0.5962733030319214, "test/presicion_label_\u305d\u306e\u4ed6": 0.5573122501373291, "test/recall_label_\u305d\u306e\u4ed6": 0.8867924809455872, "test/f1score_label_\u305d\u306e\u4ed6": 0.6844660043716431, "_wandb": {"runtime": 97}}