{"val_loss": 0.6909374594688416, "val/multilabelaccuracy": 0.9310975670814514, "val/multilabelprecision": 0.5840336084365845, "val/multilabelrecall": 0.5225563645362854, "val/multilabelf1score": 0.5515872836112976, "val/multilabelmatthewscorrcoef": 0.5153271555900574, "epoch": 0, "trainer/global_step": 25, "_timestamp": 1700637593.0486643, "_runtime": 41.606099367141724, "_step": 0, "_wandb": {"runtime": 41}}