{"val_loss": 260.0025939941406, "val/multilabelaccuracy": 0.9246951341629028, "val/multilabelprecision": 0.09513889253139496, "val/multilabelrecall": 0.023852165788412094, "val/multilabelf1score": 0.03628077730536461, "val/multilabelmatthewscorrcoef": 0.29659849405288696, "val/accuracy_label_\u3042\u3044\u3065\u3061": 0.4439024329185486, "val/presicion_label_\u3042\u3044\u3065\u3061": 0.7222222089767456, "val/recall_label_\u3042\u3044\u3065\u3061": 0.28260868787765503, "val/f1score_label_\u3042\u3044\u3065\u3061": 0.40625, "val/accuracy_label_\u611f\u5fc3": 0.707317054271698, "val/presicion_label_\u611f\u5fc3": 0.30000001192092896, "val/recall_label_\u611f\u5fc3": 0.0535714291036129, "val/f1score_label_\u611f\u5fc3": 0.09090909361839294, "val/accuracy_label_\u8a55\u4fa1": 0.8926829099655151, "val/presicion_label_\u8a55\u4fa1": 0.5, "val/recall_label_\u8a55\u4fa1": 0.04545454680919647, "val/f1score_label_\u8a55\u4fa1": 0.0833333358168602, "val/accuracy_label_\u7e70\u308a\u8fd4\u3057\u5fdc\u7b54": 0.9609755873680115, "val/presicion_label_\u7e70\u308a\u8fd4\u3057\u5fdc\u7b54": 0.0, "val/recall_label_\u7e70\u308a\u8fd4\u3057\u5fdc\u7b54": 0.0, "val/f1score_label_\u7e70\u308a\u8fd4\u3057\u5fdc\u7b54": 0.0, "val/accuracy_label_\u540c\u610f": 0.9219512343406677, "val/presicion_label_\u540c\u610f": 0.0, "val/recall_label_\u540c\u610f": 0.0, "val/f1score_label_\u540c\u610f": 0.0, "val/accuracy_label_\u7d0d\u5f97": 0.9512194991111755, "val/presicion_label_\u7d0d\u5f97": 0.0, "val/recall_label_\u7d0d\u5f97": 0.0, "val/f1score_label_\u7d0d\u5f97": 0.0, "val/accuracy_label_\u9a5a\u304d": 0.9707317352294922, "val/presicion_label_\u9a5a\u304d": 0.0, "val/recall_label_\u9a5a\u304d": 0.0, "val/f1score_label_\u9a5a\u304d": 0.0, "val/accuracy_label_\u8a00\u3044\u63db\u3048": 1.0, "val/presicion_label_\u8a00\u3044\u63db\u3048": 0.0, "val/recall_label_\u8a00\u3044\u63db\u3048": 0.0, "val/f1score_label_\u8a00\u3044\u63db\u3048": 0.0, "val/accuracy_label_\u610f\u898b": 0.9902439117431641, "val/presicion_label_\u610f\u898b": 0.0, "val/recall_label_\u610f\u898b": 0.0, "val/f1score_label_\u610f\u898b": 0.0, "val/accuracy_label_\u8003\u3048\u3066\u3044\u308b\u6700\u4e2d": 1.0, "val/presicion_label_\u8003\u3048\u3066\u3044\u308b\u6700\u4e2d": 0.0, "val/recall_label_\u8003\u3048\u3066\u3044\u308b\u6700\u4e2d": 0.0, "val/f1score_label_\u8003\u3048\u3066\u3044\u308b\u6700\u4e2d": 0.0, "val/accuracy_label_\u4e0d\u540c\u610f": 1.0, "val/presicion_label_\u4e0d\u540c\u610f": 0.0, "val/recall_label_\u4e0d\u540c\u610f": 0.0, "val/f1score_label_\u4e0d\u540c\u610f": 0.0, "val/accuracy_label_\u88dc\u5b8c": 0.9902439117431641, "val/presicion_label_\u88dc\u5b8c": 0.0, "val/recall_label_\u88dc\u5b8c": 0.0, "val/f1score_label_\u88dc\u5b8c": 0.0, "val/accuracy_label_\u3042\u3044\u3055\u3064": 1.0, "val/presicion_label_\u3042\u3044\u3055\u3064": 0.0, "val/recall_label_\u3042\u3044\u3055\u3064": 0.0, "val/f1score_label_\u3042\u3044\u3055\u3064": 0.0, "val/accuracy_label_\u60f3\u8d77": 1.0, "val/presicion_label_\u60f3\u8d77": 0.0, "val/recall_label_\u60f3\u8d77": 0.0, "val/f1score_label_\u60f3\u8d77": 0.0, "val/accuracy_label_\u9a5a\u304d\u3068\u3044\u3076\u304b\u308a": 1.0, "val/presicion_label_\u9a5a\u304d\u3068\u3044\u3076\u304b\u308a": 0.0, "val/recall_label_\u9a5a\u304d\u3068\u3044\u3076\u304b\u308a": 0.0, "val/f1score_label_\u9a5a\u304d\u3068\u3044\u3076\u304b\u308a": 0.0, "val/accuracy_label_\u305d\u306e\u4ed6": 0.9658536314964294, "val/presicion_label_\u305d\u306e\u4ed6": 0.0, "val/recall_label_\u305d\u306e\u4ed6": 0.0, "val/f1score_label_\u305d\u306e\u4ed6": 0.0, "epoch": 4, "trainer/global_step": 104, "_timestamp": 1703142405.6171892, "_runtime": 77.38126516342163, "_step": 10, "train_loss": 130.0788116455078, "train/multilabelaccuracy": 0.9176586866378784, "train/multilabelprecision": 0.07363054156303406, "train/multilabelrecall": 0.02094516158103943, "train/multilabelf1score": 0.03224046900868416, "train/multilabelmatthewscorrcoef": 0.21124236285686493, "train/accuracy_label_\u3042\u3044\u3065\u3061": 0.4273504316806793, "train/presicion_label_\u3042\u3044\u3065\u3061": 0.6538461446762085, "train/recall_label_\u3042\u3044\u3065\u3061": 0.2266666740179062, "train/f1score_label_\u3042\u3044\u3065\u3061": 0.3366336524486542, "train/accuracy_label_\u611f\u5fc3": 0.6483516693115234, "train/presicion_label_\u611f\u5fc3": 0.1666666716337204, "train/recall_label_\u611f\u5fc3": 0.03125, "train/f1score_label_\u611f\u5fc3": 0.05263157933950424, "train/accuracy_label_\u8a55\u4fa1": 0.9133089184761047, "train/presicion_label_\u8a55\u4fa1": 0.2666666805744171, "train/recall_label_\u8a55\u4fa1": 0.0625, "train/f1score_label_\u8a55\u4fa1": 0.10126582533121109, "train/accuracy_label_\u7e70\u308a\u8fd4\u3057\u5fdc\u7b54": 0.9621489644050598, "train/presicion_label_\u7e70\u308a\u8fd4\u3057\u5fdc\u7b54": 0.0, "train/recall_label_\u7e70\u308a\u8fd4\u3057\u5fdc\u7b54": 0.0, "train/f1score_label_\u7e70\u308a\u8fd4\u3057\u5fdc\u7b54": 0.0, "train/accuracy_label_\u540c\u610f": 0.9059829115867615, "train/presicion_label_\u540c\u610f": 0.09090909361839294, "train/recall_label_\u540c\u610f": 0.014705882407724857, "train/f1score_label_\u540c\u610f": 0.025316456332802773, "train/accuracy_label_\u7d0d\u5f97": 0.9645909667015076, "train/presicion_label_\u7d0d\u5f97": 0.0, "train/recall_label_\u7d0d\u5f97": 0.0, "train/f1score_label_\u7d0d\u5f97": 0.0, "train/accuracy_label_\u9a5a\u304d": 0.9658119678497314, "train/presicion_label_\u9a5a\u304d": 0.0, "train/recall_label_\u9a5a\u304d": 0.0, "train/f1score_label_\u9a5a\u304d": 0.0, "train/accuracy_label_\u8a00\u3044\u63db\u3048": 0.9987789988517761, "train/presicion_label_\u8a00\u3044\u63db\u3048": 0.0, "train/recall_label_\u8a00\u3044\u63db\u3048": 0.0, "train/f1score_label_\u8a00\u3044\u63db\u3048": 0.0, "train/accuracy_label_\u610f\u898b": 0.9816849827766418, "train/presicion_label_\u610f\u898b": 0.0, "train/recall_label_\u610f\u898b": 0.0, "train/f1score_label_\u610f\u898b": 0.0, "train/accuracy_label_\u8003\u3048\u3066\u3044\u308b\u6700\u4e2d": 0.9914529919624329, "train/presicion_label_\u8003\u3048\u3066\u3044\u308b\u6700\u4e2d": 0.0, "train/recall_label_\u8003\u3048\u3066\u3044\u308b\u6700\u4e2d": 0.0, "train/f1score_label_\u8003\u3048\u3066\u3044\u308b\u6700\u4e2d": 0.0, "train/accuracy_label_\u4e0d\u540c\u610f": 0.9987789988517761, "train/presicion_label_\u4e0d\u540c\u610f": 0.0, "train/recall_label_\u4e0d\u540c\u610f": 0.0, "train/f1score_label_\u4e0d\u540c\u610f": 0.0, "train/accuracy_label_\u88dc\u5b8c": 0.9877899885177612, "train/presicion_label_\u88dc\u5b8c": 0.0, "train/recall_label_\u88dc\u5b8c": 0.0, "train/f1score_label_\u88dc\u5b8c": 0.0, "train/accuracy_label_\u3042\u3044\u3055\u3064": 0.9963369965553284, "train/presicion_label_\u3042\u3044\u3055\u3064": 0.0, "train/recall_label_\u3042\u3044\u3055\u3064": 0.0, "train/f1score_label_\u3042\u3044\u3055\u3064": 0.0, "train/accuracy_label_\u60f3\u8d77": 1.0, "train/presicion_label_\u60f3\u8d77": 0.0, "train/recall_label_\u60f3\u8d77": 0.0, "train/f1score_label_\u60f3\u8d77": 0.0, "train/accuracy_label_\u9a5a\u304d\u3068\u3044\u3076\u304b\u308a": 0.9963369965553284, "train/presicion_label_\u9a5a\u304d\u3068\u3044\u3076\u304b\u308a": 0.0, "train/recall_label_\u9a5a\u304d\u3068\u3044\u3076\u304b\u308a": 0.0, "train/f1score_label_\u9a5a\u304d\u3068\u3044\u3076\u304b\u308a": 0.0, "train/accuracy_label_\u305d\u306e\u4ed6": 0.9438339471817017, "train/presicion_label_\u305d\u306e\u4ed6": 0.0, "train/recall_label_\u305d\u306e\u4ed6": 0.0, "train/f1score_label_\u305d\u306e\u4ed6": 0.0, "train/loss": 303.53948974609375, "test_loss": 260.02984619140625, "test/multilabelaccuracy": 0.91162109375, "test/multilabelprecision": 0.05071548745036125, "test/multilabelrecall": 0.017193224281072617, "test/multilabelf1score": 0.025672879070043564, "test/multilabelmatthewscorrcoef": 0.19369931519031525, "_wandb": {"runtime": 77}}