{"val_loss": 0.6931792497634888, "val/multilabelaccuracy": 0.9155488014221191, "val/multilabelprecision": 0.07692307978868484, "val/multilabelrecall": 0.003759398590773344, "val/multilabelf1score": 0.00716845877468586, "val/multilabelmatthewscorrcoef": -0.0009646312682889402, "epoch": 0, "trainer/global_step": 25, "_timestamp": 1700631538.0822482, "_runtime": 41.691620111465454, "_step": 0, "_wandb": {"runtime": 42}}