{"train/loss": 0.17240986227989197, "epoch": 4, "trainer/global_step": 2184, "_timestamp": 1705556306.5542696, "_runtime": 974.1530046463013, "_step": 51, "val_loss": 0.17191903293132782, "val/multilabelaccuracy": 0.9421645998954773, "val/multilabelprecision": 0.079151950776577, "val/multilabelrecall": 0.07484383136034012, "val/multilabelf1score": 0.07537248730659485, "val/multilabelmatthewscorrcoef": 0.5557956099510193, "val/accuracy_label_\u3042\u3044\u3065\u3061": 0.6547619104385376, "val/presicion_label_\u3042\u3044\u3065\u3061": 0.6953383684158325, "val/recall_label_\u3042\u3044\u3065\u3061": 0.8236551284790039, "val/f1score_label_\u3042\u3044\u3065\u3061": 0.7540769577026367, "val/accuracy_label_\u611f\u5fc3": 0.7300823926925659, "val/presicion_label_\u611f\u5fc3": 0.5710928440093994, "val/recall_label_\u611f\u5fc3": 0.3738461434841156, "val/f1score_label_\u611f\u5fc3": 0.45188283920288086, "val/accuracy_label_\u8a55\u4fa1": 0.9555860757827759, "val/presicion_label_\u8a55\u4fa1": 0.0, "val/recall_label_\u8a55\u4fa1": 0.0, "val/f1score_label_\u8a55\u4fa1": 0.0, "val/accuracy_label_\u7e70\u308a\u8fd4\u3057\u5fdc\u7b54": 0.9175823926925659, "val/presicion_label_\u7e70\u308a\u8fd4\u3057\u5fdc\u7b54": 0.0, "val/recall_label_\u7e70\u308a\u8fd4\u3057\u5fdc\u7b54": 0.0, "val/f1score_label_\u7e70\u308a\u8fd4\u3057\u5fdc\u7b54": 0.0, "val/accuracy_label_\u540c\u610f": 0.9558150172233582, "val/presicion_label_\u540c\u610f": 0.0, "val/recall_label_\u540c\u610f": 0.0, "val/f1score_label_\u540c\u610f": 0.0, "val/accuracy_label_\u7d0d\u5f97": 0.968406617641449, "val/presicion_label_\u7d0d\u5f97": 0.0, "val/recall_label_\u7d0d\u5f97": 0.0, "val/f1score_label_\u7d0d\u5f97": 0.0, "val/accuracy_label_\u9a5a\u304d": 0.9736721515655518, "val/presicion_label_\u9a5a\u304d": 0.0, "val/recall_label_\u9a5a\u304d": 0.0, "val/f1score_label_\u9a5a\u304d": 0.0, "val/accuracy_label_\u8a00\u3044\u63db\u3048": 1.0, "val/presicion_label_\u8a00\u3044\u63db\u3048": 0.0, "val/recall_label_\u8a00\u3044\u63db\u3048": 0.0, "val/f1score_label_\u8a00\u3044\u63db\u3048": 0.0, "val/accuracy_label_\u610f\u898b": 0.9913003444671631, "val/presicion_label_\u610f\u898b": 0.0, "val/recall_label_\u610f\u898b": 0.0, "val/f1score_label_\u610f\u898b": 0.0, "val/accuracy_label_\u8003\u3048\u3066\u3044\u308b\u6700\u4e2d": 0.9972527623176575, "val/presicion_label_\u8003\u3048\u3066\u3044\u308b\u6700\u4e2d": 0.0, "val/recall_label_\u8003\u3048\u3066\u3044\u308b\u6700\u4e2d": 0.0, "val/f1score_label_\u8003\u3048\u3066\u3044\u308b\u6700\u4e2d": 0.0, "val/accuracy_label_\u4e0d\u540c\u610f": 0.9926739931106567, "val/presicion_label_\u4e0d\u540c\u610f": 0.0, "val/recall_label_\u4e0d\u540c\u610f": 0.0, "val/f1score_label_\u4e0d\u540c\u610f": 0.0, "val/accuracy_label_\u88dc\u5b8c": 0.9917582273483276, "val/presicion_label_\u88dc\u5b8c": 0.0, "val/recall_label_\u88dc\u5b8c": 0.0, "val/f1score_label_\u88dc\u5b8c": 0.0, "val/accuracy_label_\u3042\u3044\u3055\u3064": 0.997710645198822, "val/presicion_label_\u3042\u3044\u3055\u3064": 0.0, "val/recall_label_\u3042\u3044\u3055\u3064": 0.0, "val/f1score_label_\u3042\u3044\u3055\u3064": 0.0, "val/accuracy_label_\u60f3\u8d77": 0.9988552927970886, "val/presicion_label_\u60f3\u8d77": 0.0, "val/recall_label_\u60f3\u8d77": 0.0, "val/f1score_label_\u60f3\u8d77": 0.0, "val/accuracy_label_\u9a5a\u304d\u3068\u3044\u3076\u304b\u308a": 0.9990842342376709, "val/presicion_label_\u9a5a\u304d\u3068\u3044\u3076\u304b\u308a": 0.0, "val/recall_label_\u9a5a\u304d\u3068\u3044\u3076\u304b\u308a": 0.0, "val/f1score_label_\u9a5a\u304d\u3068\u3044\u3076\u304b\u308a": 0.0, "val/accuracy_label_\u305d\u306e\u4ed6": 0.9500916004180908, "val/presicion_label_\u305d\u306e\u4ed6": 0.0, "val/recall_label_\u305d\u306e\u4ed6": 0.0, "val/f1score_label_\u305d\u306e\u4ed6": 0.0, "train_loss": 0.17179414629936218, "train/multilabelaccuracy": 0.9432126879692078, "train/multilabelprecision": 0.10348992049694061, "train/multilabelrecall": 0.07972326874732971, "train/multilabelf1score": 0.08003031462430954, "train/multilabelmatthewscorrcoef": 0.5677216649055481, "train/accuracy_label_\u3042\u3044\u3065\u3061": 0.6621451377868652, "train/presicion_label_\u3042\u3044\u3065\u3061": 0.689691424369812, "train/recall_label_\u3042\u3044\u3065\u3061": 0.8693538308143616, "train/f1score_label_\u3042\u3044\u3065\u3061": 0.7691705822944641, "train/accuracy_label_\u611f\u5fc3": 0.7469093203544617, "train/presicion_label_\u611f\u5fc3": 0.6345123052597046, "train/recall_label_\u611f\u5fc3": 0.34318840503692627, "train/f1score_label_\u611f\u5fc3": 0.445447713136673, "train/accuracy_label_\u8a55\u4fa1": 0.9591346383094788, "train/presicion_label_\u8a55\u4fa1": 0.0, "train/recall_label_\u8a55\u4fa1": 0.0, "train/f1score_label_\u8a55\u4fa1": 0.0, "train/accuracy_label_\u7e70\u308a\u8fd4\u3057\u5fdc\u7b54": 0.9237637519836426, "train/presicion_label_\u7e70\u308a\u8fd4\u3057\u5fdc\u7b54": 0.0, "train/recall_label_\u7e70\u308a\u8fd4\u3057\u5fdc\u7b54": 0.0, "train/f1score_label_\u7e70\u308a\u8fd4\u3057\u5fdc\u7b54": 0.0, "train/accuracy_label_\u540c\u610f": 0.9526671171188354, "train/presicion_label_\u540c\u610f": 0.0, "train/recall_label_\u540c\u610f": 0.0, "train/f1score_label_\u540c\u610f": 0.0, "train/accuracy_label_\u7d0d\u5f97": 0.970695972442627, "train/presicion_label_\u7d0d\u5f97": 0.0, "train/recall_label_\u7d0d\u5f97": 0.0, "train/f1score_label_\u7d0d\u5f97": 0.0, "train/accuracy_label_\u9a5a\u304d": 0.9757898449897766, "train/presicion_label_\u9a5a\u304d": 0.0357142873108387, "train/recall_label_\u9a5a\u304d": 0.002518891589716077, "train/f1score_label_\u9a5a\u304d": 0.004705882165580988, "train/accuracy_label_\u8a00\u3044\u63db\u3048": 0.9975961446762085, "train/presicion_label_\u8a00\u3044\u63db\u3048": 0.0, "train/recall_label_\u8a00\u3044\u63db\u3048": 0.0, "train/f1score_label_\u8a00\u3044\u63db\u3048": 0.0, "train/accuracy_label_\u610f\u898b": 0.988095223903656, "train/presicion_label_\u610f\u898b": 0.0, "train/recall_label_\u610f\u898b": 0.0, "train/f1score_label_\u610f\u898b": 0.0, "train/accuracy_label_\u8003\u3048\u3066\u3044\u308b\u6700\u4e2d": 0.9912431240081787, "train/presicion_label_\u8003\u3048\u3066\u3044\u308b\u6700\u4e2d": 0.0, "train/recall_label_\u8003\u3048\u3066\u3044\u308b\u6700\u4e2d": 0.0, "train/f1score_label_\u8003\u3048\u3066\u3044\u308b\u6700\u4e2d": 0.0, "train/accuracy_label_\u4e0d\u540c\u610f": 0.9911859035491943, "train/presicion_label_\u4e0d\u540c\u610f": 0.017241379246115685, "train/recall_label_\u4e0d\u540c\u610f": 0.010204081423580647, "train/f1score_label_\u4e0d\u540c\u610f": 0.012820512987673283, "train/accuracy_label_\u88dc\u5b8c": 0.9889537692070007, "train/presicion_label_\u88dc\u5b8c": 0.20000000298023224, "train/recall_label_\u88dc\u5b8c": 0.005263158120214939, "train/f1score_label_\u88dc\u5b8c": 0.010256410576403141, "train/accuracy_label_\u3042\u3044\u3055\u3064": 0.9933608174324036, "train/presicion_label_\u3042\u3044\u3055\u3064": 0.027397260069847107, "train/recall_label_\u3042\u3044\u3055\u3064": 0.042553190141916275, "train/f1score_label_\u3042\u3044\u3055\u3064": 0.03333333507180214, "train/accuracy_label_\u60f3\u8d77": 0.9990842342376709, "train/presicion_label_\u60f3\u8d77": 0.0, "train/recall_label_\u60f3\u8d77": 0.0, "train/f1score_label_\u60f3\u8d77": 0.0, "train/accuracy_label_\u9a5a\u304d\u3068\u3044\u3076\u304b\u308a": 0.9987408518791199, "train/presicion_label_\u9a5a\u304d\u3068\u3044\u3076\u304b\u308a": 0.0, "train/recall_label_\u9a5a\u304d\u3068\u3044\u3076\u304b\u308a": 0.0, "train/f1score_label_\u9a5a\u304d\u3068\u3044\u3076\u304b\u308a": 0.0, "train/accuracy_label_\u305d\u306e\u4ed6": 0.9520375728607178, "train/presicion_label_\u305d\u306e\u4ed6": 0.05128205195069313, "train/recall_label_\u305d\u306e\u4ed6": 0.0024906599428504705, "train/f1score_label_\u305d\u306e\u4ed6": 0.0047505940310657024, "test_loss": 0.1719098687171936, "test/multilabelaccuracy": 0.9441796541213989, "test/multilabelprecision": 0.0803559273481369,