{"val_loss": 0.16234084963798523, "val/multilabelaccuracy": 0.8494550585746765, "val/multilabelprecision": 0.2892189621925354, "val/multilabelrecall": 0.35895007848739624, "val/multilabelf1score": 0.31832727789878845, "val/multilabelmatthewscorrcoef": 0.6258761882781982, "val/accuracy_label_\u3042\u3044\u3065\u3061": 0.9482288956642151, "val/presicion_label_\u3042\u3044\u3065\u3061": 0.9495798349380493, "val/recall_label_\u3042\u3044\u3065\u3061": 0.9970588088035583, "val/f1score_label_\u3042\u3044\u3065\u3061": 0.9727402925491333, "val/accuracy_label_\u611f\u5fc3": 0.8828337788581848, "val/presicion_label_\u611f\u5fc3": 0.9069069027900696, "val/recall_label_\u611f\u5fc3": 0.9617834687232971, "val/f1score_label_\u611f\u5fc3": 0.9335393905639648, "val/accuracy_label_\u8a55\u4fa1": 0.7029972672462463, "val/presicion_label_\u8a55\u4fa1": 0.569343090057373, "val/recall_label_\u8a55\u4fa1": 0.609375, "val/f1score_label_\u8a55\u4fa1": 0.5886792540550232, "val/accuracy_label_\u7e70\u308a\u8fd4\u3057\u5fdc\u7b54": 0.7084468603134155, "val/presicion_label_\u7e70\u308a\u8fd4\u3057\u5fdc\u7b54": 0.6756756901741028, "val/recall_label_\u7e70\u308a\u8fd4\u3057\u5fdc\u7b54": 0.9478672742843628, "val/f1score_label_\u7e70\u308a\u8fd4\u3057\u5fdc\u7b54": 0.7889546155929565, "val/accuracy_label_\u540c\u610f": 0.6539509296417236, "val/presicion_label_\u540c\u610f": 0.5147058963775635, "val/recall_label_\u540c\u610f": 0.7894737124443054, "val/f1score_label_\u540c\u610f": 0.6231454014778137, "val/accuracy_label_\u7d0d\u5f97": 0.6975476741790771, "val/presicion_label_\u7d0d\u5f97": 0.5033556818962097, "val/recall_label_\u7d0d\u5f97": 0.6696428656578064, "val/f1score_label_\u7d0d\u5f97": 0.5747126340866089, "val/accuracy_label_\u9a5a\u304d": 0.7847411632537842, "val/presicion_label_\u9a5a\u304d": 0.0, "val/recall_label_\u9a5a\u304d": 0.0, "val/f1score_label_\u9a5a\u304d": 0.0, "val/accuracy_label_\u8a00\u3044\u63db\u3048": 1.0, "val/presicion_label_\u8a00\u3044\u63db\u3048": 0.0, "val/recall_label_\u8a00\u3044\u63db\u3048": 0.0, "val/f1score_label_\u8a00\u3044\u63db\u3048": 0.0, "val/accuracy_label_\u610f\u898b": 0.8719345927238464, "val/presicion_label_\u610f\u898b": 0.0, "val/recall_label_\u610f\u898b": 0.0, "val/f1score_label_\u610f\u898b": 0.0, "val/accuracy_label_\u8003\u3048\u3066\u3044\u308b\u6700\u4e2d": 0.9346048831939697, "val/presicion_label_\u8003\u3048\u3066\u3044\u308b\u6700\u4e2d": 0.0, "val/recall_label_\u8003\u3048\u3066\u3044\u308b\u6700\u4e2d": 0.0, "val/f1score_label_\u8003\u3048\u3066\u3044\u308b\u6700\u4e2d": 0.0, "val/accuracy_label_\u4e0d\u540c\u610f": 0.9564032554626465, "val/presicion_label_\u4e0d\u540c\u610f": 0.0, "val/recall_label_\u4e0d\u540c\u610f": 0.0, "val/f1score_label_\u4e0d\u540c\u610f": 0.0, "val/accuracy_label_\u88dc\u5b8c": 0.8228882551193237, "val/presicion_label_\u88dc\u5b8c": 0.0, "val/recall_label_\u88dc\u5b8c": 0.0, "val/f1score_label_\u88dc\u5b8c": 0.0, "val/accuracy_label_\u3042\u3044\u3055\u3064": 0.9700272679328918, "val/presicion_label_\u3042\u3044\u3055\u3064": 0.0, "val/recall_label_\u3042\u3044\u3055\u3064": 0.0, "val/f1score_label_\u3042\u3044\u3055\u3064": 0.0, "val/accuracy_label_\u60f3\u8d77": 0.9945504069328308, "val/presicion_label_\u60f3\u8d77": 0.0, "val/recall_label_\u60f3\u8d77": 0.0, "val/f1score_label_\u60f3\u8d77": 0.0, "val/accuracy_label_\u9a5a\u304d\u3068\u3044\u3076\u304b\u308a": 0.9945504069328308, "val/presicion_label_\u9a5a\u304d\u3068\u3044\u3076\u304b\u308a": 0.0, "val/recall_label_\u9a5a\u304d\u3068\u3044\u3076\u304b\u308a": 0.0, "val/f1score_label_\u9a5a\u304d\u3068\u3044\u3076\u304b\u308a": 0.0, "val/accuracy_label_\u305d\u306e\u4ed6": 0.667574942111969, "val/presicion_label_\u305d\u306e\u4ed6": 0.5079365372657776, "val/recall_label_\u305d\u306e\u4ed6": 0.7680000066757202, "val/f1score_label_\u305d\u306e\u4ed6": 0.6114649772644043, "epoch": 8, "trainer/global_step": 368, "_timestamp": 1705544700.1418276, "_runtime": 201.39210867881775, "_step": 23, "train_loss": 0.16262471675872803, "train/multilabelaccuracy": 0.8309726715087891, "train/multilabelprecision": 0.3250143527984619, "train/multilabelrecall": 0.3575635552406311, "train/multilabelf1score": 0.3144504725933075, "train/multilabelmatthewscorrcoef": 0.5844517350196838, "train/accuracy_label_\u3042\u3044\u3065\u3061": 0.9576791524887085, "train/presicion_label_\u3042\u3044\u3065\u3061": 0.9583333134651184, "train/recall_label_\u3042\u3044\u3065\u3061": 0.9985527992248535, "train/f1score_label_\u3042\u3044\u3065\u3061": 0.9780297875404358, "train/accuracy_label_\u611f\u5fc3": 0.8566552996635437, "train/presicion_label_\u611f\u5fc3": 0.8691520690917969, "train/recall_label_\u611f\u5fc3": 0.9745901823043823, "train/f1score_label_\u611f\u5fc3": 0.9188562631607056, "train/accuracy_label_\u8a55\u4fa1": 0.6498293280601501, "train/presicion_label_\u8a55\u4fa1": 0.5235732197761536, "train/recall_label_\u8a55\u4fa1": 0.39661654829978943, "train/f1score_label_\u8a55\u4fa1": 0.45133689045906067, "train/accuracy_label_\u7e70\u308a\u8fd4\u3057\u5fdc\u7b54": 0.708532452583313, "train/presicion_label_\u7e70\u308a\u8fd4\u3057\u5fdc\u7b54": 0.6748566627502441, "train/recall_label_\u7e70\u308a\u8fd4\u3057\u5fdc\u7b54": 0.9648711681365967, "train/f1score_label_\u7e70\u308a\u8fd4\u3057\u5fdc\u7b54": 0.7942168712615967, "train/accuracy_label_\u540c\u610f": 0.679863452911377, "train/presicion_label_\u540c\u610f": 0.5006840229034424, "train/recall_label_\u540c\u610f": 0.778723418712616, "train/f1score_label_\u540c\u610f": 0.6094920635223389, "train/accuracy_label_\u7d0d\u5f97": 0.6703071594238281, "train/presicion_label_\u7d0d\u5f97": 0.4600938856601715, "train/recall_label_\u7d0d\u5f97": 0.6805555820465088, "train/f1score_label_\u7d0d\u5f97": 0.5490196347236633, "train/accuracy_label_\u9a5a\u304d": 0.7726962566375732, "train/presicion_label_\u9a5a\u304d": 0.13793103396892548, "train/recall_label_\u9a5a\u304d": 0.012820512987673283, "train/f1score_label_\u9a5a\u304d": 0.02346041053533554, "train/accuracy_label_\u8a00\u3044\u63db\u3048": 0.9986348152160645, "train/presicion_label_\u8a00\u3044\u63db\u3048": 0.0, "train/recall_label_\u8a00\u3044\u63db\u3048": 0.0, "train/f1score_label_\u8a00\u3044\u63db\u3048": 0.0, "train/accuracy_label_\u610f\u898b": 0.8614334464073181, "train/presicion_label_\u610f\u898b": 0.5, "train/recall_label_\u610f\u898b": 0.004926108289510012, "train/f1score_label_\u610f\u898b": 0.009756097570061684, "train/accuracy_label_\u8003\u3048\u3066\u3044\u308b\u6700\u4e2d": 0.9139931797981262, "train/presicion_label_\u8003\u3048\u3066\u3044\u308b\u6700\u4e2d": 0.0, "train/recall_label_\u8003\u3048\u3066\u3044\u308b\u6700\u4e2d": 0.0, "train/f1score_label_\u8003\u3048\u3066\u3044\u308b\u6700\u4e2d": 0.0, "train/accuracy_label_\u4e0d\u540c\u610f": 0.9433447122573853, "train/presicion_label_\u4e0d\u540c\u610f": 0.0, "train/recall_label_\u4e0d\u540c\u610f": 0.0, "train/f1score_label_\u4e0d\u540c\u610f": 0.0, "train/accuracy_label_\u88dc\u5b8c": 0.8184300065040588, "train/presicion_label_\u88dc\u5b8c": 0.0, "train/recall_label_\u88dc\u5b8c": 0.0, "train/f1score_label_\u88dc\u5b8c": 0.0, "train/accuracy_label_\u3042\u3044\u3055\u3064": 0.9187713265419006, "train/presicion_label_\u3042\u3044\u3055\u3064": 0.04054053872823715, "train/recall_label_\u3042\u3044\u3055\u3064": 0.05882352963089943, "train/f1score_label_\u3042\u3044\u3055\u3064": 0.04800000041723251, "train/accuracy_label_\u60f3\u8d77": 0.9358361959457397, "train/presicion_label_\u60f3\u8d77": 0.025974025949835777, "train/recall_label_\u60f3\u8d77": 0.095238097012043, "train/f1score_label_\u60f3\u8d77": 0.040816325694322586, "train/accuracy_label_\u9a5a\u304d\u3068\u3044\u3076\u304b\u308a": 0.9542661905288696, "train/presicion_label_\u9a5a\u304d\u3068\u3044\u3076\u304b\u308a": 0.0, "train/recall_label_\u9a5a\u304d\u3068\u3044\u3076\u304b\u308a": 0.0, "train/f1score_label_\u9a5a\u304d\u3068\u3044\u3076\u304b\u308a": 0.0, "train/accuracy_label_\u305d\u306e\u4ed6": 0.6552901268005371,