{"val_loss": 0.6886758804321289, "val/multilabelaccuracy": 0.9393292665481567, "val/multilabelprecision": 0.6634146571159363, "val/multilabelrecall": 0.5112782120704651, "val/multilabelf1score": 0.5774946808815002, "val/multilabelmatthewscorrcoef": 0.5507763624191284, "epoch": 3, "trainer/global_step": 103, "_timestamp": 1700113258.9493818, "_runtime": 159.00720882415771, "_step": 9, "train_loss": 0.6887468099594116, "train/multilabelaccuracy": 0.9333791136741638, "train/multilabelprecision": 0.616136908531189, "train/multilabelrecall": 0.4741298258304596, "train/multilabelf1score": 0.5358851552009583, "train/multilabelmatthewscorrcoef": 0.5056434869766235, "train/loss": 0.6857622265815735, "_wandb": {"runtime": 164}}