{"train/loss": 0.6648489236831665, "epoch": 8, "trainer/global_step": 1472, "_timestamp": 1706083159.2973115, "_runtime": 215.1631155014038, "_step": 45, "val_loss": 0.6704617142677307, "val/multilabelaccuracy": 0.8506471514701843, "val/multilabelprecision": 0.289199560880661, "val/multilabelrecall": 0.2589600682258606, "val/multilabelf1score": 0.2511448264122009, "val/multilabelmatthewscorrcoef": 0.6053156852722168, "val/accuracy_label_\u3042\u3044\u3065\u3061": 0.9509536623954773, "val/presicion_label_\u3042\u3044\u3065\u3061": 0.9497206807136536, "val/recall_label_\u3042\u3044\u3065\u3061": 1.0, "val/f1score_label_\u3042\u3044\u3065\u3061": 0.9742120504379272, "val/accuracy_label_\u611f\u5fc3": 0.891008198261261, "val/presicion_label_\u611f\u5fc3": 0.8914285898208618, "val/recall_label_\u611f\u5fc3": 0.993630588054657, "val/f1score_label_\u611f\u5fc3": 0.9397590160369873, "val/accuracy_label_\u8a55\u4fa1": 0.6811988949775696, "val/presicion_label_\u8a55\u4fa1": 0.5384615659713745, "val/recall_label_\u8a55\u4fa1": 0.6015625, "val/f1score_label_\u8a55\u4fa1": 0.5682656764984131, "val/accuracy_label_\u7e70\u308a\u8fd4\u3057\u5fdc\u7b54": 0.7111716866493225, "val/presicion_label_\u7e70\u308a\u8fd4\u3057\u5fdc\u7b54": 0.6868327260017395, "val/recall_label_\u7e70\u308a\u8fd4\u3057\u5fdc\u7b54": 0.9146919250488281, "val/f1score_label_\u7e70\u308a\u8fd4\u3057\u5fdc\u7b54": 0.7845528721809387, "val/accuracy_label_\u540c\u610f": 0.6512261629104614, "val/presicion_label_\u540c\u610f": 0.6470588445663452, "val/recall_label_\u540c\u610f": 0.0827067643404007, "val/f1score_label_\u540c\u610f": 0.14666666090488434, "val/accuracy_label_\u7d0d\u5f97": 0.6948229074478149, "val/presicion_label_\u7d0d\u5f97": 0.0, "val/recall_label_\u7d0d\u5f97": 0.0, "val/f1score_label_\u7d0d\u5f97": 0.0, "val/accuracy_label_\u9a5a\u304d": 0.7901907563209534, "val/presicion_label_\u9a5a\u304d": 0.0, "val/recall_label_\u9a5a\u304d": 0.0, "val/f1score_label_\u9a5a\u304d": 0.0, "val/accuracy_label_\u8a00\u3044\u63db\u3048": 1.0, "val/presicion_label_\u8a00\u3044\u63db\u3048": 0.0, "val/recall_label_\u8a00\u3044\u63db\u3048": 0.0, "val/f1score_label_\u8a00\u3044\u63db\u3048": 0.0, "val/accuracy_label_\u610f\u898b": 0.8719345927238464, "val/presicion_label_\u610f\u898b": 0.0, "val/recall_label_\u610f\u898b": 0.0, "val/f1score_label_\u610f\u898b": 0.0, "val/accuracy_label_\u8003\u3048\u3066\u3044\u308b\u6700\u4e2d": 0.9346048831939697, "val/presicion_label_\u8003\u3048\u3066\u3044\u308b\u6700\u4e2d": 0.0, "val/recall_label_\u8003\u3048\u3066\u3044\u308b\u6700\u4e2d": 0.0, "val/f1score_label_\u8003\u3048\u3066\u3044\u308b\u6700\u4e2d": 0.0, "val/accuracy_label_\u4e0d\u540c\u610f": 0.9509536623954773, "val/presicion_label_\u4e0d\u540c\u610f": 0.0, "val/recall_label_\u4e0d\u540c\u610f": 0.0, "val/f1score_label_\u4e0d\u540c\u610f": 0.0, "val/accuracy_label_\u88dc\u5b8c": 0.8174387216567993, "val/presicion_label_\u88dc\u5b8c": 0.3333333432674408, "val/recall_label_\u88dc\u5b8c": 0.03076923079788685, "val/f1score_label_\u88dc\u5b8c": 0.056338027119636536, "val/accuracy_label_\u3042\u3044\u3055\u3064": 0.9700272679328918, "val/presicion_label_\u3042\u3044\u3055\u3064": 0.0, "val/recall_label_\u3042\u3044\u3055\u3064": 0.0, "val/f1score_label_\u3042\u3044\u3055\u3064": 0.0, "val/accuracy_label_\u60f3\u8d77": 0.9918256402015686, "val/presicion_label_\u60f3\u8d77": 0.0, "val/recall_label_\u60f3\u8d77": 0.0, "val/f1score_label_\u60f3\u8d77": 0.0, "val/accuracy_label_\u9a5a\u304d\u3068\u3044\u3076\u304b\u308a": 0.9945504069328308, "val/presicion_label_\u9a5a\u304d\u3068\u3044\u3076\u304b\u308a": 0.0, "val/recall_label_\u9a5a\u304d\u3068\u3044\u3076\u304b\u308a": 0.0, "val/f1score_label_\u9a5a\u304d\u3068\u3044\u3076\u304b\u308a": 0.0, "val/accuracy_label_\u305d\u306e\u4ed6": 0.7084468603134155, "val/presicion_label_\u305d\u306e\u4ed6": 0.5803571343421936, "val/recall_label_\u305d\u306e\u4ed6": 0.5199999809265137, "val/f1score_label_\u305d\u306e\u4ed6": 0.5485231876373291, "train_loss": 0.6714550256729126, "train/multilabelaccuracy": 0.8209897875785828, "train/multilabelprecision": 0.3232696056365967, "train/multilabelrecall": 0.3113093376159668, "train/multilabelf1score": 0.2977108955383301, "train/multilabelmatthewscorrcoef": 0.5453487634658813, "train/accuracy_label_\u3042\u3044\u3065\u3061": 0.9597269892692566, "train/presicion_label_\u3042\u3044\u3065\u3061": 0.9609755873680115, "train/recall_label_\u3042\u3044\u3065\u3061": 0.997829258441925, "train/f1score_label_\u3042\u3044\u3065\u3061": 0.9790557622909546, "train/accuracy_label_\u611f\u5fc3": 0.8655290007591248, "train/presicion_label_\u611f\u5fc3": 0.871999979019165, "train/recall_label_\u611f\u5fc3": 0.9827868938446045, "train/f1score_label_\u611f\u5fc3": 0.9240847826004028, "train/accuracy_label_\u8a55\u4fa1": 0.6825938820838928, "train/presicion_label_\u8a55\u4fa1": 0.5500747561454773, "train/recall_label_\u8a55\u4fa1": 0.6917293071746826, "train/f1score_label_\u8a55\u4fa1": 0.6128226518630981, "train/accuracy_label_\u7e70\u308a\u8fd4\u3057\u5fdc\u7b54": 0.7262798547744751, "train/presicion_label_\u7e70\u308a\u8fd4\u3057\u5fdc\u7b54": 0.694754958152771, "train/recall_label_\u7e70\u308a\u8fd4\u3057\u5fdc\u7b54": 0.9461358189582825, "train/f1score_label_\u7e70\u308a\u8fd4\u3057\u5fdc\u7b54": 0.8011898994445801, "train/accuracy_label_\u540c\u610f": 0.6812286972999573, "train/presicion_label_\u540c\u610f": 0.5069124698638916, "train/recall_label_\u540c\u610f": 0.23404255509376526, "train/f1score_label_\u540c\u610f": 0.32023289799690247, "train/accuracy_label_\u7d0d\u5f97": 0.6873720288276672, "train/presicion_label_\u7d0d\u5f97": 0.15789473056793213, "train/recall_label_\u7d0d\u5f97": 0.013888888992369175, "train/f1score_label_\u7d0d\u5f97": 0.025531914085149765, "train/accuracy_label_\u9a5a\u304d": 0.7767918109893799, "train/presicion_label_\u9a5a\u304d": 0.27272728085517883, "train/recall_label_\u9a5a\u304d": 0.028846153989434242, "train/f1score_label_\u9a5a\u304d": 0.052173912525177, "train/accuracy_label_\u8a00\u3044\u63db\u3048": 0.9303753972053528, "train/presicion_label_\u8a00\u3044\u63db\u3048": 0.0, "train/recall_label_\u8a00\u3044\u63db\u3048": 0.0, "train/f1score_label_\u8a00\u3044\u63db\u3048": 0.0, "train/accuracy_label_\u610f\u898b": 0.8143344521522522, "train/presicion_label_\u610f\u898b": 0.17142857611179352, "train/recall_label_\u610f\u898b": 0.08866994827985764, "train/f1score_label_\u610f\u898b": 0.11688311398029327, "train/accuracy_label_\u8003\u3048\u3066\u3044\u308b\u6700\u4e2d": 0.8464163541793823, "train/presicion_label_\u8003\u3048\u3066\u3044\u308b\u6700\u4e2d": 0.09677419066429138, "train/recall_label_\u8003\u3048\u3066\u3044\u308b\u6700\u4e2d": 0.09600000083446503, "train/f1score_label_\u8003\u3048\u3066\u3044\u308b\u6700\u4e2d": 0.09638553857803345, "train/accuracy_label_\u4e0d\u540c\u610f": 0.8750853538513184, "train/presicion_label_\u4e0d\u540c\u610f": 0.04545454680919647, "train/recall_label_\u4e0d\u540c\u610f": 0.0602409653365612, "train/f1score_label_\u4e0d\u540c\u610f": 0.05181347206234932, "train/accuracy_label_\u88dc\u5b8c": 0.7481228709220886, "train/presicion_label_\u88dc\u5b8c": 0.2487804889678955, "train/recall_label_\u88dc\u5b8c": 0.1917293220758438, "train/f1score_label_\u88dc\u5b8c": 0.2165605127811432, "train/accuracy_label_\u3042\u3044\u3055\u3064": 0.9651877284049988, "train/presicion_label_\u3042\u3044\u3055\u3064": 0.0, "train/recall_label_\u3042\u3044\u3055\u3064": 0.0, "train/f1score_label_\u3042\u3044\u3055\u3064": 0.0, "train/accuracy_label_\u60f3\u8d77": 0.9201365113258362, "train/presicion_label_\u60f3\u8d77": 0.03846153989434242, "train/recall_label_\u60f3\u8d77": 0.190476194024086,