{"val_loss": 0.6437857747077942, "val/multilabelaccuracy": 0.8087534308433533, "val/multilabelprecision": 0.16651757061481476, "val/multilabelrecall": 0.2051374912261963, "val/multilabelf1score": 0.17797242105007172, "val/multilabelmatthewscorrcoef": 0.4816194474697113, "val/accuracy_label_\u3042\u3044\u3065\u3061": 0.9482288956642151, "val/presicion_label_\u3042\u3044\u3065\u3061": 0.9470751881599426, "val/recall_label_\u3042\u3044\u3065\u3061": 1.0, "val/f1score_label_\u3042\u3044\u3065\u3061": 0.9728183150291443, "val/accuracy_label_\u611f\u5fc3": 0.8773841857910156, "val/presicion_label_\u611f\u5fc3": 0.8746517896652222, "val/recall_label_\u611f\u5fc3": 1.0, "val/f1score_label_\u611f\u5fc3": 0.9331352114677429, "val/accuracy_label_\u8a55\u4fa1": 0.6512261629104614, "val/presicion_label_\u8a55\u4fa1": 0.0, "val/recall_label_\u8a55\u4fa1": 0.0, "val/f1score_label_\u8a55\u4fa1": 0.0, "val/accuracy_label_\u7e70\u308a\u8fd4\u3057\u5fdc\u7b54": 0.42506811022758484, "val/presicion_label_\u7e70\u308a\u8fd4\u3057\u5fdc\u7b54": 0.0, "val/recall_label_\u7e70\u308a\u8fd4\u3057\u5fdc\u7b54": 0.0, "val/f1score_label_\u7e70\u308a\u8fd4\u3057\u5fdc\u7b54": 0.0, "val/accuracy_label_\u540c\u610f": 0.4986376166343689, "val/presicion_label_\u540c\u610f": 0.41747573018074036, "val/recall_label_\u540c\u610f": 0.969924807548523, "val/f1score_label_\u540c\u610f": 0.5837104320526123, "val/accuracy_label_\u7d0d\u5f97": 0.692098081111908, "val/presicion_label_\u7d0d\u5f97": 0.0, "val/recall_label_\u7d0d\u5f97": 0.0, "val/f1score_label_\u7d0d\u5f97": 0.0, "val/accuracy_label_\u9a5a\u304d": 0.7901907563209534, "val/presicion_label_\u9a5a\u304d": 0.0, "val/recall_label_\u9a5a\u304d": 0.0, "val/f1score_label_\u9a5a\u304d": 0.0, "val/accuracy_label_\u8a00\u3044\u63db\u3048": 1.0, "val/presicion_label_\u8a00\u3044\u63db\u3048": 0.0, "val/recall_label_\u8a00\u3044\u63db\u3048": 0.0, "val/f1score_label_\u8a00\u3044\u63db\u3048": 0.0, "val/accuracy_label_\u610f\u898b": 0.8256130814552307, "val/presicion_label_\u610f\u898b": 0.2068965584039688, "val/recall_label_\u610f\u898b": 0.12765957415103912, "val/f1score_label_\u610f\u898b": 0.15789473056793213, "val/accuracy_label_\u8003\u3048\u3066\u3044\u308b\u6700\u4e2d": 0.9318801164627075, "val/presicion_label_\u8003\u3048\u3066\u3044\u308b\u6700\u4e2d": 0.0, "val/recall_label_\u8003\u3048\u3066\u3044\u308b\u6700\u4e2d": 0.0, "val/f1score_label_\u8003\u3048\u3066\u3044\u308b\u6700\u4e2d": 0.0, "val/accuracy_label_\u4e0d\u540c\u610f": 0.9482288956642151, "val/presicion_label_\u4e0d\u540c\u610f": 0.0, "val/recall_label_\u4e0d\u540c\u610f": 0.0, "val/f1score_label_\u4e0d\u540c\u610f": 0.0, "val/accuracy_label_\u88dc\u5b8c": 0.7384195923805237, "val/presicion_label_\u88dc\u5b8c": 0.2181818187236786, "val/recall_label_\u88dc\u5b8c": 0.1846153885126114, "val/f1score_label_\u88dc\u5b8c": 0.20000000298023224, "val/accuracy_label_\u3042\u3044\u3055\u3064": 0.9700272679328918, "val/presicion_label_\u3042\u3044\u3055\u3064": 0.0, "val/recall_label_\u3042\u3044\u3055\u3064": 0.0, "val/f1score_label_\u3042\u3044\u3055\u3064": 0.0, "val/accuracy_label_\u60f3\u8d77": 0.9945504069328308, "val/presicion_label_\u60f3\u8d77": 0.0, "val/recall_label_\u60f3\u8d77": 0.0, "val/f1score_label_\u60f3\u8d77": 0.0, "val/accuracy_label_\u9a5a\u304d\u3068\u3044\u3076\u304b\u308a": 0.9891008138656616, "val/presicion_label_\u9a5a\u304d\u3068\u3044\u3076\u304b\u308a": 0.0, "val/recall_label_\u9a5a\u304d\u3068\u3044\u3076\u304b\u308a": 0.0, "val/f1score_label_\u9a5a\u304d\u3068\u3044\u3076\u304b\u308a": 0.0, "val/accuracy_label_\u305d\u306e\u4ed6": 0.6594005227088928, "val/presicion_label_\u305d\u306e\u4ed6": 0.0, "val/recall_label_\u305d\u306e\u4ed6": 0.0, "val/f1score_label_\u305d\u306e\u4ed6": 0.0, "epoch": 4, "trainer/global_step": 184, "_timestamp": 1705468973.7386868, "_runtime": 106.7784857749939, "_step": 11, "train_loss": 0.6446062326431274, "train/multilabelaccuracy": 0.7433021068572998, "train/multilabelprecision": 0.24730461835861206, "train/multilabelrecall": 0.2663542628288269, "train/multilabelf1score": 0.20168733596801758, "train/multilabelmatthewscorrcoef": 0.3417316973209381, "train/accuracy_label_\u3042\u3044\u3065\u3061": 0.9481228590011597, "train/presicion_label_\u3042\u3044\u3065\u3061": 0.9484890103340149, "train/recall_label_\u3042\u3044\u3065\u3061": 0.9992763996124268, "train/f1score_label_\u3042\u3044\u3065\u3061": 0.9732205867767334, "train/accuracy_label_\u611f\u5fc3": 0.8375426530838013, "train/presicion_label_\u611f\u5fc3": 0.8381542563438416, "train/recall_label_\u611f\u5fc3": 0.9975410103797913, "train/f1score_label_\u611f\u5fc3": 0.9109281301498413, "train/accuracy_label_\u8a55\u4fa1": 0.6354948878288269, "train/presicion_label_\u8a55\u4fa1": 0.0, "train/recall_label_\u8a55\u4fa1": 0.0, "train/f1score_label_\u8a55\u4fa1": 0.0, "train/accuracy_label_\u7e70\u308a\u8fd4\u3057\u5fdc\u7b54": 0.4170648455619812, "train/presicion_label_\u7e70\u308a\u8fd4\u3057\u5fdc\u7b54": 0.0, "train/recall_label_\u7e70\u308a\u8fd4\u3057\u5fdc\u7b54": 0.0, "train/f1score_label_\u7e70\u308a\u8fd4\u3057\u5fdc\u7b54": 0.0, "train/accuracy_label_\u540c\u610f": 0.5494880676269531, "train/presicion_label_\u540c\u610f": 0.4042338728904724, "train/recall_label_\u540c\u610f": 0.8531914949417114, "train/f1score_label_\u540c\u610f": 0.5485635995864868, "train/accuracy_label_\u7d0d\u5f97": 0.6907849907875061, "train/presicion_label_\u7d0d\u5f97": 0.1818181872367859, "train/recall_label_\u7d0d\u5f97": 0.013888888992369175, "train/f1score_label_\u7d0d\u5f97": 0.025806451216340065, "train/accuracy_label_\u9a5a\u304d": 0.7836177349090576, "train/presicion_label_\u9a5a\u304d": 0.0, "train/recall_label_\u9a5a\u304d": 0.0, "train/f1score_label_\u9a5a\u304d": 0.0, "train/accuracy_label_\u8a00\u3044\u63db\u3048": 0.9767917990684509, "train/presicion_label_\u8a00\u3044\u63db\u3048": 0.0, "train/recall_label_\u8a00\u3044\u63db\u3048": 0.0, "train/f1score_label_\u8a00\u3044\u63db\u3048": 0.0, "train/accuracy_label_\u610f\u898b": 0.7119454145431519, "train/presicion_label_\u610f\u898b": 0.21108178794384003, "train/recall_label_\u610f\u898b": 0.39408865571022034, "train/f1score_label_\u610f\u898b": 0.27491408586502075, "train/accuracy_label_\u8003\u3048\u3066\u3044\u308b\u6700\u4e2d": 0.7447099089622498, "train/presicion_label_\u8003\u3048\u3066\u3044\u308b\u6700\u4e2d": 0.09446254372596741, "train/recall_label_\u8003\u3048\u3066\u3044\u308b\u6700\u4e2d": 0.23199999332427979, "train/f1score_label_\u8003\u3048\u3066\u3044\u308b\u6700\u4e2d": 0.13425925374031067, "train/accuracy_label_\u4e0d\u540c\u610f": 0.6689419746398926, "train/presicion_label_\u4e0d\u540c\u610f": 0.07773109525442123, "train/recall_label_\u4e0d\u540c\u610f": 0.4457831382751465, "train/f1score_label_\u4e0d\u540c\u610f": 0.13237924873828888, "train/accuracy_label_\u88dc\u5b8c": 0.6982935070991516, "train/presicion_label_\u88dc\u5b8c": 0.14800000190734863, "train/recall_label_\u88dc\u5b8c": 0.13909775018692017, "train/f1score_label_\u88dc\u5b8c": 0.1434108465909958, "train/accuracy_label_\u3042\u3044\u3055\u3064": 0.8764505386352539, "train/presicion_label_\u3042\u3044\u3055\u3064": 0.0486111119389534, "train/recall_label_\u3042\u3044\u3055\u3064": 0.13725490868091583, "train/f1score_label_\u3042\u3044\u3055\u3064": 0.07179487496614456, "train/accuracy_label_\u60f3\u8d77": 0.8279863595962524, "train/presicion_label_\u60f3\u8d77": 0.004291845485568047, "train/recall_label_\u60f3\u8d77": 0.0476190485060215, "train/f1score_label_\u60f3\u8d77": 0.007874015718698502, "train/accuracy_label_\u9a5a\u304d\u3068\u3044\u3076\u304b\u308a": 0.879180908203125, "train/presicion_label_\u9a5a\u304d\u3068\u3044\u3076\u304b\u308a": 0.0, "train/recall_label_\u9a5a\u304d\u3068\u3044\u3076\u304b\u308a": 0.0, "train/f1score_label_\u9a5a\u304d\u3068\u3044\u3076\u304b\u308a": 0.0, "train/accuracy_label_\u305d\u306e\u4ed6": 0.6464163661003113, "train/presicion_label_\u305d\u306e\u4ed6": 1.0,