{"val_loss": 0.6931732892990112, "val/multilabelaccuracy": 0.917682945728302, "val/multilabelprecision": 0.0, "val/multilabelrecall": 0.0, "val/multilabelf1score": 0.0, "val/multilabelmatthewscorrcoef": -0.010380714200437069, "epoch": 3, "trainer/global_step": 103, "_timestamp": 1701919975.1679108, "_runtime": 176.45453691482544, "_step": 9, "train_loss": 0.6931850910186768, "train/multilabelaccuracy": 0.9159035682678223, "train/multilabelprecision": 0.11764705926179886, "train/multilabelrecall": 0.005644402466714382, "train/multilabelf1score": 0.01077199261635542, "train/multilabelmatthewscorrcoef": 0.008364473469555378, "train/accuracy_label_0": 0.3589743673801422, "train/presicion_label_0": 0.0, "train/recall_label_0": 0.0, "train/f1score_label_0": 0.0, "train/accuracy_label_1": 0.682539701461792, "train/presicion_label_1": 0.1666666716337204, "train/recall_label_1": 0.00390625, "train/f1score_label_1": 0.007633587811142206, "train/accuracy_label_2": 0.920634925365448, "train/presicion_label_2": 0.0, "train/recall_label_2": 0.0, "train/f1score_label_2": 0.0, "train/accuracy_label_3": 0.9609279632568359, "train/presicion_label_3": 0.0, "train/recall_label_3": 0.0, "train/f1score_label_3": 0.0, "train/accuracy_label_4": 0.9096459150314331, "train/presicion_label_4": 0.2857142984867096, "train/recall_label_4": 0.05882352963089943, "train/f1score_label_4": 0.09756097197532654, "train/accuracy_label_5": 0.9645909667015076, "train/presicion_label_5": 0.0, "train/recall_label_5": 0.0, "train/f1score_label_5": 0.0, "train/accuracy_label_6": 0.9694749712944031, "train/presicion_label_6": 0.0, "train/recall_label_6": 0.0, "train/f1score_label_6": 0.0, "train/accuracy_label_7": 0.9951159954071045, "train/presicion_label_7": 0.0, "train/recall_label_7": 0.0, "train/f1score_label_7": 0.0, "train/accuracy_label_8": 0.9755799770355225, "train/presicion_label_8": 0.125, "train/recall_label_8": 0.0714285746216774, "train/f1score_label_8": 0.09090909361839294, "train/accuracy_label_9": 0.9914529919624329, "train/presicion_label_9": 0.0, "train/recall_label_9": 0.0, "train/f1score_label_9": 0.0, "train/accuracy_label_10": 0.9987789988517761, "train/presicion_label_10": 0.0, "train/recall_label_10": 0.0, "train/f1score_label_10": 0.0, "train/accuracy_label_11": 0.9877899885177612, "train/presicion_label_11": 0.0, "train/recall_label_11": 0.0, "train/f1score_label_11": 0.0, "train/accuracy_label_12": 0.9951159954071045, "train/presicion_label_12": 0.0, "train/recall_label_12": 0.0, "train/f1score_label_12": 0.0, "train/accuracy_label_13": 0.9951159954071045, "train/presicion_label_13": 0.0, "train/recall_label_13": 0.0, "train/f1score_label_13": 0.0, "train/accuracy_label_14": 0.9987789988517761, "train/presicion_label_14": 0.0, "train/recall_label_14": 0.0, "train/f1score_label_14": 0.0, "train/accuracy_label_15": 0.949938952922821, "train/presicion_label_15": 0.0, "train/recall_label_15": 0.0, "train/f1score_label_15": 0.0, "train/loss": 0.6932255029678345, "_wandb": {"runtime": 181}}