{"val_loss": 0.6888009905815125, "val/multilabelaccuracy": 0.9396341443061829, "val/multilabelprecision": 0.04227941110730171, "val/multilabelrecall": 0.0625, "val/multilabelf1score": 0.05043859779834747, "val/multilabelmatthewscorrcoef": 0.5551073551177979, "epoch": 3, "trainer/global_step": 103, "_timestamp": 1701927006.6567252, "_runtime": 188.98357009887695, "_step": 9, "train_loss": 0.6895745992660522, "train/multilabelaccuracy": 0.9323870539665222, "train/multilabelprecision": 0.10804203152656555, "train/multilabelrecall": 0.067421093583107, "train/multilabelf1score": 0.05749591067433357, "train/multilabelmatthewscorrcoef": 0.5102853178977966, "train/accuracy_label_0": 0.6410256624221802, "train/presicion_label_0": 0.6413708925247192, "train/recall_label_0": 0.9980952143669128, "train/f1score_label_0": 0.7809240221977234, "train/accuracy_label_1": 0.6813187003135681, "train/presicion_label_1": 0.1428571492433548, "train/recall_label_1": 0.00390625, "train/f1score_label_1": 0.0076045626774430275, "train/accuracy_label_2": 0.9145299196243286, "train/presicion_label_2": 0.0, "train/recall_label_2": 0.0, "train/f1score_label_2": 0.0, "train/accuracy_label_3": 0.9621489644050598, "train/presicion_label_3": 0.0, "train/recall_label_3": 0.0, "train/f1score_label_3": 0.0, "train/accuracy_label_4": 0.9169719219207764, "train/presicion_label_4": 0.5, "train/recall_label_4": 0.014705882407724857, "train/f1score_label_4": 0.02857142873108387, "train/accuracy_label_5": 0.9572649598121643, "train/presicion_label_5": 0.1111111119389534, "train/recall_label_5": 0.0357142873108387, "train/f1score_label_5": 0.054054055362939835, "train/accuracy_label_6": 0.9682539701461792, "train/presicion_label_6": 0.0, "train/recall_label_6": 0.0, "train/f1score_label_6": 0.0, "train/accuracy_label_7": 1.0, "train/presicion_label_7": 0.0, "train/recall_label_7": 0.0, "train/f1score_label_7": 0.0, "train/accuracy_label_8": 0.980463981628418, "train/presicion_label_8": 0.0, "train/recall_label_8": 0.0, "train/f1score_label_8": 0.0, "train/accuracy_label_9": 0.9938949942588806, "train/presicion_label_9": 0.0, "train/recall_label_9": 0.0, "train/f1score_label_9": 0.0, "train/accuracy_label_10": 0.9890109896659851, "train/presicion_label_10": 0.0, "train/recall_label_10": 0.0, "train/f1score_label_10": 0.0, "train/accuracy_label_11": 0.9841269850730896, "train/presicion_label_11": 0.0, "train/recall_label_11": 0.0, "train/f1score_label_11": 0.0, "train/accuracy_label_12": 0.9877899885177612, "train/presicion_label_12": 0.0, "train/recall_label_12": 0.0, "train/f1score_label_12": 0.0, "train/accuracy_label_13": 0.990231990814209, "train/presicion_label_13": 0.0, "train/recall_label_13": 0.0, "train/f1score_label_13": 0.0, "train/accuracy_label_14": 0.9987789988517761, "train/presicion_label_14": 0.0, "train/recall_label_14": 0.0, "train/f1score_label_14": 0.0, "train/accuracy_label_15": 0.9523809552192688, "train/presicion_label_15": 0.3333333432674408, "train/recall_label_15": 0.02631578966975212, "train/f1score_label_15": 0.04878048598766327, "train/loss": 0.6845415830612183, "_wandb": {"runtime": 193}}