{"val_loss": 0.2421598583459854, "val/multilabelaccuracy": 0.6788461804389954, "val/multilabelprecision": 0.4549379348754883, "val/multilabelrecall": 0.6002174019813538, "val/multilabelf1score": 0.5097756385803223, "val/multilabelmatthewscorrcoef": 0.3579268157482147, "val/accuracy_label_\u3042\u3044\u3065\u3061": 0.9230769276618958, "val/presicion_label_\u3042\u3044\u3065\u3061": 0.9230769276618958, "val/recall_label_\u3042\u3044\u3065\u3061": 1.0, "val/f1score_label_\u3042\u3044\u3065\u3061": 0.9599999785423279, "val/accuracy_label_\u611f\u5fc3": 0.8615384697914124, "val/presicion_label_\u611f\u5fc3": 0.8615384697914124, "val/recall_label_\u611f\u5fc3": 1.0, "val/f1score_label_\u611f\u5fc3": 0.9256198406219482, "val/accuracy_label_\u8a55\u4fa1": 0.6461538672447205, "val/presicion_label_\u8a55\u4fa1": 0.0, "val/recall_label_\u8a55\u4fa1": 0.0, "val/f1score_label_\u8a55\u4fa1": 0.0, "val/accuracy_label_\u7e70\u308a\u8fd4\u3057\u5fdc\u7b54": 0.6153846383094788, "val/presicion_label_\u7e70\u308a\u8fd4\u3057\u5fdc\u7b54": 0.609375, "val/recall_label_\u7e70\u308a\u8fd4\u3057\u5fdc\u7b54": 1.0, "val/f1score_label_\u7e70\u308a\u8fd4\u3057\u5fdc\u7b54": 0.7572815418243408, "val/accuracy_label_\u540c\u610f": 0.4615384638309479, "val/presicion_label_\u540c\u610f": 0.2916666567325592, "val/recall_label_\u540c\u610f": 0.2800000011920929, "val/f1score_label_\u540c\u610f": 0.2857142984867096, "val/accuracy_label_\u7d0d\u5f97": 0.6153846383094788, "val/presicion_label_\u7d0d\u5f97": 0.4615384638309479, "val/recall_label_\u7d0d\u5f97": 0.52173912525177, "val/f1score_label_\u7d0d\u5f97": 0.4897959232330322, "val/accuracy_label_\u9a5a\u304d": 0.8153846263885498, "val/presicion_label_\u9a5a\u304d": 0.0, "val/recall_label_\u9a5a\u304d": 0.0, "val/f1score_label_\u9a5a\u304d": 0.0, "val/accuracy_label_\u305d\u306e\u4ed6": 0.4923076927661896, "val/presicion_label_\u305d\u306e\u4ed6": 0.4923076927661896, "val/recall_label_\u305d\u306e\u4ed6": 1.0, "val/f1score_label_\u305d\u306e\u4ed6": 0.6597937941551208, "epoch": 8, "trainer/global_step": 24, "_timestamp": 1704899388.1986933, "_runtime": 55.29144239425659, "_step": 16, "train_loss": 0.24320271611213684, "train/multilabelaccuracy": 0.6833657622337341, "train/multilabelprecision": 0.4934828281402588, "train/multilabelrecall": 0.6264722347259521, "train/multilabelf1score": 0.5305875539779663, "train/multilabelmatthewscorrcoef": 0.3691970705986023, "train/accuracy_label_\u3042\u3044\u3065\u3061": 0.9494163393974304, "train/presicion_label_\u3042\u3044\u3065\u3061": 0.9678714871406555, "train/recall_label_\u3042\u3044\u3065\u3061": 0.9796748161315918, "train/f1score_label_\u3042\u3044\u3065\u3061": 0.973737359046936, "train/accuracy_label_\u611f\u5fc3": 0.8638132214546204, "train/presicion_label_\u611f\u5fc3": 0.8735178112983704, "train/recall_label_\u611f\u5fc3": 0.9866071343421936, "train/f1score_label_\u611f\u5fc3": 0.9266247153282166, "train/accuracy_label_\u8a55\u4fa1": 0.6147859692573547, "train/presicion_label_\u8a55\u4fa1": 0.0, "train/recall_label_\u8a55\u4fa1": 0.0, "train/f1score_label_\u8a55\u4fa1": 0.0, "train/accuracy_label_\u7e70\u308a\u8fd4\u3057\u5fdc\u7b54": 0.6342412233352661, "train/presicion_label_\u7e70\u308a\u8fd4\u3057\u5fdc\u7b54": 0.629482090473175, "train/recall_label_\u7e70\u308a\u8fd4\u3057\u5fdc\u7b54": 0.9937106966972351, "train/f1score_label_\u7e70\u308a\u8fd4\u3057\u5fdc\u7b54": 0.7707316875457764, "train/accuracy_label_\u540c\u610f": 0.5564202070236206, "train/presicion_label_\u540c\u610f": 0.31683167815208435, "train/recall_label_\u540c\u610f": 0.41558441519737244, "train/f1score_label_\u540c\u610f": 0.3595505654811859, "train/accuracy_label_\u7d0d\u5f97": 0.505836546421051, "train/presicion_label_\u7d0d\u5f97": 0.3802816867828369, "train/recall_label_\u7d0d\u5f97": 0.5806451439857483, "train/f1score_label_\u7d0d\u5f97": 0.45957446098327637, "train/accuracy_label_\u9a5a\u304d": 0.8482490181922913, "train/presicion_label_\u9a5a\u304d": 0.2857142984867096, "train/recall_label_\u9a5a\u304d": 0.0555555559694767, "train/f1score_label_\u9a5a\u304d": 0.09302325546741486, "train/accuracy_label_\u305d\u306e\u4ed6": 0.4941634237766266, "train/presicion_label_\u305d\u306e\u4ed6": 0.4941634237766266, "train/recall_label_\u305d\u306e\u4ed6": 1.0, "train/f1score_label_\u305d\u306e\u4ed6": 0.6614583134651184, "test_loss": 0.24203325808048248, "test/multilabelaccuracy": 0.6944875717163086, "test/multilabelprecision": 0.49696075916290283, "test/multilabelrecall": 0.6264411211013794, "test/multilabelf1score": 0.5310826301574707, "test/multilabelmatthewscorrcoef": 0.3911541998386383, "_wandb": {"runtime": 55}}