{"train/loss": 0.6693875789642334, "epoch": 8, "trainer/global_step": 1472, "_timestamp": 1706081344.4978194, "_runtime": 240.02184653282166, "_step": 45, "val_loss": 0.674704372882843, "val/multilabelaccuracy": 0.8044959306716919, "val/multilabelprecision": 0.2023257464170456, "val/multilabelrecall": 0.21201005578041077, "val/multilabelf1score": 0.2036546915769577, "val/multilabelmatthewscorrcoef": 0.461189866065979, "val/accuracy_label_\u3042\u3044\u3065\u3061": 0.9482288956642151, "val/presicion_label_\u3042\u3044\u3065\u3061": 0.9495798349380493, "val/recall_label_\u3042\u3044\u3065\u3061": 0.9970588088035583, "val/f1score_label_\u3042\u3044\u3065\u3061": 0.9727402925491333, "val/accuracy_label_\u611f\u5fc3": 0.14441417157649994, "val/presicion_label_\u611f\u5fc3": 0.0, "val/recall_label_\u611f\u5fc3": 0.0, "val/f1score_label_\u611f\u5fc3": 0.0, "val/accuracy_label_\u8a55\u4fa1": 0.6839237213134766, "val/presicion_label_\u8a55\u4fa1": 0.5375000238418579, "val/recall_label_\u8a55\u4fa1": 0.671875, "val/f1score_label_\u8a55\u4fa1": 0.5972222089767456, "val/accuracy_label_\u7e70\u308a\u8fd4\u3057\u5fdc\u7b54": 0.7247956395149231, "val/presicion_label_\u7e70\u308a\u8fd4\u3057\u5fdc\u7b54": 0.7037037014961243, "val/recall_label_\u7e70\u308a\u8fd4\u3057\u5fdc\u7b54": 0.900473952293396, "val/f1score_label_\u7e70\u308a\u8fd4\u3057\u5fdc\u7b54": 0.790020763874054, "val/accuracy_label_\u540c\u610f": 0.6376021504402161, "val/presicion_label_\u540c\u610f": 0.0, "val/recall_label_\u540c\u610f": 0.0, "val/f1score_label_\u540c\u610f": 0.0, "val/accuracy_label_\u7d0d\u5f97": 0.6948229074478149, "val/presicion_label_\u7d0d\u5f97": 0.0, "val/recall_label_\u7d0d\u5f97": 0.0, "val/f1score_label_\u7d0d\u5f97": 0.0, "val/accuracy_label_\u9a5a\u304d": 0.7847411632537842, "val/presicion_label_\u9a5a\u304d": 0.4749999940395355, "val/recall_label_\u9a5a\u304d": 0.2467532455921173, "val/f1score_label_\u9a5a\u304d": 0.32478633522987366, "val/accuracy_label_\u8a00\u3044\u63db\u3048": 1.0, "val/presicion_label_\u8a00\u3044\u63db\u3048": 0.0, "val/recall_label_\u8a00\u3044\u63db\u3048": 0.0, "val/f1score_label_\u8a00\u3044\u63db\u3048": 0.0, "val/accuracy_label_\u610f\u898b": 0.8719345927238464, "val/presicion_label_\u610f\u898b": 0.0, "val/recall_label_\u610f\u898b": 0.0, "val/f1score_label_\u610f\u898b": 0.0, "val/accuracy_label_\u8003\u3048\u3066\u3044\u308b\u6700\u4e2d": 0.9346048831939697, "val/presicion_label_\u8003\u3048\u3066\u3044\u308b\u6700\u4e2d": 0.0, "val/recall_label_\u8003\u3048\u3066\u3044\u308b\u6700\u4e2d": 0.0, "val/f1score_label_\u8003\u3048\u3066\u3044\u308b\u6700\u4e2d": 0.0, "val/accuracy_label_\u4e0d\u540c\u610f": 0.9564032554626465, "val/presicion_label_\u4e0d\u540c\u610f": 0.0, "val/recall_label_\u4e0d\u540c\u610f": 0.0, "val/f1score_label_\u4e0d\u540c\u610f": 0.0, "val/accuracy_label_\u88dc\u5b8c": 0.8228882551193237, "val/presicion_label_\u88dc\u5b8c": 0.0, "val/recall_label_\u88dc\u5b8c": 0.0, "val/f1score_label_\u88dc\u5b8c": 0.0, "val/accuracy_label_\u3042\u3044\u3055\u3064": 0.9700272679328918, "val/presicion_label_\u3042\u3044\u3055\u3064": 0.0, "val/recall_label_\u3042\u3044\u3055\u3064": 0.0, "val/f1score_label_\u3042\u3044\u3055\u3064": 0.0, "val/accuracy_label_\u60f3\u8d77": 0.9945504069328308, "val/presicion_label_\u60f3\u8d77": 0.0, "val/recall_label_\u60f3\u8d77": 0.0, "val/f1score_label_\u60f3\u8d77": 0.0, "val/accuracy_label_\u9a5a\u304d\u3068\u3044\u3076\u304b\u308a": 0.9945504069328308, "val/presicion_label_\u9a5a\u304d\u3068\u3044\u3076\u304b\u308a": 0.0, "val/recall_label_\u9a5a\u304d\u3068\u3044\u3076\u304b\u308a": 0.0, "val/f1score_label_\u9a5a\u304d\u3068\u3044\u3076\u304b\u308a": 0.0, "val/accuracy_label_\u305d\u306e\u4ed6": 0.7084468603134155, "val/presicion_label_\u305d\u306e\u4ed6": 0.5714285969734192, "val/recall_label_\u305d\u306e\u4ed6": 0.5759999752044678, "val/f1score_label_\u305d\u306e\u4ed6": 0.5737051963806152, "train_loss": 0.6744393706321716, "train/multilabelaccuracy": 0.7931313514709473, "train/multilabelprecision": 0.22347389161586761, "train/multilabelrecall": 0.24211376905441284, "train/multilabelf1score": 0.22644075751304626, "train/multilabelmatthewscorrcoef": 0.4407758414745331, "train/accuracy_label_\u3042\u3044\u3065\u3061": 0.958361804485321, "train/presicion_label_\u3042\u3044\u3065\u3061": 0.9596381187438965, "train/recall_label_\u3042\u3044\u3065\u3061": 0.997829258441925, "train/f1score_label_\u3042\u3044\u3065\u3061": 0.9783611297607422, "train/accuracy_label_\u611f\u5fc3": 0.16723549365997314, "train/presicion_label_\u611f\u5fc3": 0.0, "train/recall_label_\u611f\u5fc3": 0.0, "train/f1score_label_\u611f\u5fc3": 0.0, "train/accuracy_label_\u8a55\u4fa1": 0.6914675831794739, "train/presicion_label_\u8a55\u4fa1": 0.5588235259056091, "train/recall_label_\u8a55\u4fa1": 0.7142857313156128, "train/f1score_label_\u8a55\u4fa1": 0.6270626783370972, "train/accuracy_label_\u7e70\u308a\u8fd4\u3057\u5fdc\u7b54": 0.7324231863021851, "train/presicion_label_\u7e70\u308a\u8fd4\u3057\u5fdc\u7b54": 0.6954314708709717, "train/recall_label_\u7e70\u308a\u8fd4\u3057\u5fdc\u7b54": 0.9625293016433716, "train/f1score_label_\u7e70\u308a\u8fd4\u3057\u5fdc\u7b54": 0.8074656128883362, "train/accuracy_label_\u540c\u610f": 0.6791808605194092, "train/presicion_label_\u540c\u610f": 0.0, "train/recall_label_\u540c\u610f": 0.0, "train/f1score_label_\u540c\u610f": 0.0, "train/accuracy_label_\u7d0d\u5f97": 0.7037542462348938, "train/presicion_label_\u7d0d\u5f97": 0.0, "train/recall_label_\u7d0d\u5f97": 0.0, "train/f1score_label_\u7d0d\u5f97": 0.0, "train/accuracy_label_\u9a5a\u304d": 0.7126280069351196, "train/presicion_label_\u9a5a\u304d": 0.35543766617774963, "train/recall_label_\u9a5a\u304d": 0.4294871687889099, "train/f1score_label_\u9a5a\u304d": 0.3889695107936859, "train/accuracy_label_\u8a00\u3044\u63db\u3048": 0.991126298904419, "train/presicion_label_\u8a00\u3044\u63db\u3048": 0.0, "train/recall_label_\u8a00\u3044\u63db\u3048": 0.0, "train/f1score_label_\u8a00\u3044\u63db\u3048": 0.0, "train/accuracy_label_\u610f\u898b": 0.8477815985679626, "train/presicion_label_\u610f\u898b": 0.2368421107530594, "train/recall_label_\u610f\u898b": 0.04433497413992882, "train/f1score_label_\u610f\u898b": 0.07468879967927933, "train/accuracy_label_\u8003\u3048\u3066\u3044\u308b\u6700\u4e2d": 0.914675772190094, "train/presicion_label_\u8003\u3048\u3066\u3044\u308b\u6700\u4e2d": 0.0, "train/recall_label_\u8003\u3048\u3066\u3044\u308b\u6700\u4e2d": 0.0, "train/f1score_label_\u8003\u3048\u3066\u3044\u308b\u6700\u4e2d": 0.0, "train/accuracy_label_\u4e0d\u540c\u610f": 0.9433447122573853, "train/presicion_label_\u4e0d\u540c\u610f": 0.0, "train/recall_label_\u4e0d\u540c\u610f": 0.0, "train/f1score_label_\u4e0d\u540c\u610f": 0.0, "train/accuracy_label_\u88dc\u5b8c": 0.7276450395584106, "train/presicion_label_\u88dc\u5b8c": 0.2194092869758606, "train/recall_label_\u88dc\u5b8c": 0.19548872113227844, "train/f1score_label_\u88dc\u5b8c": 0.20675943791866302, "train/accuracy_label_\u3042\u3044\u3055\u3064": 0.9651877284049988, "train/presicion_label_\u3042\u3044\u3055\u3064": 0.0, "train/recall_label_\u3042\u3044\u3055\u3064": 0.0, "train/f1score_label_\u3042\u3044\u3055\u3064": 0.0, "train/accuracy_label_\u60f3\u8d77": 0.9843003153800964, "train/presicion_label_\u60f3\u8d77": 0.0, "train/recall_label_\u60f3\u8d77": 0.0, "train/f1score_label_\u60f3\u8d77": 0.0, "train/accuracy_label_\u9a5a\u304d\u3068\u3044\u3076\u304b\u308a": 0.991126298904419, "train/presicion_label_\u9a5a\u304d\u3068\u3044\u3076\u304b\u308a": 0.0, "train/recall_label_\u9a5a\u304d\u3068\u3044\u3076\u304b\u308a": 0.0, "train/f1score_label_\u9a5a\u304d\u3068\u3044\u3076\u304b\u308a": 0.0, "train/accuracy_label_\u305d\u306e\u4ed6": 0.679863452911377, "train/presicion_label_\u305d\u306e\u4ed6": 0.550000011920929, "train/recall_label_\u305d\u306e\u4ed6": 0.5298651456832886, "train/f1score_label_\u305d\u306e\u4ed6": 0.5397448539733887, "test_loss": 0.6738600134849548,