{"val_loss": 0.5180974006652832, "val/binaryaccuracy": 0.7804877758026123, "val/binaryprecision": 0.7804877758026123, "val/binaryrecall": 1.0, "val/binaryf1score": 0.8767123222351074, "val/binarymatthewscorrcoef": 0.21166041493415833, "epoch": 3, "trainer/global_step": 43, "_timestamp": 1693936853.2691023, "_runtime": 2536.840492248535, "_step": 8, "train_loss": 0.36387306451797485, "train/binaryaccuracy": 0.907975435256958, "train/binaryprecision": 0.907975435256958, "train/binaryrecall": 1.0, "train/binaryf1score": 0.9517685174942017, "train/binarymatthewscorrcoef": 0.2210962176322937, "test/confusion_matrix_table": {"_type": "table-file", "sha256": "f87a73ac9428a229c5cec4be100496c34cdb4854c6014b5536a44988169b1ac1", "size": 315, "artifact_path": "wandb-client-artifact://xdsmkgrn0vtvggqdq86jgtud4yotbc8qc918ac0k1kxqvw5jrecwr75wpbdh3rdigbiqs1xdx6z4ekka1u2riulfqhpa8wxf4z87huf6u78vl64u9l3nomuxyawf0tnr:latest/test/confusion_matrix_table.table.json", "_latest_artifact_path": "wandb-client-artifact://xdsmkgrn0vtvggqdq86jgtud4yotbc8qc918ac0k1kxqvw5jrecwr75wpbdh3rdigbiqs1xdx6z4ekka1u2riulfqhpa8wxf4z87huf6u78vl64u9l3nomuxyawf0tnr:latest/test/confusion_matrix_table.table.json", "path": "media/table/test/confusion_matrix_table_8_f87a73ac9428a229c5ce.table.json", "ncols": 3, "nrows": 4}, "_wandb": {"runtime": 2538}}