{"train/loss": 0.6126704216003418, "epoch": 8, "trainer/global_step": 1472, "_timestamp": 1705561504.2666976, "_runtime": 211.86959171295166, "_step": 45, "val_loss": 0.6382236480712891, "val/multilabelaccuracy": 0.8382152318954468, "val/multilabelprecision": 0.2611890137195587, "val/multilabelrecall": 0.3186644911766052, "val/multilabelf1score": 0.2772548198699951, "val/multilabelmatthewscorrcoef": 0.5861270427703857, "val/accuracy_label_\u3042\u3044\u3065\u3061": 0.9509536623954773, "val/presicion_label_\u3042\u3044\u3065\u3061": 0.9497206807136536, "val/recall_label_\u3042\u3044\u3065\u3061": 1.0, "val/f1score_label_\u3042\u3044\u3065\u3061": 0.9742120504379272, "val/accuracy_label_\u611f\u5fc3": 0.8828337788581848, "val/presicion_label_\u611f\u5fc3": 0.8795518279075623, "val/recall_label_\u611f\u5fc3": 1.0, "val/f1score_label_\u611f\u5fc3": 0.935916543006897, "val/accuracy_label_\u8a55\u4fa1": 0.6457765698432922, "val/presicion_label_\u8a55\u4fa1": 0.49473685026168823, "val/recall_label_\u8a55\u4fa1": 0.734375, "val/f1score_label_\u8a55\u4fa1": 0.5911949872970581, "val/accuracy_label_\u7e70\u308a\u8fd4\u3057\u5fdc\u7b54": 0.6975476741790771, "val/presicion_label_\u7e70\u308a\u8fd4\u3057\u5fdc\u7b54": 0.6592356562614441, "val/recall_label_\u7e70\u308a\u8fd4\u3057\u5fdc\u7b54": 0.9810426831245422, "val/f1score_label_\u7e70\u308a\u8fd4\u3057\u5fdc\u7b54": 0.7885714173316956, "val/accuracy_label_\u540c\u610f": 0.6376021504402161, "val/presicion_label_\u540c\u610f": 0.0, "val/recall_label_\u540c\u610f": 0.0, "val/f1score_label_\u540c\u610f": 0.0, "val/accuracy_label_\u7d0d\u5f97": 0.6948229074478149, "val/presicion_label_\u7d0d\u5f97": 0.0, "val/recall_label_\u7d0d\u5f97": 0.0, "val/f1score_label_\u7d0d\u5f97": 0.0, "val/accuracy_label_\u9a5a\u304d": 0.7901907563209534, "val/presicion_label_\u9a5a\u304d": 0.0, "val/recall_label_\u9a5a\u304d": 0.0, "val/f1score_label_\u9a5a\u304d": 0.0, "val/accuracy_label_\u8a00\u3044\u63db\u3048": 1.0, "val/presicion_label_\u8a00\u3044\u63db\u3048": 0.0, "val/recall_label_\u8a00\u3044\u63db\u3048": 0.0, "val/f1score_label_\u8a00\u3044\u63db\u3048": 0.0, "val/accuracy_label_\u610f\u898b": 0.863760232925415, "val/presicion_label_\u610f\u898b": 0.3333333432674408, "val/recall_label_\u610f\u898b": 0.06382978707551956, "val/f1score_label_\u610f\u898b": 0.1071428582072258, "val/accuracy_label_\u8003\u3048\u3066\u3044\u308b\u6700\u4e2d": 0.9346048831939697, "val/presicion_label_\u8003\u3048\u3066\u3044\u308b\u6700\u4e2d": 0.0, "val/recall_label_\u8003\u3048\u3066\u3044\u308b\u6700\u4e2d": 0.0, "val/f1score_label_\u8003\u3048\u3066\u3044\u308b\u6700\u4e2d": 0.0, "val/accuracy_label_\u4e0d\u540c\u610f": 0.9536784887313843, "val/presicion_label_\u4e0d\u540c\u610f": 0.0, "val/recall_label_\u4e0d\u540c\u610f": 0.0, "val/f1score_label_\u4e0d\u540c\u610f": 0.0, "val/accuracy_label_\u88dc\u5b8c": 0.7275204062461853, "val/presicion_label_\u88dc\u5b8c": 0.3478260934352875, "val/recall_label_\u88dc\u5b8c": 0.6153846383094788, "val/f1score_label_\u88dc\u5b8c": 0.4444444477558136, "val/accuracy_label_\u3042\u3044\u3055\u3064": 0.9700272679328918, "val/presicion_label_\u3042\u3044\u3055\u3064": 0.0, "val/recall_label_\u3042\u3044\u3055\u3064": 0.0, "val/f1score_label_\u3042\u3044\u3055\u3064": 0.0, "val/accuracy_label_\u60f3\u8d77": 0.9945504069328308, "val/presicion_label_\u60f3\u8d77": 0.0, "val/recall_label_\u60f3\u8d77": 0.0, "val/f1score_label_\u60f3\u8d77": 0.0, "val/accuracy_label_\u9a5a\u304d\u3068\u3044\u3076\u304b\u308a": 0.9945504069328308, "val/presicion_label_\u9a5a\u304d\u3068\u3044\u3076\u304b\u308a": 0.0, "val/recall_label_\u9a5a\u304d\u3068\u3044\u3076\u304b\u308a": 0.0, "val/f1score_label_\u9a5a\u304d\u3068\u3044\u3076\u304b\u308a": 0.0, "val/accuracy_label_\u305d\u306e\u4ed6": 0.6730245351791382, "val/presicion_label_\u305d\u306e\u4ed6": 0.5146198868751526, "val/recall_label_\u305d\u306e\u4ed6": 0.7039999961853027, "val/f1score_label_\u305d\u306e\u4ed6": 0.5945945978164673, "train_loss": 0.6382284164428711, "train/multilabelaccuracy": 0.7784556150436401, "train/multilabelprecision": 0.26271694898605347, "train/multilabelrecall": 0.40360790491104126, "train/multilabelf1score": 0.30383872985839844, "train/multilabelmatthewscorrcoef": 0.49298346042633057, "train/accuracy_label_\u3042\u3044\u3065\u3061": 0.9576791524887085, "train/presicion_label_\u3042\u3044\u3065\u3061": 0.9583333134651184, "train/recall_label_\u3042\u3044\u3065\u3061": 0.9985527992248535, "train/f1score_label_\u3042\u3044\u3065\u3061": 0.9780297875404358, "train/accuracy_label_\u611f\u5fc3": 0.8491467833518982, "train/presicion_label_\u611f\u5fc3": 0.8480836153030396, "train/recall_label_\u611f\u5fc3": 0.9975410103797913, "train/f1score_label_\u611f\u5fc3": 0.9167608022689819, "train/accuracy_label_\u8a55\u4fa1": 0.6273037791252136, "train/presicion_label_\u8a55\u4fa1": 0.4928278625011444, "train/recall_label_\u8a55\u4fa1": 0.9041353464126587, "train/f1score_label_\u8a55\u4fa1": 0.6379310488700867, "train/accuracy_label_\u7e70\u308a\u8fd4\u3057\u5fdc\u7b54": 0.6750853061676025, "train/presicion_label_\u7e70\u308a\u8fd4\u3057\u5fdc\u7b54": 0.6436170339584351, "train/recall_label_\u7e70\u308a\u8fd4\u3057\u5fdc\u7b54": 0.9918032884597778, "train/f1score_label_\u7e70\u308a\u8fd4\u3057\u5fdc\u7b54": 0.7806451320648193, "train/accuracy_label_\u540c\u610f": 0.6791808605194092, "train/presicion_label_\u540c\u610f": 0.0, "train/recall_label_\u540c\u610f": 0.0, "train/f1score_label_\u540c\u610f": 0.0, "train/accuracy_label_\u7d0d\u5f97": 0.6914675831794739, "train/presicion_label_\u7d0d\u5f97": 0.0833333358168602, "train/recall_label_\u7d0d\u5f97": 0.004629629664123058, "train/f1score_label_\u7d0d\u5f97": 0.008771929889917374, "train/accuracy_label_\u9a5a\u304d": 0.7870306968688965, "train/presicion_label_\u9a5a\u304d": 0.0, "train/recall_label_\u9a5a\u304d": 0.0, "train/f1score_label_\u9a5a\u304d": 0.0, "train/accuracy_label_\u8a00\u3044\u63db\u3048": 0.9761092066764832, "train/presicion_label_\u8a00\u3044\u63db\u3048": 0.0, "train/recall_label_\u8a00\u3044\u63db\u3048": 0.0, "train/f1score_label_\u8a00\u3044\u63db\u3048": 0.0, "train/accuracy_label_\u610f\u898b": 0.6430034041404724, "train/presicion_label_\u610f\u898b": 0.20695970952510834, "train/recall_label_\u610f\u898b": 0.5566502213478088, "train/f1score_label_\u610f\u898b": 0.30173563957214355, "train/accuracy_label_\u8003\u3048\u3066\u3044\u308b\u6700\u4e2d": 0.8819112777709961, "train/presicion_label_\u8003\u3048\u3066\u3044\u308b\u6700\u4e2d": 0.11290322244167328, "train/recall_label_\u8003\u3048\u3066\u3044\u308b\u6700\u4e2d": 0.0560000017285347, "train/f1score_label_\u8003\u3048\u3066\u3044\u308b\u6700\u4e2d": 0.07486630976200104, "train/accuracy_label_\u4e0d\u540c\u610f": 0.708532452583313, "train/presicion_label_\u4e0d\u540c\u610f": 0.0520833320915699, "train/recall_label_\u4e0d\u540c\u610f": 0.2409638613462448, "train/f1score_label_\u4e0d\u540c\u610f": 0.08565310388803482, "train/accuracy_label_\u88dc\u5b8c": 0.6211603879928589, "train/presicion_label_\u88dc\u5b8c": 0.2840059697628021, "train/recall_label_\u88dc\u5b8c": 0.7142857313156128, "train/f1score_label_\u88dc\u5b8c": 0.4064171016216278, "train/accuracy_label_\u3042\u3044\u3055\u3064": 0.9187713265419006, "train/presicion_label_\u3042\u3044\u3055\u3064": 0.04054053872823715, "train/recall_label_\u3042\u3044\u3055\u3064": 0.05882352963089943, "train/f1score_label_\u3042\u3044\u3055\u3064": 0.04800000041723251, "train/accuracy_label_\u60f3\u8d77": 0.9406143426895142, "train/presicion_label_\u60f3\u8d77": 0.0, "train/recall_label_\u60f3\u8d77": 0.0, "train/f1score_label_\u60f3\u8d77": 0.0, "train/accuracy_label_\u9a5a\u304d\u3068\u3044\u3076\u304b\u308a": 0.885324239730835, "train/presicion_label_\u9a5a\u304d\u3068\u3044\u3076\u304b\u308a": 0.006369426846504211, "train/recall_label_\u9a5a\u304d\u3068\u3044\u3076\u304b\u308a": 0.07692307978868484, "train/f1score_label_\u9a5a\u304d\u3068\u3044\u3076\u304b\u308a": 0.0117647061124444,