{"val_loss": 0.6779597401618958, "val/multilabelaccuracy": 0.6403846740722656, "val/multilabelprecision": 0.3645867705345154, "val/multilabelrecall": 0.3946393132209778, "val/multilabelf1score": 0.35387855768203735, "val/multilabelmatthewscorrcoef": 0.29306861758232117, "val/accuracy_label_\u3042\u3044\u3065\u3061": 0.9230769276618958, "val/presicion_label_\u3042\u3044\u3065\u3061": 0.9230769276618958, "val/recall_label_\u3042\u3044\u3065\u3061": 1.0, "val/f1score_label_\u3042\u3044\u3065\u3061": 0.9599999785423279, "val/accuracy_label_\u611f\u5fc3": 0.7076923251152039, "val/presicion_label_\u611f\u5fc3": 0.8936170339584351, "val/recall_label_\u611f\u5fc3": 0.75, "val/f1score_label_\u611f\u5fc3": 0.8155339956283569, "val/accuracy_label_\u8a55\u4fa1": 0.5538461804389954, "val/presicion_label_\u8a55\u4fa1": 0.0, "val/recall_label_\u8a55\u4fa1": 0.0, "val/f1score_label_\u8a55\u4fa1": 0.0, "val/accuracy_label_\u7e70\u308a\u8fd4\u3057\u5fdc\u7b54": 0.6000000238418579, "val/presicion_label_\u7e70\u308a\u8fd4\u3057\u5fdc\u7b54": 0.6000000238418579, "val/recall_label_\u7e70\u308a\u8fd4\u3057\u5fdc\u7b54": 1.0, "val/f1score_label_\u7e70\u308a\u8fd4\u3057\u5fdc\u7b54": 0.75, "val/accuracy_label_\u540c\u610f": 0.6153846383094788, "val/presicion_label_\u540c\u610f": 0.0, "val/recall_label_\u540c\u610f": 0.0, "val/f1score_label_\u540c\u610f": 0.0, "val/accuracy_label_\u7d0d\u5f97": 0.6307692527770996, "val/presicion_label_\u7d0d\u5f97": 0.3333333432674408, "val/recall_label_\u7d0d\u5f97": 0.043478261679410934, "val/f1score_label_\u7d0d\u5f97": 0.07692307978868484, "val/accuracy_label_\u9a5a\u304d": 0.5846154093742371, "val/presicion_label_\u9a5a\u304d": 0.1666666716337204, "val/recall_label_\u9a5a\u304d": 0.3636363744735718, "val/f1score_label_\u9a5a\u304d": 0.22857142984867096, "val/accuracy_label_\u305d\u306e\u4ed6": 0.5076923370361328, "val/presicion_label_\u305d\u306e\u4ed6": 0.0, "val/recall_label_\u305d\u306e\u4ed6": 0.0, "val/f1score_label_\u305d\u306e\u4ed6": 0.0, "epoch": 8, "trainer/global_step": 24, "_timestamp": 1704943517.2224016, "_runtime": 125.91438460350037, "_step": 16, "train_loss": 0.6789360046386719, "train/multilabelaccuracy": 0.645427942276001, "train/multilabelprecision": 0.4055291414260864, "train/multilabelrecall": 0.3909117579460144, "train/multilabelf1score": 0.36858248710632324, "train/multilabelmatthewscorrcoef": 0.3059476613998413, "train/accuracy_label_\u3042\u3044\u3065\u3061": 0.957198441028595, "train/presicion_label_\u3042\u3044\u3065\u3061": 0.957198441028595, "train/recall_label_\u3042\u3044\u3065\u3061": 1.0, "train/f1score_label_\u3042\u3044\u3065\u3061": 0.9781312346458435, "train/accuracy_label_\u611f\u5fc3": 0.5992217659950256, "train/presicion_label_\u611f\u5fc3": 0.9416058659553528, "train/recall_label_\u611f\u5fc3": 0.5758928656578064, "train/f1score_label_\u611f\u5fc3": 0.7146814465522766, "train/accuracy_label_\u8a55\u4fa1": 0.575875461101532, "train/presicion_label_\u8a55\u4fa1": 0.25, "train/recall_label_\u8a55\u4fa1": 0.05050504952669144, "train/f1score_label_\u8a55\u4fa1": 0.08403361588716507, "train/accuracy_label_\u7e70\u308a\u8fd4\u3057\u5fdc\u7b54": 0.6303501725196838, "train/presicion_label_\u7e70\u308a\u8fd4\u3057\u5fdc\u7b54": 0.625984251499176, "train/recall_label_\u7e70\u308a\u8fd4\u3057\u5fdc\u7b54": 1.0, "train/f1score_label_\u7e70\u308a\u8fd4\u3057\u5fdc\u7b54": 0.7699757814407349, "train/accuracy_label_\u540c\u610f": 0.7003890872001648, "train/presicion_label_\u540c\u610f": 0.0, "train/recall_label_\u540c\u610f": 0.0, "train/f1score_label_\u540c\u610f": 0.0, "train/accuracy_label_\u7d0d\u5f97": 0.5836575627326965, "train/presicion_label_\u7d0d\u5f97": 0.32499998807907104, "train/recall_label_\u7d0d\u5f97": 0.13978494703769684, "train/f1score_label_\u7d0d\u5f97": 0.19548872113227844, "train/accuracy_label_\u9a5a\u304d": 0.6108949184417725, "train/presicion_label_\u9a5a\u304d": 0.14444445073604584, "train/recall_label_\u9a5a\u304d": 0.3611111044883728, "train/f1score_label_\u9a5a\u304d": 0.2063492089509964, "train/accuracy_label_\u305d\u306e\u4ed6": 0.505836546421051, "train/presicion_label_\u305d\u306e\u4ed6": 0.0, "train/recall_label_\u305d\u306e\u4ed6": 0.0, "train/f1score_label_\u305d\u306e\u4ed6": 0.0, "test_loss": 0.6772108674049377, "test/multilabelaccuracy": 0.6502329111099243, "test/multilabelprecision": 0.3956470191478729, "test/multilabelrecall": 0.4084579646587372, "test/multilabelf1score": 0.3662247657775879, "test/multilabelmatthewscorrcoef": 0.3119557201862335, "_wandb": {"runtime": 125}}