{"val_loss": 0.69082111120224, "val/multilabelaccuracy": 0.9347561001777649, "val/multilabelprecision": 0.6056910753250122, "val/multilabelrecall": 0.5601503849029541, "val/multilabelf1score": 0.58203125, "val/multilabelmatthewscorrcoef": 0.5471974611282349, "epoch": 0, "trainer/global_step": 25, "_timestamp": 1701831124.635837, "_runtime": 46.62826704978943, "_step": 0, "_wandb": {"runtime": 46}}