{"val_loss": 0.874179482460022, "epoch": 1, "trainer/global_step": 15, "_timestamp": 1687324041.8826308, "_runtime": 1012.3192958831787, "_step": 1, "_wandb": {"runtime": 1017}}