{"val_loss": 0.6918520331382751, "val/multilabelaccuracy": 0.9384146332740784, "val/multilabelprecision": 0.6666666865348816, "val/multilabelrecall": 0.48120301961898804, "val/multilabelf1score": 0.5589519739151001, "val/multilabelmatthewscorrcoef": 0.5348740220069885, "epoch": 4, "trainer/global_step": 104, "_timestamp": 1700114406.6855736, "_runtime": 164.88664650917053, "_step": 10, "train_loss": 0.6929889917373657, "train/multilabelaccuracy": 0.9220085740089417, "train/multilabelprecision": 0.5829959511756897, "train/multilabelrecall": 0.13546566665172577, "train/multilabelf1score": 0.21984732151031494, "train/multilabelmatthewscorrcoef": 0.25478917360305786, "train/loss": 0.6933914422988892, "test_loss": 0.6924428939819336, "test/multilabelaccuracy": 0.92431640625, "test/multilabelprecision": 0.5983606576919556, "test/multilabelrecall": 0.4078212380409241, "test/multilabelf1score": 0.485049843788147, "test/multilabelmatthewscorrcoef": 0.4553402066230774, "_wandb": {"runtime": 164}}