{"val_loss": 0.21670213341712952, "val/multilabelaccuracy": 0.6839237213134766, "val/multilabelprecision": 0.5018879175186157, "val/multilabelrecall": 0.3657355010509491, "val/multilabelf1score": 0.33548420667648315, "val/multilabelmatthewscorrcoef": 0.40001359581947327, "val/accuracy_label_\u3042\u3044\u3065\u3061": 0.9536784887313843, "val/presicion_label_\u3042\u3044\u3065\u3061": 0.9551820755004883, "val/recall_label_\u3042\u3044\u3065\u3061": 0.9970760345458984, "val/f1score_label_\u3042\u3044\u3065\u3061": 0.9756795167922974, "val/accuracy_label_\u611f\u5fc3": 0.8855586051940918, "val/presicion_label_\u611f\u5fc3": 0.8816901445388794, "val/recall_label_\u611f\u5fc3": 1.0, "val/f1score_label_\u611f\u5fc3": 0.9371257424354553, "val/accuracy_label_\u8a55\u4fa1": 0.5640326738357544, "val/presicion_label_\u8a55\u4fa1": 0.44489794969558716, "val/recall_label_\u8a55\u4fa1": 0.8195488452911377, "val/f1score_label_\u8a55\u4fa1": 0.5767195820808411, "val/accuracy_label_\u7e70\u308a\u8fd4\u3057\u5fdc\u7b54": 0.41689372062683105, "val/presicion_label_\u7e70\u308a\u8fd4\u3057\u5fdc\u7b54": 1.0, "val/recall_label_\u7e70\u308a\u8fd4\u3057\u5fdc\u7b54": 0.009259259328246117, "val/f1score_label_\u7e70\u308a\u8fd4\u3057\u5fdc\u7b54": 0.01834862306714058, "val/accuracy_label_\u540c\u610f": 0.6457765698432922, "val/presicion_label_\u540c\u610f": 0.0, "val/recall_label_\u540c\u610f": 0.0, "val/f1score_label_\u540c\u610f": 0.0, "val/accuracy_label_\u7d0d\u5f97": 0.7193460464477539, "val/presicion_label_\u7d0d\u5f97": 0.7333333492279053, "val/recall_label_\u7d0d\u5f97": 0.10000000149011612, "val/f1score_label_\u7d0d\u5f97": 0.17599999904632568, "val/accuracy_label_\u9a5a\u304d": 0.7929155230522156, "val/presicion_label_\u9a5a\u304d": 0.0, "val/recall_label_\u9a5a\u304d": 0.0, "val/f1score_label_\u9a5a\u304d": 0.0, "val/accuracy_label_\u8a00\u3044\u63db\u3048": 0.4931880235671997, "val/presicion_label_\u8a00\u3044\u63db\u3048": 0.0, "val/recall_label_\u8a00\u3044\u63db\u3048": 0.0, "val/f1score_label_\u8a00\u3044\u63db\u3048": 0.0, "epoch": 8, "trainer/global_step": 368, "_timestamp": 1704947963.767926, "_runtime": 549.026859998703, "_step": 23, "train_loss": 0.21846279501914978, "train/multilabelaccuracy": 0.6812756061553955, "train/multilabelprecision": 0.4619305431842804, "train/multilabelrecall": 0.41508305072784424, "train/multilabelf1score": 0.40423399209976196, "train/multilabelmatthewscorrcoef": 0.3842903971672058, "train/accuracy_label_\u3042\u3044\u3065\u3061": 0.957025945186615, "train/presicion_label_\u3042\u3044\u3065\u3061": 0.9582753777503967, "train/recall_label_\u3042\u3044\u3065\u3061": 0.9978276491165161, "train/f1score_label_\u3042\u3044\u3065\u3061": 0.9776516556739807, "train/accuracy_label_\u611f\u5fc3": 0.8499317765235901, "train/presicion_label_\u611f\u5fc3": 0.8568376302719116, "train/recall_label_\u611f\u5fc3": 0.9844517111778259, "train/f1score_label_\u611f\u5fc3": 0.9162223935127258, "train/accuracy_label_\u8a55\u4fa1": 0.6562073826789856, "train/presicion_label_\u8a55\u4fa1": 0.517037034034729, "train/recall_label_\u8a55\u4fa1": 0.6622390747070312, "train/f1score_label_\u8a55\u4fa1": 0.5806988477706909, "train/accuracy_label_\u7e70\u308a\u8fd4\u3057\u5fdc\u7b54": 0.4160982370376587, "train/presicion_label_\u7e70\u308a\u8fd4\u3057\u5fdc\u7b54": 0.125, "train/recall_label_\u7e70\u308a\u8fd4\u3057\u5fdc\u7b54": 0.001176470541395247, "train/f1score_label_\u7e70\u308a\u8fd4\u3057\u5fdc\u7b54": 0.0023310023825615644, "train/accuracy_label_\u540c\u610f": 0.6766712069511414, "train/presicion_label_\u540c\u610f": 0.4897959232330322, "train/recall_label_\u540c\u610f": 0.05073995888233185, "train/f1score_label_\u540c\u610f": 0.09195402264595032, "train/accuracy_label_\u7d0d\u5f97": 0.6855388879776001, "train/presicion_label_\u7d0d\u5f97": 0.47072070837020874, "train/recall_label_\u7d0d\u5f97": 0.4804597795009613, "train/f1score_label_\u7d0d\u5f97": 0.4755403995513916, "train/accuracy_label_\u9a5a\u304d": 0.7373806238174438, "train/presicion_label_\u9a5a\u304d": 0.2777777910232544, "train/recall_label_\u9a5a\u304d": 0.14376996457576752, "train/f1score_label_\u9a5a\u304d": 0.1894736886024475, "train/accuracy_label_\u8a00\u3044\u63db\u3048": 0.47135061025619507, "train/presicion_label_\u8a00\u3044\u63db\u3048": 0.0, "train/recall_label_\u8a00\u3044\u63db\u3048": 0.0, "train/f1score_label_\u8a00\u3044\u63db\u3048": 0.0, "train/loss": 0.22782239317893982, "test_loss": 0.21677939593791962, "test/multilabelaccuracy": 0.6801242232322693, "test/multilabelprecision": 0.3818935751914978, "test/multilabelrecall": 0.36714741587638855, "test/multilabelf1score": 0.33160609006881714, "test/multilabelmatthewscorrcoef": 0.38958823680877686, "_wandb": {"runtime": 549}}