{"val_loss": 0.48659026622772217, "val/binaryaccuracy": 0.8518518805503845, "val/binaryprecision": 0.8518518805503845, "val/binaryrecall": 1.0, "val/binaryf1score": 0.9200000166893005, "val/binarymatthewscorrcoef": 0.3812218904495239, "epoch": 3, "trainer/global_step": 19, "_timestamp": 1693590704.537331, "_runtime": 1363.8943130970001, "_step": 7, "train_loss": 0.44091054797172546, "train/binaryaccuracy": 0.9473684430122375, "train/binaryprecision": 0.9473684430122375, "train/binaryrecall": 1.0, "train/binaryf1score": 0.9729729890823364, "train/binarymatthewscorrcoef": 0.4596273601055145, "_wandb": {"runtime": 1363}}