{"val_loss": 0.1674017608165741, "val/multilabelaccuracy": 0.7920312881469727, "val/multilabelprecision": 0.1501176357269287, "val/multilabelrecall": 0.22047632932662964, "val/multilabelf1score": 0.15822823345661163, "val/multilabelmatthewscorrcoef": 0.4085204601287842, "val/accuracy_label_\u3042\u3044\u3065\u3061": 0.8999999761581421, "val/presicion_label_\u3042\u3044\u3065\u3061": 0.9123711585998535, "val/recall_label_\u3042\u3044\u3065\u3061": 0.9833333492279053, "val/f1score_label_\u3042\u3044\u3065\u3061": 0.9465240836143494, "val/accuracy_label_\u611f\u5fc3": 0.6924999952316284, "val/presicion_label_\u611f\u5fc3": 0.6917293071746826, "val/recall_label_\u611f\u5fc3": 1.0, "val/f1score_label_\u611f\u5fc3": 0.8177777528762817, "val/accuracy_label_\u8a55\u4fa1": 0.8149999976158142, "val/presicion_label_\u8a55\u4fa1": 0.0, "val/recall_label_\u8a55\u4fa1": 0.0, "val/f1score_label_\u8a55\u4fa1": 0.0, "val/accuracy_label_\u7e70\u308a\u8fd4\u3057\u5fdc\u7b54": 0.4950000047683716, "val/presicion_label_\u7e70\u308a\u8fd4\u3057\u5fdc\u7b54": 0.2552083432674408, "val/recall_label_\u7e70\u308a\u8fd4\u3057\u5fdc\u7b54": 0.45370370149612427, "val/f1score_label_\u7e70\u308a\u8fd4\u3057\u5fdc\u7b54": 0.3266666531562805, "val/accuracy_label_\u540c\u610f": 0.8849999904632568, "val/presicion_label_\u540c\u610f": 0.25, "val/recall_label_\u540c\u610f": 0.022727273404598236, "val/f1score_label_\u540c\u610f": 0.0416666679084301, "val/accuracy_label_\u7d0d\u5f97": 0.6274999976158142, "val/presicion_label_\u7d0d\u5f97": 0.07692307978868484, "val/recall_label_\u7d0d\u5f97": 0.3928571343421936, "val/f1score_label_\u7d0d\u5f97": 0.12865497171878815, "val/accuracy_label_\u9a5a\u304d": 0.862500011920929, "val/presicion_label_\u9a5a\u304d": 0.05882352963089943, "val/recall_label_\u9a5a\u304d": 0.02500000037252903, "val/f1score_label_\u9a5a\u304d": 0.035087719559669495, "val/accuracy_label_\u8a00\u3044\u63db\u3048": 0.8050000071525574, "val/presicion_label_\u8a00\u3044\u63db\u3048": 0.0, "val/recall_label_\u8a00\u3044\u63db\u3048": 0.0, "val/f1score_label_\u8a00\u3044\u63db\u3048": 0.0, "val/accuracy_label_\u610f\u898b": 0.6974999904632568, "val/presicion_label_\u610f\u898b": 0.03539822995662689, "val/recall_label_\u610f\u898b": 0.25, "val/f1score_label_\u610f\u898b": 0.06201550364494324, "val/accuracy_label_\u8003\u3048\u3066\u3044\u308b\u6700\u4e2d": 0.9900000095367432, "val/presicion_label_\u8003\u3048\u3066\u3044\u308b\u6700\u4e2d": 0.0, "val/recall_label_\u8003\u3048\u3066\u3044\u308b\u6700\u4e2d": 0.0, "val/f1score_label_\u8003\u3048\u3066\u3044\u308b\u6700\u4e2d": 0.0, "val/accuracy_label_\u4e0d\u540c\u610f": 0.875, "val/presicion_label_\u4e0d\u540c\u610f": 0.0833333358168602, "val/recall_label_\u4e0d\u540c\u610f": 0.15000000596046448, "val/f1score_label_\u4e0d\u540c\u610f": 0.1071428582072258, "val/accuracy_label_\u88dc\u5b8c": 0.7174999713897705, "val/presicion_label_\u88dc\u5b8c": 0.03809523954987526, "val/recall_label_\u88dc\u5b8c": 0.25, "val/f1score_label_\u88dc\u5b8c": 0.06611569970846176, "val/accuracy_label_\u3042\u3044\u3055\u3064": 0.7475000023841858, "val/presicion_label_\u3042\u3044\u3055\u3064": 0.0, "val/recall_label_\u3042\u3044\u3055\u3064": 0.0, "val/f1score_label_\u3042\u3044\u3055\u3064": 0.0, "val/accuracy_label_\u60f3\u8d77": 1.0, "val/presicion_label_\u60f3\u8d77": 0.0, "val/recall_label_\u60f3\u8d77": 0.0, "val/f1score_label_\u60f3\u8d77": 0.0, "val/accuracy_label_\u9a5a\u304d\u3068\u3044\u3076\u304b\u308a": 0.7225000262260437, "val/presicion_label_\u9a5a\u304d\u3068\u3044\u3076\u304b\u308a": 0.0, "val/recall_label_\u9a5a\u304d\u3068\u3044\u3076\u304b\u308a": 0.0, "val/f1score_label_\u9a5a\u304d\u3068\u3044\u3076\u304b\u308a": 0.0, "val/accuracy_label_\u305d\u306e\u4ed6": 0.8399999737739563, "val/presicion_label_\u305d\u306e\u4ed6": 0.0, "val/recall_label_\u305d\u306e\u4ed6": 0.0, "val/f1score_label_\u305d\u306e\u4ed6": 0.0, "epoch": 2, "trainer/global_step": 59, "_timestamp": 1714625318.787532, "_runtime": 87.88607120513916, "_step": 16, "train_loss": 0.16836200654506683, "train/multilabelaccuracy": 0.8970000147819519, "train/multilabelprecision": 0.1364218294620514, "train/multilabelrecall": 0.1579478234052658, "train/multilabelf1score": 0.14167837798595428, "train/multilabelmatthewscorrcoef": 0.6022704839706421, "train/accuracy_label_\u3042\u3044\u3065\u3061": 0.9279999732971191, "train/presicion_label_\u3042\u3044\u3065\u3061": 0.9279999732971191, "train/recall_label_\u3042\u3044\u3065\u3061": 1.0, "train/f1score_label_\u3042\u3044\u3065\u3061": 0.9626556038856506, "train/accuracy_label_\u611f\u5fc3": 0.6159999966621399, "train/presicion_label_\u611f\u5fc3": 0.6159999966621399, "train/recall_label_\u611f\u5fc3": 1.0, "train/f1score_label_\u611f\u5fc3": 0.7623762488365173, "train/accuracy_label_\u8a55\u4fa1": 0.8830000162124634, "train/presicion_label_\u8a55\u4fa1": 0.0, "train/recall_label_\u8a55\u4fa1": 0.0, "train/f1score_label_\u8a55\u4fa1": 0.0, "train/accuracy_label_\u7e70\u308a\u8fd4\u3057\u5fdc\u7b54": 0.6899999976158142, "train/presicion_label_\u7e70\u308a\u8fd4\u3057\u5fdc\u7b54": 0.35668790340423584, "train/recall_label_\u7e70\u308a\u8fd4\u3057\u5fdc\u7b54": 0.21132075786590576, "train/f1score_label_\u7e70\u308a\u8fd4\u3057\u5fdc\u7b54": 0.2654028534889221, "train/accuracy_label_\u540c\u610f": 0.8769999742507935, "train/presicion_label_\u540c\u610f": 0.0, "train/recall_label_\u540c\u610f": 0.0, "train/f1score_label_\u540c\u610f": 0.0, "train/accuracy_label_\u7d0d\u5f97": 0.8220000267028809, "train/presicion_label_\u7d0d\u5f97": 0.11764705926179886, "train/recall_label_\u7d0d\u5f97": 0.21621622145175934, "train/f1score_label_\u7d0d\u5f97": 0.15238095819950104, "train/accuracy_label_\u9a5a\u304d": 0.9359999895095825, "train/presicion_label_\u9a5a\u304d": 0.0, "train/recall_label_\u9a5a\u304d": 0.0, "train/f1score_label_\u9a5a\u304d": 0.0, "train/accuracy_label_\u8a00\u3044\u63db\u3048": 0.9980000257492065, "train/presicion_label_\u8a00\u3044\u63db\u3048": 0.0, "train/recall_label_\u8a00\u3044\u63db\u3048": 0.0, "train/f1score_label_\u8a00\u3044\u63db\u3048": 0.0, "train/accuracy_label_\u610f\u898b": 0.9390000104904175, "train/presicion_label_\u610f\u898b": 0.0833333358168602, "train/recall_label_\u610f\u898b": 0.04878048598766327, "train/f1score_label_\u610f\u898b": 0.0615384615957737, "train/accuracy_label_\u8003\u3048\u3066\u3044\u308b\u6700\u4e2d": 0.9789999723434448, "train/presicion_label_\u8003\u3048\u3066\u3044\u308b\u6700\u4e2d": 0.0, "train/recall_label_\u8003\u3048\u3066\u3044\u308b\u6700\u4e2d": 0.0, "train/f1score_label_\u8003\u3048\u3066\u3044\u308b\u6700\u4e2d": 0.0, "train/accuracy_label_\u4e0d\u540c\u610f": 0.9769999980926514, "train/presicion_label_\u4e0d\u540c\u610f": 0.0, "train/recall_label_\u4e0d\u540c\u610f": 0.0, "train/f1score_label_\u4e0d\u540c\u610f": 0.0, "train/accuracy_label_\u88dc\u5b8c": 0.9100000262260437, "train/presicion_label_\u88dc\u5b8c": 0.0810810774564743, "train/recall_label_\u88dc\u5b8c": 0.050847455859184265, "train/f1score_label_\u88dc\u5b8c": 0.0625, "train/accuracy_label_\u3042\u3044\u3055\u3064": 0.9760000109672546, "train/presicion_label_\u3042\u3044\u3055\u3064": 0.0, "train/recall_label_\u3042\u3044\u3055\u3064": 0.0, "train/f1score_label_\u3042\u3044\u3055\u3064": 0.0, "train/accuracy_label_\u60f3\u8d77": 0.996999979019165, "train/presicion_label_\u60f3\u8d77": 0.0, "train/recall_label_\u60f3\u8d77": 0.0, "train/f1score_label_\u60f3\u8d77": 0.0, "train/accuracy_label_\u9a5a\u304d\u3068\u3044\u3076\u304b\u308a": 0.9639999866485596, "train/presicion_label_\u9a5a\u304d\u3068\u3044\u3076\u304b\u308a": 0.0, "train/recall_label_\u9a5a\u304d\u3068\u3044\u3076\u304b\u308a": 0.0, "train/f1score_label_\u9a5a\u304d\u3068\u3044\u3076\u304b\u308a": 0.0, "train/accuracy_label_\u305d\u306e\u4ed6": 0.8600000143051147, "train/presicion_label_\u305d\u306e\u4ed6": 0.0, "train/recall_label_\u305d\u306e\u4ed6": 0.0, "train/f1score_label_\u305d\u306e\u4ed6": 0.0, "train/loss": 0.1688433140516281,