{"train/loss": 0.6456398367881775, "epoch": 0, "trainer/global_step": 81, "_timestamp": 1717467651.2690823, "_runtime": 129.64187932014465, "_step": 1, "test_loss": 0.6310563683509827, "test/multilabelaccuracy": 0.8435554504394531, "test/multilabelprecision": 0.11772860586643219, "test/multilabelrecall": 0.125, "test/multilabelf1score": 0.12121845781803131, "test/multilabelmatthewscorrcoef": 0.5767014026641846, "test/accuracy_label_\u3042\u3044\u3065\u3061": 0.9747081995010376, "test/presicion_label_\u3042\u3044\u3065\u3061": 0.9747081995010376, "test/recall_label_\u3042\u3044\u3065\u3061": 1.0, "test/f1score_label_\u3042\u3044\u3065\u3061": 0.9871920943260193, "test/accuracy_label_\u611f\u5fc3": 0.9089494347572327, "test/presicion_label_\u611f\u5fc3": 0.9089494347572327, "test/recall_label_\u611f\u5fc3": 1.0, "test/f1score_label_\u611f\u5fc3": 0.9523032903671265, "test/accuracy_label_\u8a55\u4fa1": 0.6634241342544556, "test/presicion_label_\u8a55\u4fa1": 0.0, "test/recall_label_\u8a55\u4fa1": 0.0, "test/f1score_label_\u8a55\u4fa1": 0.0, "test/accuracy_label_\u7e70\u308a\u8fd4\u3057\u5fdc\u7b54": 0.4198443591594696, "test/presicion_label_\u7e70\u308a\u8fd4\u3057\u5fdc\u7b54": 0.0, "test/recall_label_\u7e70\u308a\u8fd4\u3057\u5fdc\u7b54": 0.0, "test/f1score_label_\u7e70\u308a\u8fd4\u3057\u5fdc\u7b54": 0.0, "test/accuracy_label_\u540c\u610f": 0.7105058431625366, "test/presicion_label_\u540c\u610f": 0.0, "test/recall_label_\u540c\u610f": 0.0, "test/f1score_label_\u540c\u610f": 0.0, "test/accuracy_label_\u7d0d\u5f97": 0.7295719981193542, "test/presicion_label_\u7d0d\u5f97": 0.0, "test/recall_label_\u7d0d\u5f97": 0.0, "test/f1score_label_\u7d0d\u5f97": 0.0, "test/accuracy_label_\u9a5a\u304d": 0.8182879090309143, "test/presicion_label_\u9a5a\u304d": 0.0, "test/recall_label_\u9a5a\u304d": 0.0, "test/f1score_label_\u9a5a\u304d": 0.0, "test/accuracy_label_\u8a00\u3044\u63db\u3048": 1.0, "test/presicion_label_\u8a00\u3044\u63db\u3048": 0.0, "test/recall_label_\u8a00\u3044\u63db\u3048": 0.0, "test/f1score_label_\u8a00\u3044\u63db\u3048": 0.0, "test/accuracy_label_\u610f\u898b": 0.8723735213279724, "test/presicion_label_\u610f\u898b": 0.0, "test/recall_label_\u610f\u898b": 0.0, "test/f1score_label_\u610f\u898b": 0.0, "test/accuracy_label_\u8003\u3048\u3066\u3044\u308b\u6700\u4e2d": 0.9322957396507263, "test/presicion_label_\u8003\u3048\u3066\u3044\u308b\u6700\u4e2d": 0.0, "test/recall_label_\u8003\u3048\u3066\u3044\u308b\u6700\u4e2d": 0.0, "test/f1score_label_\u8003\u3048\u3066\u3044\u308b\u6700\u4e2d": 0.0, "test/accuracy_label_\u4e0d\u540c\u610f": 0.9560311436653137, "test/presicion_label_\u4e0d\u540c\u610f": 0.0, "test/recall_label_\u4e0d\u540c\u610f": 0.0, "test/f1score_label_\u4e0d\u540c\u610f": 0.0, "test/accuracy_label_\u88dc\u5b8c": 0.8642023205757141, "test/presicion_label_\u88dc\u5b8c": 0.0, "test/recall_label_\u88dc\u5b8c": 0.0, "test/f1score_label_\u88dc\u5b8c": 0.0, "test/accuracy_label_\u3042\u3044\u3055\u3064": 0.9708171486854553, "test/presicion_label_\u3042\u3044\u3055\u3064": 0.0, "test/recall_label_\u3042\u3044\u3055\u3064": 0.0, "test/f1score_label_\u3042\u3044\u3055\u3064": 0.0, "test/accuracy_label_\u60f3\u8d77": 0.9926069974899292, "test/presicion_label_\u60f3\u8d77": 0.0, "test/recall_label_\u60f3\u8d77": 0.0, "test/f1score_label_\u60f3\u8d77": 0.0, "test/accuracy_label_\u9a5a\u304d\u3068\u3044\u3076\u304b\u308a": 0.9945525527000427, "test/presicion_label_\u9a5a\u304d\u3068\u3044\u3076\u304b\u308a": 0.0, "test/recall_label_\u9a5a\u304d\u3068\u3044\u3076\u304b\u308a": 0.0, "test/f1score_label_\u9a5a\u304d\u3068\u3044\u3076\u304b\u308a": 0.0, "test/accuracy_label_\u305d\u306e\u4ed6": 0.688715934753418, "test/presicion_label_\u305d\u306e\u4ed6": 0.0, "test/recall_label_\u305d\u306e\u4ed6": 0.0, "test/f1score_label_\u305d\u306e\u4ed6": 0.0, "_wandb": {"runtime": 129}}