{"val_loss": 0.5194300413131714, "val/binaryaccuracy": 0.7804877758026123, "val/binaryprecision": 0.7804877758026123, "val/binaryrecall": 1.0, "val/binaryf1score": 0.8767123222351074, "val/binarymatthewscorrcoef": 0.21166041493415833, "epoch": 3, "trainer/global_step": 43, "_timestamp": 1694016833.716559, "_runtime": 2825.29683303833, "_step": 8, "train_loss": 0.37895381450653076, "train/binaryaccuracy": 0.907975435256958, "train/binaryprecision": 0.907975435256958, "train/binaryrecall": 1.0, "train/binaryf1score": 0.9517685174942017, "train/binarymatthewscorrcoef": 0.2210962176322937, "test/confusion_matrix_table": {"_type": "table-file", "sha256": "f87a73ac9428a229c5cec4be100496c34cdb4854c6014b5536a44988169b1ac1", "size": 315, "artifact_path": "wandb-client-artifact://vplhsij965jiv778z44evbn1qrif5c2v5ft7au89w6700vxo9r2e540czhrjo6nv2du6168bta0u3iy4nn6q1hs7qp2q42e3j9t2piftaye4k8m7jku4llsctwtom8v9:latest/test/confusion_matrix_table.table.json", "_latest_artifact_path": "wandb-client-artifact://vplhsij965jiv778z44evbn1qrif5c2v5ft7au89w6700vxo9r2e540czhrjo6nv2du6168bta0u3iy4nn6q1hs7qp2q42e3j9t2piftaye4k8m7jku4llsctwtom8v9:latest/test/confusion_matrix_table.table.json", "path": "media/table/test/confusion_matrix_table_8_f87a73ac9428a229c5ce.table.json", "ncols": 3, "nrows": 4}, "_wandb": {"runtime": 2822}}