{"val_loss": 0.6776038408279419, "val/multilabelaccuracy": 0.6634615659713745, "val/multilabelprecision": 0.4216446280479431, "val/multilabelrecall": 0.5177865624427795, "val/multilabelf1score": 0.44702407717704773, "val/multilabelmatthewscorrcoef": 0.3268623650074005, "val/accuracy_label_\u3042\u3044\u3065\u3061": 0.9230769276618958, "val/presicion_label_\u3042\u3044\u3065\u3061": 0.9230769276618958, "val/recall_label_\u3042\u3044\u3065\u3061": 1.0, "val/f1score_label_\u3042\u3044\u3065\u3061": 0.9599999785423279, "val/accuracy_label_\u611f\u5fc3": 0.8615384697914124, "val/presicion_label_\u611f\u5fc3": 0.8615384697914124, "val/recall_label_\u611f\u5fc3": 1.0, "val/f1score_label_\u611f\u5fc3": 0.9256198406219482, "val/accuracy_label_\u8a55\u4fa1": 0.4307692348957062, "val/presicion_label_\u8a55\u4fa1": 0.3541666567325592, "val/recall_label_\u8a55\u4fa1": 0.739130437374115, "val/f1score_label_\u8a55\u4fa1": 0.47887325286865234, "val/accuracy_label_\u7e70\u308a\u8fd4\u3057\u5fdc\u7b54": 0.6153846383094788, "val/presicion_label_\u7e70\u308a\u8fd4\u3057\u5fdc\u7b54": 0.609375, "val/recall_label_\u7e70\u308a\u8fd4\u3057\u5fdc\u7b54": 1.0, "val/f1score_label_\u7e70\u308a\u8fd4\u3057\u5fdc\u7b54": 0.7572815418243408, "val/accuracy_label_\u540c\u610f": 0.6153846383094788, "val/presicion_label_\u540c\u610f": 0.0, "val/recall_label_\u540c\u610f": 0.0, "val/f1score_label_\u540c\u610f": 0.0, "val/accuracy_label_\u7d0d\u5f97": 0.6153846383094788, "val/presicion_label_\u7d0d\u5f97": 0.375, "val/recall_label_\u7d0d\u5f97": 0.1304347813129425, "val/f1score_label_\u7d0d\u5f97": 0.19354838132858276, "val/accuracy_label_\u9a5a\u304d": 0.7384615540504456, "val/presicion_label_\u9a5a\u304d": 0.25, "val/recall_label_\u9a5a\u304d": 0.27272728085517883, "val/f1score_label_\u9a5a\u304d": 0.260869562625885, "val/accuracy_label_\u305d\u306e\u4ed6": 0.5076923370361328, "val/presicion_label_\u305d\u306e\u4ed6": 0.0, "val/recall_label_\u305d\u306e\u4ed6": 0.0, "val/f1score_label_\u305d\u306e\u4ed6": 0.0, "epoch": 4, "trainer/global_step": 12, "_timestamp": 1704868685.0096478, "_runtime": 33.780250787734985, "_step": 8, "train_loss": 0.6796895265579224, "train/multilabelaccuracy": 0.6653696298599243, "train/multilabelprecision": 0.43346449732780457, "train/multilabelrecall": 0.4912407100200653, "train/multilabelf1score": 0.422866553068161, "train/multilabelmatthewscorrcoef": 0.3305301368236542, "train/accuracy_label_\u3042\u3044\u3065\u3061": 0.957198441028595, "train/presicion_label_\u3042\u3044\u3065\u3061": 0.957198441028595, "train/recall_label_\u3042\u3044\u3065\u3061": 1.0, "train/f1score_label_\u3042\u3044\u3065\u3061": 0.9781312346458435, "train/accuracy_label_\u611f\u5fc3": 0.8715953230857849, "train/presicion_label_\u611f\u5fc3": 0.8715953230857849, "train/recall_label_\u611f\u5fc3": 1.0, "train/f1score_label_\u611f\u5fc3": 0.9313929080963135, "train/accuracy_label_\u8a55\u4fa1": 0.4280155599117279, "train/presicion_label_\u8a55\u4fa1": 0.3787878751754761, "train/recall_label_\u8a55\u4fa1": 0.7575757503509521, "train/f1score_label_\u8a55\u4fa1": 0.5050504803657532, "train/accuracy_label_\u7e70\u308a\u8fd4\u3057\u5fdc\u7b54": 0.6147859692573547, "train/presicion_label_\u7e70\u308a\u8fd4\u3057\u5fdc\u7b54": 0.6239669322967529, "train/recall_label_\u7e70\u308a\u8fd4\u3057\u5fdc\u7b54": 0.9496855139732361, "train/f1score_label_\u7e70\u308a\u8fd4\u3057\u5fdc\u7b54": 0.7531172037124634, "train/accuracy_label_\u540c\u610f": 0.6964980363845825, "train/presicion_label_\u540c\u610f": 0.3333333432674408, "train/recall_label_\u540c\u610f": 0.012987012974917889, "train/f1score_label_\u540c\u610f": 0.02500000037252903, "train/accuracy_label_\u7d0d\u5f97": 0.5953307151794434, "train/presicion_label_\u7d0d\u5f97": 0.21052631735801697, "train/recall_label_\u7d0d\u5f97": 0.04301075264811516, "train/f1score_label_\u7d0d\u5f97": 0.0714285746216774, "train/accuracy_label_\u9a5a\u304d": 0.6536964774131775, "train/presicion_label_\u9a5a\u304d": 0.0923076942563057, "train/recall_label_\u9a5a\u304d": 0.1666666716337204, "train/f1score_label_\u9a5a\u304d": 0.11881188303232193, "train/accuracy_label_\u305d\u306e\u4ed6": 0.505836546421051, "train/presicion_label_\u305d\u306e\u4ed6": 0.0, "train/recall_label_\u305d\u306e\u4ed6": 0.0, "train/f1score_label_\u305d\u306e\u4ed6": 0.0, "test_loss": 0.6770215034484863, "test/multilabelaccuracy": 0.6715838313102722, "test/multilabelprecision": 0.39389505982398987, "test/multilabelrecall": 0.5082539916038513, "test/multilabelf1score": 0.431128591299057, "test/multilabelmatthewscorrcoef": 0.3427615463733673, "_wandb": {"runtime": 33}}