{"val_loss": 0.5434986352920532, "val/multilabelaccuracy": 0.6352179646492004, "val/multilabelprecision": 0.44360002875328064, "val/multilabelrecall": 0.6278733611106873, "val/multilabelf1score": 0.496696412563324, "val/multilabelmatthewscorrcoef": 0.2694273889064789, "val/accuracy_label_\u3042\u3044\u3065\u3061": 0.9536784887313843, "val/presicion_label_\u3042\u3044\u3065\u3061": 0.9551820755004883, "val/recall_label_\u3042\u3044\u3065\u3061": 0.9970760345458984, "val/f1score_label_\u3042\u3044\u3065\u3061": 0.9756795167922974, "val/accuracy_label_\u611f\u5fc3": 0.8801090121269226, "val/presicion_label_\u611f\u5fc3": 0.8767507076263428, "val/recall_label_\u611f\u5fc3": 1.0, "val/f1score_label_\u611f\u5fc3": 0.9343283772468567, "val/accuracy_label_\u8a55\u4fa1": 0.5068119764328003, "val/presicion_label_\u8a55\u4fa1": 0.4160839021205902, "val/recall_label_\u8a55\u4fa1": 0.8947368264198303, "val/f1score_label_\u8a55\u4fa1": 0.5680190920829773, "val/accuracy_label_\u7e70\u308a\u8fd4\u3057\u5fdc\u7b54": 0.41144412755966187, "val/presicion_label_\u7e70\u308a\u8fd4\u3057\u5fdc\u7b54": 0.0, "val/recall_label_\u7e70\u308a\u8fd4\u3057\u5fdc\u7b54": 0.0, "val/f1score_label_\u7e70\u308a\u8fd4\u3057\u5fdc\u7b54": 0.0, "val/accuracy_label_\u540c\u610f": 0.5122615694999695, "val/presicion_label_\u540c\u610f": 0.4146341383457184, "val/recall_label_\u540c\u610f": 0.9153845906257629, "val/f1score_label_\u540c\u610f": 0.5707433819770813, "val/accuracy_label_\u7d0d\u5f97": 0.7302452325820923, "val/presicion_label_\u7d0d\u5f97": 0.5714285969734192, "val/recall_label_\u7d0d\u5f97": 0.4000000059604645, "val/f1score_label_\u7d0d\u5f97": 0.47058823704719543, "val/accuracy_label_\u9a5a\u304d": 0.5940054655075073, "val/presicion_label_\u9a5a\u304d": 0.3147208094596863, "val/recall_label_\u9a5a\u304d": 0.8157894611358643, "val/f1score_label_\u9a5a\u304d": 0.4542124569416046, "val/accuracy_label_\u8a00\u3044\u63db\u3048": 0.4931880235671997, "val/presicion_label_\u8a00\u3044\u63db\u3048": 0.0, "val/recall_label_\u8a00\u3044\u63db\u3048": 0.0, "val/f1score_label_\u8a00\u3044\u63db\u3048": 0.0, "epoch": 4, "trainer/global_step": 184, "_timestamp": 1705547608.5647373, "_runtime": 95.47170734405518, "_step": 11, "train_loss": 0.5481096506118774, "train/multilabelaccuracy": 0.6218451857566833, "train/multilabelprecision": 0.41489377617836, "train/multilabelrecall": 0.6025638580322266, "train/multilabelf1score": 0.47370439767837524, "train/multilabelmatthewscorrcoef": 0.24302256107330322, "train/accuracy_label_\u3042\u3044\u3065\u3061": 0.9522510170936584, "train/presicion_label_\u3042\u3044\u3065\u3061": 0.953633189201355, "train/recall_label_\u3042\u3044\u3065\u3061": 0.9978276491165161, "train/f1score_label_\u3042\u3044\u3065\u3061": 0.9752299785614014, "train/accuracy_label_\u611f\u5fc3": 0.8451569080352783, "train/presicion_label_\u611f\u5fc3": 0.8452463746070862, "train/recall_label_\u611f\u5fc3": 0.9967266917228699, "train/f1score_label_\u611f\u5fc3": 0.9147577881813049, "train/accuracy_label_\u8a55\u4fa1": 0.5102319121360779, "train/presicion_label_\u8a55\u4fa1": 0.4203502833843231, "train/recall_label_\u8a55\u4fa1": 0.9563567638397217, "train/f1score_label_\u8a55\u4fa1": 0.5840092897415161, "train/accuracy_label_\u7e70\u308a\u8fd4\u3057\u5fdc\u7b54": 0.4201909899711609, "train/presicion_label_\u7e70\u308a\u8fd4\u3057\u5fdc\u7b54": 0.0, "train/recall_label_\u7e70\u308a\u8fd4\u3057\u5fdc\u7b54": 0.0, "train/f1score_label_\u7e70\u308a\u8fd4\u3057\u5fdc\u7b54": 0.0, "train/accuracy_label_\u540c\u610f": 0.47544339299201965, "train/presicion_label_\u540c\u610f": 0.3776859641075134, "train/recall_label_\u540c\u610f": 0.9661733508110046, "train/f1score_label_\u540c\u610f": 0.543077826499939, "train/accuracy_label_\u7d0d\u5f97": 0.6596180200576782, "train/presicion_label_\u7d0d\u5f97": 0.4106145203113556, "train/recall_label_\u7d0d\u5f97": 0.3379310369491577, "train/f1score_label_\u7d0d\u5f97": 0.3707440197467804, "train/accuracy_label_\u9a5a\u304d": 0.6405184268951416, "train/presicion_label_\u9a5a\u304d": 0.31161972880363464, "train/recall_label_\u9a5a\u304d": 0.5654951930046082, "train/f1score_label_\u9a5a\u304d": 0.40181612968444824, "train/accuracy_label_\u8a00\u3044\u63db\u3048": 0.47135061025619507, "train/presicion_label_\u8a00\u3044\u63db\u3048": 0.0, "train/recall_label_\u8a00\u3044\u63db\u3048": 0.0, "train/f1score_label_\u8a00\u3044\u63db\u3048": 0.0, "train/loss": 0.5611681938171387, "test_loss": 0.5423069000244141, "test/multilabelaccuracy": 0.6121894121170044, "test/multilabelprecision": 0.4305548369884491, "test/multilabelrecall": 0.633511483669281, "test/multilabelf1score": 0.47988080978393555, "test/multilabelmatthewscorrcoef": 0.2223328948020935, "test/accuracy_label_\u3042\u3044\u3065\u3061": 0.9503105878829956, "test/presicion_label_\u3042\u3044\u3065\u3061": 0.955974817276001, "test/recall_label_\u3042\u3044\u3065\u3061": 0.9934640526771545, "test/f1score_label_\u3042\u3044\u3065\u3061": 0.9743589758872986, "test/accuracy_label_\u611f\u5fc3": 0.8757764101028442, "test/presicion_label_\u611f\u5fc3": 0.8773584961891174, "test/recall_label_\u611f\u5fc3": 0.9964285492897034, "test/f1score_label_\u611f\u5fc3": 0.9331103563308716, "test/accuracy_label_\u8a55\u4fa1": 0.5031055808067322, "test/presicion_label_\u8a55\u4fa1": 0.42578125, "test/recall_label_\u8a55\u4fa1": 0.8934426307678223, "test/f1score_label_\u8a55\u4fa1": 0.5767195820808411, "test/accuracy_label_\u7e70\u308a\u8fd4\u3057\u5fdc\u7b54": 0.38509318232536316, "test/presicion_label_\u7e70\u308a\u8fd4\u3057\u5fdc\u7b54": 0.0, "test/recall_label_\u7e70\u308a\u8fd4\u3057\u5fdc\u7b54": 0.0, "test/f1score_label_\u7e70\u308a\u8fd4\u3057\u5fdc\u7b54": 0.0, "test/accuracy_label_\u540c\u610f": 0.48136645555496216, "test/presicion_label_\u540c\u610f": 0.37354084849357605, "test/recall_label_\u540c\u610f": 0.9411764740943909, "test/f1score_label_\u540c\u610f": 0.5348189473152161, "test/accuracy_label_\u7d0d\u5f97": 0.6925466060638428, "test/presicion_label_\u7d0d\u5f97": 0.607594907283783, "test/recall_label_\u7d0d\u5f97": 0.4137931168079376, "test/f1score_label_\u7d0d\u5f97": 0.4923076927661896, "test/accuracy_label_\u9a5a\u304d": 0.5031055808067322, "test/presicion_label_\u9a5a\u304d": 0.2041884809732437, "test/recall_label_\u9a5a\u304d": 0.8297872543334961, "test/f1score_label_\u9a5a\u304d": 0.32773110270500183, "test/accuracy_label_\u8a00\u3044\u63db\u3048": 0.5062111616134644, "test/presicion_label_\u8a00\u3044\u63db\u3048": 0.0, "test/recall_label_\u8a00\u3044\u63db\u3048": 0.0, "test/f1score_label_\u8a00\u3044\u63db\u3048": 0.0, "_wandb": {"runtime": 95}}