{"val_loss": 0.9750097393989563, "epoch": 0, "trainer/global_step": 7, "_timestamp": 1687420589.2105896, "_runtime": 374.235271692276, "_step": 0, "_wandb": {"runtime": 374}}