{"val_loss": 0.34317970275878906, "val/multilabelaccuracy": 0.8556541800498962, "val/multilabelprecision": 0.14308448135852814, "val/multilabelrecall": 0.095830999314785, "val/multilabelf1score": 0.08595509827136993, "val/multilabelmatthewscorrcoef": 0.3519110083580017, "val/accuracy_label_\u3042\u3044\u3065\u3061": 0.27397656440734863, "val/presicion_label_\u3042\u3044\u3065\u3061": 0.9700308442115784, "val/recall_label_\u3042\u3044\u3065\u3061": 0.22718827426433563, "val/f1score_label_\u3042\u3044\u3065\u3061": 0.36815255880355835, "val/accuracy_label_\u611f\u5fc3": 0.6087834239006042, "val/presicion_label_\u611f\u5fc3": 0.609978437423706, "val/recall_label_\u611f\u5fc3": 0.9854314923286438, "val/f1score_label_\u611f\u5fc3": 0.7535266876220703, "val/accuracy_label_\u8a55\u4fa1": 0.8799731135368347, "val/presicion_label_\u8a55\u4fa1": 0.09090909361839294, "val/recall_label_\u8a55\u4fa1": 0.0016246953746303916, "val/f1score_label_\u8a55\u4fa1": 0.0031923383940011263, "val/accuracy_label_\u7e70\u308a\u8fd4\u3057\u5fdc\u7b54": 0.7389967441558838, "val/presicion_label_\u7e70\u308a\u8fd4\u3057\u5fdc\u7b54": 0.2857142984867096, "val/recall_label_\u7e70\u308a\u8fd4\u3057\u5fdc\u7b54": 0.025219717994332314, "val/f1score_label_\u7e70\u308a\u8fd4\u3057\u5fdc\u7b54": 0.046348314732313156, "val/accuracy_label_\u540c\u610f": 0.8815106749534607, "val/presicion_label_\u540c\u610f": 0.0714285746216774, "val/recall_label_\u540c\u610f": 0.0016542597441002727, "val/f1score_label_\u540c\u610f": 0.003233629744499922, "val/accuracy_label_\u7d0d\u5f97": 0.9025562405586243, "val/presicion_label_\u7d0d\u5f97": 0.0, "val/recall_label_\u7d0d\u5f97": 0.0, "val/f1score_label_\u7d0d\u5f97": 0.0, "val/accuracy_label_\u9a5a\u304d": 0.9062079787254333, "val/presicion_label_\u9a5a\u304d": 0.05390835553407669, "val/recall_label_\u9a5a\u304d": 0.03100775182247162, "val/f1score_label_\u9a5a\u304d": 0.03937007859349251, "val/accuracy_label_\u8a00\u3044\u63db\u3048": 0.9931769967079163, "val/presicion_label_\u8a00\u3044\u63db\u3048": 0.0, "val/recall_label_\u8a00\u3044\u63db\u3048": 0.0, "val/f1score_label_\u8a00\u3044\u63db\u3048": 0.0, "val/accuracy_label_\u610f\u898b": 0.9088987112045288, "val/presicion_label_\u610f\u898b": 0.04261796176433563, "val/recall_label_\u610f\u898b": 0.08069164305925369, "val/f1score_label_\u610f\u898b": 0.055776894092559814, "val/accuracy_label_\u8003\u3048\u3066\u3044\u308b\u6700\u4e2d": 0.936190664768219, "val/presicion_label_\u8003\u3048\u3066\u3044\u308b\u6700\u4e2d": 0.017057569697499275, "val/recall_label_\u8003\u3048\u3066\u3044\u308b\u6700\u4e2d": 0.0379146933555603, "val/f1score_label_\u8003\u3048\u3066\u3044\u308b\u6700\u4e2d": 0.0235294122248888, "val/accuracy_label_\u4e0d\u540c\u610f": 0.9846242666244507, "val/presicion_label_\u4e0d\u540c\u610f": 0.0, "val/recall_label_\u4e0d\u540c\u610f": 0.0, "val/f1score_label_\u4e0d\u540c\u610f": 0.0, "val/accuracy_label_\u88dc\u5b8c": 0.9041898846626282, "val/presicion_label_\u88dc\u5b8c": 0.036259543150663376, "val/recall_label_\u88dc\u5b8c": 0.03718199580907822, "val/f1score_label_\u88dc\u5b8c": 0.03671497479081154, "val/accuracy_label_\u3042\u3044\u3055\u3064": 0.9679992198944092, "val/presicion_label_\u3042\u3044\u3055\u3064": 0.003636363660916686, "val/recall_label_\u3042\u3044\u3055\u3064": 0.01666666753590107, "val/f1score_label_\u3042\u3044\u3055\u3064": 0.005970149300992489, "val/accuracy_label_\u60f3\u8d77": 0.9545454382896423, "val/presicion_label_\u60f3\u8d77": 0.006849315017461777, "val/recall_label_\u60f3\u8d77": 0.0731707289814949, "val/f1score_label_\u60f3\u8d77": 0.01252609584480524, "val/accuracy_label_\u9a5a\u304d\u3068\u3044\u3076\u304b\u308a": 0.9946184754371643, "val/presicion_label_\u9a5a\u304d\u3068\u3044\u3076\u304b\u308a": 0.0, "val/recall_label_\u9a5a\u304d\u3068\u3044\u3076\u304b\u308a": 0.0, "val/f1score_label_\u9a5a\u304d\u3068\u3044\u3076\u304b\u308a": 0.0, "val/accuracy_label_\u305d\u306e\u4ed6": 0.8542187213897705, "val/presicion_label_\u305d\u306e\u4ed6": 0.10096153616905212, "val/recall_label_\u305d\u306e\u4ed6": 0.015544041059911251, "val/f1score_label_\u305d\u306e\u4ed6": 0.026940345764160156, "epoch": 3, "trainer/global_step": 63, "_timestamp": 1714446051.2551987, "_runtime": 85.2774887084961, "_step": 8, "train_loss": 0.3445941209793091, "train/multilabelaccuracy": 0.8726249933242798, "train/multilabelprecision": 0.20382794737815857, "train/multilabelrecall": 0.10226776450872421, "train/multilabelf1score": 0.10502521693706512, "train/multilabelmatthewscorrcoef": 0.4361862540245056, "train/accuracy_label_\u3042\u3044\u3065\u3061": 0.3930000066757202, "train/presicion_label_\u3042\u3044\u3065\u3061": 0.9652174115180969, "train/recall_label_\u3042\u3044\u3065\u3061": 0.35883620381355286, "train/f1score_label_\u3042\u3044\u3065\u3061": 0.5231736302375793, "train/accuracy_label_\u611f\u5fc3": 0.6359999775886536, "train/presicion_label_\u611f\u5fc3": 0.6296296119689941, "train/recall_label_\u611f\u5fc3": 0.9935064911842346, "train/f1score_label_\u611f\u5fc3": 0.7707808613777161, "train/accuracy_label_\u8a55\u4fa1": 0.8830000162124634, "train/presicion_label_\u8a55\u4fa1": 0.0, "train/recall_label_\u8a55\u4fa1": 0.0, "train/f1score_label_\u8a55\u4fa1": 0.0, "train/accuracy_label_\u7e70\u308a\u8fd4\u3057\u5fdc\u7b54": 0.7390000224113464, "train/presicion_label_\u7e70\u308a\u8fd4\u3057\u5fdc\u7b54": 0.75, "train/recall_label_\u7e70\u308a\u8fd4\u3057\u5fdc\u7b54": 0.022641509771347046, "train/f1score_label_\u7e70\u308a\u8fd4\u3057\u5fdc\u7b54": 0.04395604506134987, "train/accuracy_label_\u540c\u610f": 0.878000020980835, "train/presicion_label_\u540c\u610f": 0.0, "train/recall_label_\u540c\u610f": 0.0, "train/f1score_label_\u540c\u610f": 0.0, "train/accuracy_label_\u7d0d\u5f97": 0.921999990940094, "train/presicion_label_\u7d0d\u5f97": 0.1666666716337204, "train/recall_label_\u7d0d\u5f97": 0.013513513840734959, "train/f1score_label_\u7d0d\u5f97": 0.02500000037252903, "train/accuracy_label_\u9a5a\u304d": 0.9120000004768372, "train/presicion_label_\u9a5a\u304d": 0.0, "train/recall_label_\u9a5a\u304d": 0.0, "train/f1score_label_\u9a5a\u304d": 0.0, "train/accuracy_label_\u8a00\u3044\u63db\u3048": 0.9909999966621399, "train/presicion_label_\u8a00\u3044\u63db\u3048": 0.0, "train/recall_label_\u8a00\u3044\u63db\u3048": 0.0, "train/f1score_label_\u8a00\u3044\u63db\u3048": 0.0, "train/accuracy_label_\u610f\u898b": 0.9079999923706055, "train/presicion_label_\u610f\u898b": 0.036363635212183, "train/recall_label_\u610f\u898b": 0.04878048598766327, "train/f1score_label_\u610f\u898b": 0.0416666679084301, "train/accuracy_label_\u8003\u3048\u3066\u3044\u308b\u6700\u4e2d": 0.9700000286102295, "train/presicion_label_\u8003\u3048\u3066\u3044\u308b\u6700\u4e2d": 0.1538461595773697, "train/recall_label_\u8003\u3048\u3066\u3044\u308b\u6700\u4e2d": 0.095238097012043, "train/f1score_label_\u8003\u3048\u3066\u3044\u308b\u6700\u4e2d": 0.11764705926179886, "train/accuracy_label_\u4e0d\u540c\u610f": 0.9789999723434448, "train/presicion_label_\u4e0d\u540c\u610f": 0.0, "train/recall_label_\u4e0d\u540c\u610f": 0.0, "train/f1score_label_\u4e0d\u540c\u610f": 0.0, "train/accuracy_label_\u88dc\u5b8c": 0.9210000038146973, "train/presicion_label_\u88dc\u5b8c": 0.1428571492433548, "train/recall_label_\u88dc\u5b8c": 0.06779661029577255, "train/f1score_label_\u88dc\u5b8c": 0.09195402264595032, "train/accuracy_label_\u3042\u3044\u3055\u3064": 0.9850000143051147, "train/presicion_label_\u3042\u3044\u3055\u3064": 0.0, "train/recall_label_\u3042\u3044\u3055\u3064": 0.0, "train/f1score_label_\u3042\u3044\u3055\u3064": 0.0, "train/accuracy_label_\u60f3\u8d77": 0.9879999756813049, "train/presicion_label_\u60f3\u8d77": 0.0, "train/recall_label_\u60f3\u8d77": 0.0,