{"test_loss": 0.1743059605360031, "test/multilabelaccuracy": 0.7400615811347961, "test/multilabelprecision": 0.07558292895555496, "test/multilabelrecall": 0.16855280101299286, "test/multilabelf1score": 0.05369288846850395, "test/multilabelmatthewscorrcoef": -0.015225362032651901, "test/accuracy_label_\u3042\u3044\u3065\u3061": 0.4249027371406555, "test/presicion_label_\u3042\u3044\u3065\u3061": 0.607421875, "test/recall_label_\u3042\u3044\u3065\u3061": 0.2552318572998047, "test/f1score_label_\u3042\u3044\u3065\u3061": 0.35943368077278137, "test/accuracy_label_\u611f\u5fc3": 0.6791180372238159, "test/presicion_label_\u611f\u5fc3": 0.29870128631591797, "test/recall_label_\u611f\u5fc3": 0.03914893791079521, "test/f1score_label_\u611f\u5fc3": 0.06922498345375061, "test/accuracy_label_\u8a55\u4fa1": 0.927885890007019, "test/presicion_label_\u8a55\u4fa1": 0.0535714291036129, "test/recall_label_\u8a55\u4fa1": 0.0703125, "test/f1score_label_\u8a55\u4fa1": 0.06081081181764603, "test/accuracy_label_\u7e70\u308a\u8fd4\u3057\u5fdc\u7b54": 0.7945525050163269, "test/presicion_label_\u7e70\u308a\u8fd4\u3057\u5fdc\u7b54": 0.09964412450790405, "test/recall_label_\u7e70\u308a\u8fd4\u3057\u5fdc\u7b54": 0.16374269127845764, "test/f1score_label_\u7e70\u308a\u8fd4\u3057\u5fdc\u7b54": 0.12389380484819412, "test/accuracy_label_\u540c\u610f": 0.5398184061050415, "test/presicion_label_\u540c\u610f": 0.041690461337566376, "test/recall_label_\u540c\u610f": 0.43195265531539917, "test/f1score_label_\u540c\u610f": 0.07604166865348816, "test/accuracy_label_\u7d0d\u5f97": 0.6666666865348816, "test/presicion_label_\u7d0d\u5f97": 0.04566929116845131, "test/recall_label_\u7d0d\u5f97": 0.442748099565506, "test/f1score_label_\u7d0d\u5f97": 0.08279800415039062, "test/accuracy_label_\u9a5a\u304d": 0.9833981990814209, "test/presicion_label_\u9a5a\u304d": 0.0, "test/recall_label_\u9a5a\u304d": 0.0, "test/f1score_label_\u9a5a\u304d": 0.0, "test/accuracy_label_\u8a00\u3044\u63db\u3048": 0.7442283034324646, "test/presicion_label_\u8a00\u3044\u63db\u3048": 0.0, "test/recall_label_\u8a00\u3044\u63db\u3048": 0.0, "test/f1score_label_\u8a00\u3044\u63db\u3048": 0.0, "test/accuracy_label_\u610f\u898b": 0.9169909358024597, "test/presicion_label_\u610f\u898b": 0.010416666977107525, "test/recall_label_\u610f\u898b": 0.07894736528396606, "test/f1score_label_\u610f\u898b": 0.01840490847826004, "test/accuracy_label_\u8003\u3048\u3066\u3044\u308b\u6700\u4e2d": 0.8160830140113831, "test/presicion_label_\u8003\u3048\u3066\u3044\u308b\u6700\u4e2d": 0.0, "test/recall_label_\u8003\u3048\u3066\u3044\u308b\u6700\u4e2d": 0.0, "test/f1score_label_\u8003\u3048\u3066\u3044\u308b\u6700\u4e2d": 0.0, "test/accuracy_label_\u4e0d\u540c\u610f": 0.11206226050853729, "test/presicion_label_\u4e0d\u540c\u610f": 0.00320606236346066, "test/recall_label_\u4e0d\u540c\u610f": 0.7857142686843872, "test/f1score_label_\u4e0d\u540c\u610f": 0.006386066786944866, "test/accuracy_label_\u88dc\u5b8c": 0.60959792137146, "test/presicion_label_\u88dc\u5b8c": 0.011371237225830555, "test/recall_label_\u88dc\u5b8c": 0.3863636255264282, "test/f1score_label_\u88dc\u5b8c": 0.022092267870903015, "test/accuracy_label_\u3042\u3044\u3055\u3064": 0.9976653456687927, "test/presicion_label_\u3042\u3044\u3055\u3064": 0.0, "test/recall_label_\u3042\u3044\u3055\u3064": 0.0, "test/f1score_label_\u3042\u3044\u3055\u3064": 0.0, "test/accuracy_label_\u60f3\u8d77": 0.9569390416145325, "test/presicion_label_\u60f3\u8d77": 0.0, "test/recall_label_\u60f3\u8d77": 0.0, "test/f1score_label_\u60f3\u8d77": 0.0, "test/accuracy_label_\u9a5a\u304d\u3068\u3044\u3076\u304b\u308a": 0.7582360506057739, "test/presicion_label_\u9a5a\u304d\u3068\u3044\u3076\u304b\u308a": 0.0, "test/recall_label_\u9a5a\u304d\u3068\u3044\u3076\u304b\u308a": 0.0, "test/f1score_label_\u9a5a\u304d\u3068\u3044\u3076\u304b\u308a": 0.0, "test/accuracy_label_\u305d\u306e\u4ed6": 0.9128404855728149, "test/presicion_label_\u305d\u306e\u4ed6": 0.037634409964084625, "test/recall_label_\u305d\u306e\u4ed6": 0.04268292710185051, "test/f1score_label_\u305d\u306e\u4ed6": 0.03999999910593033, "epoch": 0, "trainer/global_step": 11, "_timestamp": 1705556760.4643745, "_runtime": 46.064555644989014, "_step": 0, "_wandb": {"runtime": 46}}