{"val_loss": 0.6889402270317078, "val/multilabelaccuracy": 0.9396341443061829, "val/multilabelprecision": 0.6619047522544861, "val/multilabelrecall": 0.5225563645362854, "val/multilabelf1score": 0.5840336084365845, "val/multilabelmatthewscorrcoef": 0.5564598441123962, "epoch": 4, "trainer/global_step": 104, "_timestamp": 1701922630.3555999, "_runtime": 183.9503297805786, "_step": 11, "train_loss": 0.689690113067627, "train/multilabelaccuracy": 0.9310134053230286, "train/multilabelprecision": 0.5874587297439575, "train/multilabelrecall": 0.5023518204689026, "train/multilabelf1score": 0.5415821671485901, "train/multilabelmatthewscorrcoef": 0.5063347220420837, "train/accuracy_label_0": 0.6410256624221802, "train/presicion_label_0": 0.6410256624221802, "train/recall_label_0": 1.0, "train/f1score_label_0": 0.78125, "train/accuracy_label_1": 0.6862027049064636, "train/presicion_label_1": 0.46666666865348816, "train/recall_label_1": 0.02734375, "train/f1score_label_1": 0.05166051536798477, "train/accuracy_label_2": 0.920634925365448, "train/presicion_label_2": 0.3333333432674408, "train/recall_label_2": 0.015625, "train/f1score_label_2": 0.02985074557363987, "train/accuracy_label_3": 0.9511599540710449, "train/presicion_label_3": 0.0, "train/recall_label_3": 0.0, "train/f1score_label_3": 0.0, "train/accuracy_label_4": 0.901098906993866, "train/presicion_label_4": 0.0, "train/recall_label_4": 0.0, "train/f1score_label_4": 0.0, "train/accuracy_label_5": 0.9645909667015076, "train/presicion_label_5": 0.0, "train/recall_label_5": 0.0, "train/f1score_label_5": 0.0, "train/accuracy_label_6": 0.9670329689979553, "train/presicion_label_6": 0.0, "train/recall_label_6": 0.0, "train/f1score_label_6": 0.0, "train/accuracy_label_7": 0.9963369965553284, "train/presicion_label_7": 0.0, "train/recall_label_7": 0.0, "train/f1score_label_7": 0.0, "train/accuracy_label_8": 0.9816849827766418, "train/presicion_label_8": 0.0, "train/recall_label_8": 0.0, "train/f1score_label_8": 0.0, "train/accuracy_label_9": 0.9926739931106567, "train/presicion_label_9": 0.0, "train/recall_label_9": 0.0, "train/f1score_label_9": 0.0, "train/accuracy_label_10": 0.9926739931106567, "train/presicion_label_10": 0.0, "train/recall_label_10": 0.0, "train/f1score_label_10": 0.0, "train/accuracy_label_11": 0.9841269850730896, "train/presicion_label_11": 0.0, "train/recall_label_11": 0.0, "train/f1score_label_11": 0.0, "train/accuracy_label_12": 0.9951159954071045, "train/presicion_label_12": 0.0, "train/recall_label_12": 0.0, "train/f1score_label_12": 0.0, "train/accuracy_label_13": 0.9987789988517761, "train/presicion_label_13": 0.0, "train/recall_label_13": 0.0, "train/f1score_label_13": 0.0, "train/accuracy_label_14": 0.9853479862213135, "train/presicion_label_14": 0.0, "train/recall_label_14": 0.0, "train/f1score_label_14": 0.0, "train/accuracy_label_15": 0.9377289414405823, "train/presicion_label_15": 0.06666667014360428, "train/recall_label_15": 0.02631578966975212, "train/f1score_label_15": 0.03773584961891174, "train/loss": 0.692263662815094, "test/roc_0_table": {"_type": "table-file", "sha256": "e4179809fcf0045799da28caac8da1a66805170d58dcb7ff781645020c5d8e55", "size": 292, "artifact_path": "wandb-client-artifact://4ht38fq1vaoa9wn1g9wgoyfza03l4p7z1hgfs6k936hkjla7sbzxlj1dtokhtut5wrk03c1m2xuhf0zo2d36lgcrpgk530w4hsr6j4sba5okyjg1hlji42ispu7aw20c:latest/test/roc_0_table.table.json", "_latest_artifact_path": "wandb-client-artifact://4ht38fq1vaoa9wn1g9wgoyfza03l4p7z1hgfs6k936hkjla7sbzxlj1dtokhtut5wrk03c1m2xuhf0zo2d36lgcrpgk530w4hsr6j4sba5okyjg1hlji42ispu7aw20c:latest/test/roc_0_table.table.json", "path": "media/table/test/roc_0_table_10_e4179809fcf0045799da.table.json", "ncols": 3, "nrows": 6}, "test/roc_1_table": {"_type": "table-file", "sha256": "b8fc98c718a1e007a4bbb65be2765397e82b0cafc83f25250baca6f8f75c0820", "size": 206, "artifact_path": "wandb-client-artifact://t8qpc2mswj9bsk0j4l3p9e5efv9zujjvaajzx24vsags8dm6ke0h1gf9456jb97zqq6vubhff92osvfs347wmo78l9vwyqyshcwfu70pzmpjsxlr8lvpgksm10but8o7:latest/test/roc_1_table.table.json", "_latest_artifact_path": "wandb-client-artifact://t8qpc2mswj9bsk0j4l3p9e5efv9zujjvaajzx24vsags8dm6ke0h1gf9456jb97zqq6vubhff92osvfs347wmo78l9vwyqyshcwfu70pzmpjsxlr8lvpgksm10but8o7:latest/test/roc_1_table.table.json", "path": "media/table/test/roc_1_table_10_b8fc98c718a1e007a4bb.table.json", "ncols": 3, "nrows": 4}, "test/roc_2_table": {"_type": "table-file", "sha256": "d0d9623fe7e9373b2f5fb0999da035527f2b541db18c2cd6b8bbc505c5165587", "size": 290, "artifact_path": "wandb-client-artifact://hdvjx06xk9yub8oe824vd7wwfmz0d26ehdvepnd1v807w46k34963ubisngtqfo37uedtdy5idk932oom499u1lj7rpmzilytjejzs1a88pml9rnef84q3bfcji6yb6z:latest/test/roc_2_table.table.json", "_latest_artifact_path": "wandb-client-artifact://hdvjx06xk9yub8oe824vd7wwfmz0d26ehdvepnd1v807w46k34963ubisngtqfo37uedtdy5idk932oom499u1lj7rpmzilytjejzs1a88pml9rnef84q3bfcji6yb6z:latest/test/roc_2_table.table.json", "path": "media/table/test/roc_2_table_10_d0d9623fe7e9373b2f5f.table.json", "ncols": 3, "nrows": 6}, "test/roc_3_table": {"_type": "table-file", "sha256": "b8fc98c718a1e007a4bbb65be2765397e82b0cafc83f25250baca6f8f75c0820", "size": 206, "artifact_path": "wandb-client-artifact://k8p5d6p2l86eff9o533ljx676a7yzjblxjfkhxhnj5vs26pp84dn1s7ls42e0o64st1sv8ezq7dhteo8qpgczvslm54pko2zbnibcisk69z44apsf36c51jvhvxkxzx6:latest/test/roc_3_table.table.json", "_latest_artifact_path": "wandb-client-artifact://k8p5d6p2l86eff9o533ljx676a7yzjblxjfkhxhnj5vs26pp84dn1s7ls42e0o64st1sv8ezq7dhteo8qpgczvslm54pko2zbnibcisk69z44apsf36c51jvhvxkxzx6:latest/test/roc_3_table.table.json", "path": "media/table/test/roc_3_table_10_b8fc98c718a1e007a4bb.table.json", "ncols": 3, "nrows": 4}, "test/roc_4_table": {"_type": "table-file", "sha256": "b8fc98c718a1e007a4bbb65be2765397e82b0cafc83f25250baca6f8f75c0820", "size": 206, "artifact_path": "wandb-client-artifact://31d7zvxg1ddl3644nm9se6rbf3zgsbw2zxz4kbzdfdpug4bnyov0d8tav3jwb0a5ijq1ta5itey9y99bd7fsv4w57a7blqur5rmwqcrmik46jbumitsvxrr8z6yzdkw9:latest/test/roc_4_table.table.json", "_latest_artifact_path": "wandb-client-artifact://31d7zvxg1ddl3644nm9se6rbf3zgsbw2zxz4kbzdfdpug4bnyov0d8tav3jwb0a5ijq1ta5itey9y99bd7fsv4w57a7blqur5rmwqcrmik46jbumitsvxrr8z6yzdkw9:latest/test/roc_4_table.table.json", "path": "media/table/test/roc_4_table_10_b8fc98c718a1e007a4bb.table.json", "ncols": 3, "nrows": 4}, "test/roc_5_table": {"_type": "table-file", "sha256": "b8fc98c718a1e007a4bbb65be2765397e82b0cafc83f25250baca6f8f75c0820", "size": 206, "artifact_path": "wandb-client-artifact://w1z91c2z6d82t0bkc6j29xpomtt4yzzhrghj3d4898d07os9wjbxt9mr7qdja8ox2q5iro38q354gbz857pkqwfhkqgtrbs515y7tcwozn3gx7fef8lf05d8oyxhkwja:latest/test/roc_5_table.table.json", "_latest_artifact_path": "wandb-client-artifact://w1z91c2z6d82t0bkc6j29xpomtt4yzzhrghj3d4898d07os9wjbxt9mr7qdja8ox2q5iro38q354gbz857pkqwfhkqgtrbs515y7tcwozn3gx7fef8lf05d8oyxhkwja:latest/test/roc_5_table.table.json", "path": "media/table/test/roc_5_table_10_b8fc98c718a1e007a4bb.table.json", "ncols": 3, "nrows": 4}, "test/roc_6_table": {"_type": "table-file", "sha256": "b8fc98c718a1e007a4bbb65be2765397e82b0cafc83f25250baca6f8f75c0820", "size": 206, "artifact_path": "wandb-client-artifact://pts7dxs0z6fnvejjyvm5caq0n3u3ztgz5xa3br5rjm379mkqx0jug1f20houcyy9bpbdclno7hce6tzjqhs54mnlskzuw0qkbr0u0iz3sl7byu555pr52tons32358eu:latest/test/roc_6_table.table.json", "_latest_artifact_path": "wandb-client-artifact://pts7dxs0z6fnvejjyvm5caq0n3u3ztgz5xa3br5rjm379mkqx0jug1f20houcyy9bpbdclno7hce6tzjqhs54mnlskzuw0qkbr0u0iz3sl7byu555pr52tons32358eu:latest/test/roc_6_table.table.json", "path": "media/table/test/roc_6_table_10_b8fc98c718a1e007a4bb.table.json", "ncols": 3, "nrows": 4}, "test/roc_7_table": {"_type": "table-file", "sha256": "aa338e880d16d92aa8d560f5c8a8340bb53459e412f151394dc9eeb5df3c4039", "size": 126,