{"val_loss": 0.688276469707489, "val/multilabelaccuracy": 0.9378048777580261, "val/multilabelprecision": 0.66847825050354, "val/multilabelrecall": 0.4624060094356537, "val/multilabelf1score": 0.54666668176651, "val/multilabelmatthewscorrcoef": 0.524553120136261, "epoch": 4, "trainer/global_step": 104, "_timestamp": 1700113844.2712617, "_runtime": 163.9135217666626, "_step": 10, "train_loss": 0.6885049343109131, "train/multilabelaccuracy": 0.93482905626297, "train/multilabelprecision": 0.6307885050773621, "train/multilabelrecall": 0.4741298258304596, "train/multilabelf1score": 0.5413534045219421, "train/multilabelmatthewscorrcoef": 0.5130251049995422, "train/loss": 0.6857562065124512, "test_loss": 0.6889034509658813, "test/multilabelaccuracy": 0.9248046875, "test/multilabelprecision": 0.6106194853782654, "test/multilabelrecall": 0.3854748606681824, "test/multilabelf1score": 0.4726027250289917, "test/multilabelmatthewscorrcoef": 0.4476921558380127, "_wandb": {"runtime": 163}}