{"val_loss": 0.23648828268051147, "val/multilabelaccuracy": 0.7803133130073547, "val/multilabelprecision": 0.12217181921005249, "val/multilabelrecall": 0.1273970901966095, "val/multilabelf1score": 0.12206632643938065, "val/multilabelmatthewscorrcoef": 0.3713780641555786, "val/accuracy_label_\u3042\u3044\u3065\u3061": 0.9482288956642151, "val/presicion_label_\u3042\u3044\u3065\u3061": 0.9495798349380493, "val/recall_label_\u3042\u3044\u3065\u3061": 0.9970588088035583, "val/f1score_label_\u3042\u3044\u3065\u3061": 0.9727402925491333, "val/accuracy_label_\u611f\u5fc3": 0.14441417157649994, "val/presicion_label_\u611f\u5fc3": 0.0, "val/recall_label_\u611f\u5fc3": 0.0, "val/f1score_label_\u611f\u5fc3": 0.0, "val/accuracy_label_\u8a55\u4fa1": 0.6348773837089539, "val/presicion_label_\u8a55\u4fa1": 0.48404255509376526, "val/recall_label_\u8a55\u4fa1": 0.7109375, "val/f1score_label_\u8a55\u4fa1": 0.5759493708610535, "val/accuracy_label_\u7e70\u308a\u8fd4\u3057\u5fdc\u7b54": 0.42506811022758484, "val/presicion_label_\u7e70\u308a\u8fd4\u3057\u5fdc\u7b54": 0.0, "val/recall_label_\u7e70\u308a\u8fd4\u3057\u5fdc\u7b54": 0.0, "val/f1score_label_\u7e70\u308a\u8fd4\u3057\u5fdc\u7b54": 0.0, "val/accuracy_label_\u540c\u610f": 0.6376021504402161, "val/presicion_label_\u540c\u610f": 0.0, "val/recall_label_\u540c\u610f": 0.0, "val/f1score_label_\u540c\u610f": 0.0, "val/accuracy_label_\u7d0d\u5f97": 0.7029972672462463, "val/presicion_label_\u7d0d\u5f97": 0.5211267471313477, "val/recall_label_\u7d0d\u5f97": 0.3303571343421936, "val/f1score_label_\u7d0d\u5f97": 0.40437158942222595, "val/accuracy_label_\u9a5a\u304d": 0.7901907563209534, "val/presicion_label_\u9a5a\u304d": 0.0, "val/recall_label_\u9a5a\u304d": 0.0, "val/f1score_label_\u9a5a\u304d": 0.0, "val/accuracy_label_\u8a00\u3044\u63db\u3048": 1.0, "val/presicion_label_\u8a00\u3044\u63db\u3048": 0.0, "val/recall_label_\u8a00\u3044\u63db\u3048": 0.0, "val/f1score_label_\u8a00\u3044\u63db\u3048": 0.0, "val/accuracy_label_\u610f\u898b": 0.8692098259925842, "val/presicion_label_\u610f\u898b": 0.0, "val/recall_label_\u610f\u898b": 0.0, "val/f1score_label_\u610f\u898b": 0.0, "val/accuracy_label_\u8003\u3048\u3066\u3044\u308b\u6700\u4e2d": 0.9346048831939697, "val/presicion_label_\u8003\u3048\u3066\u3044\u308b\u6700\u4e2d": 0.0, "val/recall_label_\u8003\u3048\u3066\u3044\u308b\u6700\u4e2d": 0.0, "val/f1score_label_\u8003\u3048\u3066\u3044\u308b\u6700\u4e2d": 0.0, "val/accuracy_label_\u4e0d\u540c\u610f": 0.9564032554626465, "val/presicion_label_\u4e0d\u540c\u610f": 0.0, "val/recall_label_\u4e0d\u540c\u610f": 0.0, "val/f1score_label_\u4e0d\u540c\u610f": 0.0, "val/accuracy_label_\u88dc\u5b8c": 0.8228882551193237, "val/presicion_label_\u88dc\u5b8c": 0.0, "val/recall_label_\u88dc\u5b8c": 0.0, "val/f1score_label_\u88dc\u5b8c": 0.0, "val/accuracy_label_\u3042\u3044\u3055\u3064": 0.9700272679328918, "val/presicion_label_\u3042\u3044\u3055\u3064": 0.0, "val/recall_label_\u3042\u3044\u3055\u3064": 0.0, "val/f1score_label_\u3042\u3044\u3055\u3064": 0.0, "val/accuracy_label_\u60f3\u8d77": 0.9945504069328308, "val/presicion_label_\u60f3\u8d77": 0.0, "val/recall_label_\u60f3\u8d77": 0.0, "val/f1score_label_\u60f3\u8d77": 0.0, "val/accuracy_label_\u9a5a\u304d\u3068\u3044\u3076\u304b\u308a": 0.9945504069328308, "val/presicion_label_\u9a5a\u304d\u3068\u3044\u3076\u304b\u308a": 0.0, "val/recall_label_\u9a5a\u304d\u3068\u3044\u3076\u304b\u308a": 0.0, "val/f1score_label_\u9a5a\u304d\u3068\u3044\u3076\u304b\u308a": 0.0, "val/accuracy_label_\u305d\u306e\u4ed6": 0.6594005227088928, "val/presicion_label_\u305d\u306e\u4ed6": 0.0, "val/recall_label_\u305d\u306e\u4ed6": 0.0, "val/f1score_label_\u305d\u306e\u4ed6": 0.0, "epoch": 8, "trainer/global_step": 368, "_timestamp": 1704942061.453195, "_runtime": 564.7372581958771, "_step": 23, "train_loss": 0.2365083545446396, "train/multilabelaccuracy": 0.7686007022857666, "train/multilabelprecision": 0.1379724144935608, "train/multilabelrecall": 0.15546385943889618, "train/multilabelf1score": 0.1400793045759201, "train/multilabelmatthewscorrcoef": 0.34373944997787476, "train/accuracy_label_\u3042\u3044\u3065\u3061": 0.958361804485321, "train/presicion_label_\u3042\u3044\u3065\u3061": 0.9596381187438965, "train/recall_label_\u3042\u3044\u3065\u3061": 0.997829258441925, "train/f1score_label_\u3042\u3044\u3065\u3061": 0.9783611297607422, "train/accuracy_label_\u611f\u5fc3": 0.16723549365997314, "train/presicion_label_\u611f\u5fc3": 0.0, "train/recall_label_\u611f\u5fc3": 0.0, "train/f1score_label_\u611f\u5fc3": 0.0, "train/accuracy_label_\u8a55\u4fa1": 0.6348122954368591, "train/presicion_label_\u8a55\u4fa1": 0.49809402227401733, "train/recall_label_\u8a55\u4fa1": 0.7368420958518982, "train/f1score_label_\u8a55\u4fa1": 0.5943896770477295, "train/accuracy_label_\u7e70\u308a\u8fd4\u3057\u5fdc\u7b54": 0.4170648455619812, "train/presicion_label_\u7e70\u308a\u8fd4\u3057\u5fdc\u7b54": 0.0, "train/recall_label_\u7e70\u308a\u8fd4\u3057\u5fdc\u7b54": 0.0, "train/f1score_label_\u7e70\u308a\u8fd4\u3057\u5fdc\u7b54": 0.0, "train/accuracy_label_\u540c\u610f": 0.6791808605194092, "train/presicion_label_\u540c\u610f": 0.0, "train/recall_label_\u540c\u610f": 0.0, "train/f1score_label_\u540c\u610f": 0.0, "train/accuracy_label_\u7d0d\u5f97": 0.6477815508842468, "train/presicion_label_\u7d0d\u5f97": 0.43457943201065063, "train/recall_label_\u7d0d\u5f97": 0.6458333134651184, "train/f1score_label_\u7d0d\u5f97": 0.5195530652999878, "train/accuracy_label_\u9a5a\u304d": 0.7870306968688965, "train/presicion_label_\u9a5a\u304d": 0.0, "train/recall_label_\u9a5a\u304d": 0.0, "train/f1score_label_\u9a5a\u304d": 0.0, "train/accuracy_label_\u8a00\u3044\u63db\u3048": 0.9843003153800964, "train/presicion_label_\u8a00\u3044\u63db\u3048": 0.0, "train/recall_label_\u8a00\u3044\u63db\u3048": 0.0, "train/f1score_label_\u8a00\u3044\u63db\u3048": 0.0, "train/accuracy_label_\u610f\u898b": 0.8484641909599304, "train/presicion_label_\u610f\u898b": 0.08695652335882187, "train/recall_label_\u610f\u898b": 0.009852216579020023, "train/f1score_label_\u610f\u898b": 0.017699114978313446, "train/accuracy_label_\u8003\u3048\u3066\u3044\u308b\u6700\u4e2d": 0.914675772190094, "train/presicion_label_\u8003\u3048\u3066\u3044\u308b\u6700\u4e2d": 0.0, "train/recall_label_\u8003\u3048\u3066\u3044\u308b\u6700\u4e2d": 0.0, "train/f1score_label_\u8003\u3048\u3066\u3044\u308b\u6700\u4e2d": 0.0, "train/accuracy_label_\u4e0d\u540c\u610f": 0.908532440662384, "train/presicion_label_\u4e0d\u540c\u610f": 0.06779661029577255, "train/recall_label_\u4e0d\u540c\u610f": 0.048192769289016724, "train/f1score_label_\u4e0d\u540c\u610f": 0.056338027119636536, "train/accuracy_label_\u88dc\u5b8c": 0.7808873653411865, "train/presicion_label_\u88dc\u5b8c": 0.16049382090568542, "train/recall_label_\u88dc\u5b8c": 0.04887218028306961, "train/f1score_label_\u88dc\u5b8c": 0.07492795586585999, "train/accuracy_label_\u3042\u3044\u3055\u3064": 0.9638225436210632, "train/presicion_label_\u3042\u3044\u3055\u3064": 0.0, "train/recall_label_\u3042\u3044\u3055\u3064": 0.0, "train/f1score_label_\u3042\u3044\u3055\u3064": 0.0, "train/accuracy_label_\u60f3\u8d77": 0.9836177229881287, "train/presicion_label_\u60f3\u8d77": 0.0, "train/recall_label_\u60f3\u8d77": 0.0, "train/f1score_label_\u60f3\u8d77": 0.0, "train/accuracy_label_\u9a5a\u304d\u3068\u3044\u3076\u304b\u308a": 0.9761092066764832, "train/presicion_label_\u9a5a\u304d\u3068\u3044\u3076\u304b\u308a": 0.0, "train/recall_label_\u9a5a\u304d\u3068\u3044\u3076\u304b\u308a": 0.0, "train/f1score_label_\u9a5a\u304d\u3068\u3044\u3076\u304b\u308a": 0.0, "train/accuracy_label_\u305d\u306e\u4ed6": 0.6457337737083435, "train/presicion_label_\u305d\u306e\u4ed6": 0.0, "train/recall_label_\u305d\u306e\u4ed6": 0.0, "train/f1score_label_\u305d\u306e\u4ed6": 0.0, "train/loss": 0.23656338453292847, "test_loss": 0.236184224486351, "test/multilabelaccuracy": 0.783088207244873, "test/multilabelprecision": 0.12828552722930908, "test/multilabelrecall": 0.13285139203071594,