{"val_loss": 0.5627650022506714, "val/binaryaccuracy": 0.9230769276618958, "val/binaryprecision": 0.9230769276618958, "val/binaryrecall": 1.0, "val/binaryf1score": 0.9599999785423279, "val/binarymatthewscorrcoef": 0.8807047605514526, "epoch": 3, "trainer/global_step": 11, "_timestamp": 1691755616.6782222, "_runtime": 640.4202880859375, "_step": 7, "train_loss": 0.6074854135513306, "train/binaryaccuracy": 0.9210526347160339, "train/binaryprecision": 0.9210526347160339, "train/binaryrecall": 1.0, "train/binaryf1score": 0.9589040875434875, "train/binarymatthewscorrcoef": 0.5065980553627014, "_wandb": {"runtime": 640}}