{"train/loss": 0.688596785068512, "epoch": 4, "trainer/global_step": 2184, "_timestamp": 1705555150.8215888, "_runtime": 975.5696828365326, "_step": 51, "val_loss": 0.6888362765312195, "val/multilabelaccuracy": 0.9426224827766418, "val/multilabelprecision": 0.07714010030031204, "val/multilabelrecall": 0.08262933045625687, "val/multilabelf1score": 0.07762261480093002, "val/multilabelmatthewscorrcoef": 0.5794531106948853, "val/accuracy_label_\u3042\u3044\u3065\u3061": 0.6632326245307922, "val/presicion_label_\u3042\u3044\u3065\u3061": 0.6718106865882874, "val/recall_label_\u3042\u3044\u3065\u3061": 0.9305307865142822, "val/f1score_label_\u3042\u3044\u3065\u3061": 0.7802838087081909, "val/accuracy_label_\u611f\u5fc3": 0.7282509207725525, "val/presicion_label_\u611f\u5fc3": 0.5624309182167053, "val/recall_label_\u611f\u5fc3": 0.39153847098350525, "val/f1score_label_\u611f\u5fc3": 0.46167799830436707, "val/accuracy_label_\u8a55\u4fa1": 0.9555860757827759, "val/presicion_label_\u8a55\u4fa1": 0.0, "val/recall_label_\u8a55\u4fa1": 0.0, "val/f1score_label_\u8a55\u4fa1": 0.0, "val/accuracy_label_\u7e70\u308a\u8fd4\u3057\u5fdc\u7b54": 0.9175823926925659, "val/presicion_label_\u7e70\u308a\u8fd4\u3057\u5fdc\u7b54": 0.0, "val/recall_label_\u7e70\u308a\u8fd4\u3057\u5fdc\u7b54": 0.0, "val/f1score_label_\u7e70\u308a\u8fd4\u3057\u5fdc\u7b54": 0.0, "val/accuracy_label_\u540c\u610f": 0.9558150172233582, "val/presicion_label_\u540c\u610f": 0.0, "val/recall_label_\u540c\u610f": 0.0, "val/f1score_label_\u540c\u610f": 0.0, "val/accuracy_label_\u7d0d\u5f97": 0.968406617641449, "val/presicion_label_\u7d0d\u5f97": 0.0, "val/recall_label_\u7d0d\u5f97": 0.0, "val/f1score_label_\u7d0d\u5f97": 0.0, "val/accuracy_label_\u9a5a\u304d": 0.9736721515655518, "val/presicion_label_\u9a5a\u304d": 0.0, "val/recall_label_\u9a5a\u304d": 0.0, "val/f1score_label_\u9a5a\u304d": 0.0, "val/accuracy_label_\u8a00\u3044\u63db\u3048": 1.0, "val/presicion_label_\u8a00\u3044\u63db\u3048": 0.0, "val/recall_label_\u8a00\u3044\u63db\u3048": 0.0, "val/f1score_label_\u8a00\u3044\u63db\u3048": 0.0, "val/accuracy_label_\u610f\u898b": 0.9913003444671631, "val/presicion_label_\u610f\u898b": 0.0, "val/recall_label_\u610f\u898b": 0.0, "val/f1score_label_\u610f\u898b": 0.0, "val/accuracy_label_\u8003\u3048\u3066\u3044\u308b\u6700\u4e2d": 0.997710645198822, "val/presicion_label_\u8003\u3048\u3066\u3044\u308b\u6700\u4e2d": 0.0, "val/recall_label_\u8003\u3048\u3066\u3044\u308b\u6700\u4e2d": 0.0, "val/f1score_label_\u8003\u3048\u3066\u3044\u308b\u6700\u4e2d": 0.0, "val/accuracy_label_\u4e0d\u540c\u610f": 0.9926739931106567, "val/presicion_label_\u4e0d\u540c\u610f": 0.0, "val/recall_label_\u4e0d\u540c\u610f": 0.0, "val/f1score_label_\u4e0d\u540c\u610f": 0.0, "val/accuracy_label_\u88dc\u5b8c": 0.9919871687889099, "val/presicion_label_\u88dc\u5b8c": 0.0, "val/recall_label_\u88dc\u5b8c": 0.0, "val/f1score_label_\u88dc\u5b8c": 0.0, "val/accuracy_label_\u3042\u3044\u3055\u3064": 0.997710645198822, "val/presicion_label_\u3042\u3044\u3055\u3064": 0.0, "val/recall_label_\u3042\u3044\u3055\u3064": 0.0, "val/f1score_label_\u3042\u3044\u3055\u3064": 0.0, "val/accuracy_label_\u60f3\u8d77": 0.9988552927970886, "val/presicion_label_\u60f3\u8d77": 0.0, "val/recall_label_\u60f3\u8d77": 0.0, "val/f1score_label_\u60f3\u8d77": 0.0, "val/accuracy_label_\u9a5a\u304d\u3068\u3044\u3076\u304b\u308a": 0.9990842342376709, "val/presicion_label_\u9a5a\u304d\u3068\u3044\u3076\u304b\u308a": 0.0, "val/recall_label_\u9a5a\u304d\u3068\u3044\u3076\u304b\u308a": 0.0, "val/f1score_label_\u9a5a\u304d\u3068\u3044\u3076\u304b\u308a": 0.0, "val/accuracy_label_\u305d\u306e\u4ed6": 0.9500916004180908, "val/presicion_label_\u305d\u306e\u4ed6": 0.0, "val/recall_label_\u305d\u306e\u4ed6": 0.0, "val/f1score_label_\u305d\u306e\u4ed6": 0.0, "train_loss": 0.6887754797935486, "train/multilabelaccuracy": 0.9391597509384155, "train/multilabelprecision": 0.09748238325119019, "train/multilabelrecall": 0.08589724451303482, "train/multilabelf1score": 0.08566991239786148, "train/multilabelmatthewscorrcoef": 0.5523300766944885, "train/accuracy_label_\u3042\u3044\u3065\u3061": 0.6599130034446716, "train/presicion_label_\u3042\u3044\u3065\u3061": 0.6917255520820618, "train/recall_label_\u3042\u3044\u3065\u3061": 0.8564483523368835, "train/f1score_label_\u3042\u3044\u3065\u3061": 0.7653238773345947, "train/accuracy_label_\u611f\u5fc3": 0.7384958863258362, "train/presicion_label_\u611f\u5fc3": 0.580670952796936, "train/recall_label_\u611f\u5fc3": 0.4214492738246918, "train/f1score_label_\u611f\u5fc3": 0.48841115832328796, "train/accuracy_label_\u8a55\u4fa1": 0.9555288553237915, "train/presicion_label_\u8a55\u4fa1": 0.015384615398943424, "train/recall_label_\u8a55\u4fa1": 0.001400560257025063, "train/f1score_label_\u8a55\u4fa1": 0.00256739417091012, "train/accuracy_label_\u7e70\u308a\u8fd4\u3057\u5fdc\u7b54": 0.9148923754692078, "train/presicion_label_\u7e70\u308a\u8fd4\u3057\u5fdc\u7b54": 0.0976744219660759, "train/recall_label_\u7e70\u308a\u8fd4\u3057\u5fdc\u7b54": 0.015981735661625862, "train/f1score_label_\u7e70\u308a\u8fd4\u3057\u5fdc\u7b54": 0.027468934655189514, "train/accuracy_label_\u540c\u610f": 0.9489468932151794, "train/presicion_label_\u540c\u610f": 0.06666667014360428, "train/recall_label_\u540c\u610f": 0.006045949179679155, "train/f1score_label_\u540c\u610f": 0.011086474172770977, "train/accuracy_label_\u7d0d\u5f97": 0.9492330551147461, "train/presicion_label_\u7d0d\u5f97": 0.07188160717487335, "train/recall_label_\u7d0d\u5f97": 0.07053942233324051, "train/f1score_label_\u7d0d\u5f97": 0.07120418548583984, "train/accuracy_label_\u9a5a\u304d": 0.977277934551239, "train/presicion_label_\u9a5a\u304d": 0.0, "train/recall_label_\u9a5a\u304d": 0.0, "train/f1score_label_\u9a5a\u304d": 0.0, "train/accuracy_label_\u8a00\u3044\u63db\u3048": 0.9975389242172241, "train/presicion_label_\u8a00\u3044\u63db\u3048": 0.0, "train/recall_label_\u8a00\u3044\u63db\u3048": 0.0, "train/f1score_label_\u8a00\u3044\u63db\u3048": 0.0, "train/accuracy_label_\u610f\u898b": 0.9899839758872986, "train/presicion_label_\u610f\u898b": 0.0, "train/recall_label_\u610f\u898b": 0.0, "train/f1score_label_\u610f\u898b": 0.0, "train/accuracy_label_\u8003\u3048\u3066\u3044\u308b\u6700\u4e2d": 0.9874656796455383, "train/presicion_label_\u8003\u3048\u3066\u3044\u308b\u6700\u4e2d": 0.0, "train/recall_label_\u8003\u3048\u3066\u3044\u308b\u6700\u4e2d": 0.0, "train/f1score_label_\u8003\u3048\u3066\u3044\u308b\u6700\u4e2d": 0.0, "train/accuracy_label_\u4e0d\u540c\u610f": 0.9940476417541504, "train/presicion_label_\u4e0d\u540c\u610f": 0.0, "train/recall_label_\u4e0d\u540c\u610f": 0.0, "train/f1score_label_\u4e0d\u540c\u610f": 0.0, "train/accuracy_label_\u88dc\u5b8c": 0.9867788553237915, "train/presicion_label_\u88dc\u5b8c": 0.0, "train/recall_label_\u88dc\u5b8c": 0.0, "train/f1score_label_\u88dc\u5b8c": 0.0, "train/accuracy_label_\u3042\u3044\u3055\u3064": 0.9911859035491943, "train/presicion_label_\u3042\u3044\u3055\u3064": 0.0, "train/recall_label_\u3042\u3044\u3055\u3064": 0.0, "train/f1score_label_\u3042\u3044\u3055\u3064": 0.0, "train/accuracy_label_\u60f3\u8d77": 0.9848901033401489, "train/presicion_label_\u60f3\u8d77": 0.0, "train/recall_label_\u60f3\u8d77": 0.0, "train/f1score_label_\u60f3\u8d77": 0.0, "train/accuracy_label_\u9a5a\u304d\u3068\u3044\u3076\u304b\u308a": 0.9993131756782532, "train/presicion_label_\u9a5a\u304d\u3068\u3044\u3076\u304b\u308a": 0.0, "train/recall_label_\u9a5a\u304d\u3068\u3044\u3076\u304b\u308a": 0.0, "train/f1score_label_\u9a5a\u304d\u3068\u3044\u3076\u304b\u308a": 0.0, "train/accuracy_label_\u305d\u306e\u4ed6": 0.9510645866394043, "train/presicion_label_\u305d\u306e\u4ed6": 0.0357142873108387, "train/recall_label_\u305d\u306e\u4ed6": 0.0024906599428504705, "train/f1score_label_\u305d\u306e\u4ed6": 0.004656577482819557, "test_loss": 0.6889922022819519, "test/multilabelaccuracy": 0.9438878297805786, "test/multilabelprecision": 0.0783722922205925,