{"train/loss": 0.691042423248291, "epoch": 4, "trainer/global_step": 1860, "_timestamp": 1705463443.110683, "_runtime": 863.5563490390778, "_step": 45, "val_loss": 0.6836516261100769, "val/multilabelaccuracy": 0.8849649429321289, "val/multilabelprecision": 0.08679092675447464, "val/multilabelrecall": 0.11091548949480057, "val/multilabelf1score": 0.0973813384771347, "val/multilabelmatthewscorrcoef": 0.5063335299491882, "val/accuracy_label_\u3042\u3044\u3065\u3061": 0.6727713346481323, "val/presicion_label_\u3042\u3044\u3065\u3061": 0.6943274140357971, "val/recall_label_\u3042\u3044\u3065\u3061": 0.8873239159584045, "val/f1score_label_\u3042\u3044\u3065\u3061": 0.7790507078170776, "val/accuracy_label_\u611f\u5fc3": 0.7007810473442078, "val/presicion_label_\u611f\u5fc3": 0.0, "val/recall_label_\u611f\u5fc3": 0.0, "val/f1score_label_\u611f\u5fc3": 0.0, "val/accuracy_label_\u8a55\u4fa1": 0.9569081664085388, "val/presicion_label_\u8a55\u4fa1": 0.0, "val/recall_label_\u8a55\u4fa1": 0.0, "val/f1score_label_\u8a55\u4fa1": 0.0, "val/accuracy_label_\u7e70\u308a\u8fd4\u3057\u5fdc\u7b54": 0.9240506291389465, "val/presicion_label_\u7e70\u308a\u8fd4\u3057\u5fdc\u7b54": 0.0, "val/recall_label_\u7e70\u308a\u8fd4\u3057\u5fdc\u7b54": 0.0, "val/f1score_label_\u7e70\u308a\u8fd4\u3057\u5fdc\u7b54": 0.0, "val/accuracy_label_\u540c\u610f": 0.9536762833595276, "val/presicion_label_\u540c\u610f": 0.0, "val/recall_label_\u540c\u610f": 0.0, "val/f1score_label_\u540c\u610f": 0.0, "val/accuracy_label_\u7d0d\u5f97": 0.9711823463439941, "val/presicion_label_\u7d0d\u5f97": 0.0, "val/recall_label_\u7d0d\u5f97": 0.0, "val/f1score_label_\u7d0d\u5f97": 0.0, "val/accuracy_label_\u9a5a\u304d": 0.9709129929542542, "val/presicion_label_\u9a5a\u304d": 0.0, "val/recall_label_\u9a5a\u304d": 0.0, "val/f1score_label_\u9a5a\u304d": 0.0, "val/accuracy_label_\u305d\u306e\u4ed6": 0.9294371008872986, "val/presicion_label_\u305d\u306e\u4ed6": 0.0, "val/recall_label_\u305d\u306e\u4ed6": 0.0, "val/f1score_label_\u305d\u306e\u4ed6": 0.0, "train_loss": 0.6841191649436951, "train/multilabelaccuracy": 0.8813468217849731, "train/multilabelprecision": 0.15567082166671753, "train/multilabelrecall": 0.12129433453083038, "train/multilabelf1score": 0.11049782484769821, "train/multilabelmatthewscorrcoef": 0.4949577748775482, "train/accuracy_label_\u3042\u3044\u3065\u3061": 0.6684848666191101, "train/presicion_label_\u3042\u3044\u3065\u3061": 0.6903589963912964, "train/recall_label_\u3042\u3044\u3065\u3061": 0.8874714970588684, "train/f1score_label_\u3042\u3044\u3065\u3061": 0.7766029834747314, "train/accuracy_label_\u611f\u5fc3": 0.701683521270752, "train/presicion_label_\u611f\u5fc3": 0.1428571492433548, "train/recall_label_\u611f\u5fc3": 0.00022598869691137224, "train/f1score_label_\u611f\u5fc3": 0.0004512635350693017, "train/accuracy_label_\u8a55\u4fa1": 0.9565656781196594, "train/presicion_label_\u8a55\u4fa1": 0.0, "train/recall_label_\u8a55\u4fa1": 0.0, "train/f1score_label_\u8a55\u4fa1": 0.0, "train/accuracy_label_\u7e70\u308a\u8fd4\u3057\u5fdc\u7b54": 0.9236363768577576, "train/presicion_label_\u7e70\u308a\u8fd4\u3057\u5fdc\u7b54": 0.27272728085517883, "train/recall_label_\u7e70\u308a\u8fd4\u3057\u5fdc\u7b54": 0.002657218836247921, "train/f1score_label_\u7e70\u308a\u8fd4\u3057\u5fdc\u7b54": 0.005263158120214939, "train/accuracy_label_\u540c\u610f": 0.9309764504432678, "train/presicion_label_\u540c\u610f": 0.13942307233810425, "train/recall_label_\u540c\u610f": 0.07999999821186066, "train/f1score_label_\u540c\u610f": 0.1016652062535286, "train/accuracy_label_\u7d0d\u5f97": 0.9723232388496399, "train/presicion_label_\u7d0d\u5f97": 0.0, "train/recall_label_\u7d0d\u5f97": 0.0, "train/f1score_label_\u7d0d\u5f97": 0.0, "train/accuracy_label_\u9a5a\u304d": 0.9769023656845093, "train/presicion_label_\u9a5a\u304d": 0.0, "train/recall_label_\u9a5a\u304d": 0.0, "train/f1score_label_\u9a5a\u304d": 0.0, "train/accuracy_label_\u305d\u306e\u4ed6": 0.9202020168304443, "train/presicion_label_\u305d\u306e\u4ed6": 0.0, "train/recall_label_\u305d\u306e\u4ed6": 0.0, "train/f1score_label_\u305d\u306e\u4ed6": 0.0, "test_loss": 0.6849969029426575, "test/multilabelaccuracy": 0.8852705955505371, "test/multilabelprecision": 0.08367854356765747, "test/multilabelrecall": 0.11219728738069534, "test/multilabelf1score": 0.09586180746555328, "test/multilabelmatthewscorrcoef": 0.49889445304870605, "test/accuracy_label_\u3042\u3044\u3065\u3061": 0.6556365489959717, "test/presicion_label_\u3042\u3044\u3065\u3061": 0.6694283485412598, "test/recall_label_\u3042\u3044\u3065\u3061": 0.8975782990455627, "test/f1score_label_\u3042\u3044\u3065\u3061": 0.7668944597244263, "test/accuracy_label_\u611f\u5fc3": 0.7035894393920898, "test/presicion_label_\u611f\u5fc3": 0.0, "test/recall_label_\u611f\u5fc3": 0.0, "test/f1score_label_\u611f\u5fc3": 0.0, "test/accuracy_label_\u8a55\u4fa1": 0.9657880067825317, "test/presicion_label_\u8a55\u4fa1": 0.0, "test/recall_label_\u8a55\u4fa1": 0.0, "test/f1score_label_\u8a55\u4fa1": 0.0, "test/accuracy_label_\u7e70\u308a\u8fd4\u3057\u5fdc\u7b54": 0.9151710867881775, "test/presicion_label_\u7e70\u308a\u8fd4\u3057\u5fdc\u7b54": 0.0, "test/recall_label_\u7e70\u308a\u8fd4\u3057\u5fdc\u7b54": 0.0, "test/f1score_label_\u7e70\u308a\u8fd4\u3057\u5fdc\u7b54": 0.0, "test/accuracy_label_\u540c\u610f": 0.9584969282150269, "test/presicion_label_\u540c\u610f": 0.0, "test/recall_label_\u540c\u610f": 0.0, "test/f1score_label_\u540c\u610f": 0.0, "test/accuracy_label_\u7d0d\u5f97": 0.9662086367607117, "test/presicion_label_\u7d0d\u5f97": 0.0, "test/recall_label_\u7d0d\u5f97": 0.0, "test/f1score_label_\u7d0d\u5f97": 0.0, "test/accuracy_label_\u9a5a\u304d": 0.9823331236839294, "test/presicion_label_\u9a5a\u304d": 0.0, "test/recall_label_\u9a5a\u304d": 0.0, "test/f1score_label_\u9a5a\u304d": 0.0, "test/accuracy_label_\u305d\u306e\u4ed6": 0.9349411129951477, "test/presicion_label_\u305d\u306e\u4ed6": 0.0, "test/recall_label_\u305d\u306e\u4ed6": 0.0, "test/f1score_label_\u305d\u306e\u4ed6": 0.0, "_wandb": {"runtime": 863}}