{"val_loss": 0.6885234713554382, "val/multilabelaccuracy": 0.9381097555160522, "val/multilabelprecision": 0.07178507000207901, "val/multilabelrecall": 0.09218102693557739, "val/multilabelf1score": 0.08008719980716705, "val/multilabelmatthewscorrcoef": 0.584033191204071, "epoch": 3, "trainer/global_step": 103, "_timestamp": 1702434097.1871943, "_runtime": 189.1112253665924, "_step": 9, "train_loss": 0.689455509185791, "train/multilabelaccuracy": 0.9345238208770752, "train/multilabelprecision": 0.07698358595371246, "train/multilabelrecall": 0.08251953125, "train/multilabelf1score": 0.0748138502240181, "train/multilabelmatthewscorrcoef": 0.5506060123443604, "train/accuracy_label_0": 0.642246663570404, "train/presicion_label_0": 0.6418092846870422, "train/recall_label_0": 1.0, "train/f1score_label_0": 0.7818317413330078, "train/accuracy_label_1": 0.7179487347602844, "train/presicion_label_1": 0.5899280309677124, "train/recall_label_1": 0.3203125, "train/f1score_label_1": 0.41518986225128174, "train/accuracy_label_2": 0.920634925365448, "train/presicion_label_2": 0.0, "train/recall_label_2": 0.0, "train/f1score_label_2": 0.0, "train/accuracy_label_3": 0.9645909667015076, "train/presicion_label_3": 0.0, "train/recall_label_3": 0.0, "train/f1score_label_3": 0.0, "train/accuracy_label_4": 0.9084249138832092, "train/presicion_label_4": 0.0, "train/recall_label_4": 0.0, "train/f1score_label_4": 0.0, "train/accuracy_label_5": 0.9633699655532837, "train/presicion_label_5": 0.0, "train/recall_label_5": 0.0, "train/f1score_label_5": 0.0, "train/accuracy_label_6": 0.9645909667015076, "train/presicion_label_6": 0.0, "train/recall_label_6": 0.0, "train/f1score_label_6": 0.0, "train/accuracy_label_7": 0.9914529919624329, "train/presicion_label_7": 0.0, "train/recall_label_7": 0.0, "train/f1score_label_7": 0.0, "train/accuracy_label_8": 0.9768009781837463, "train/presicion_label_8": 0.0, "train/recall_label_8": 0.0, "train/f1score_label_8": 0.0, "train/accuracy_label_9": 0.9877899885177612, "train/presicion_label_9": 0.0, "train/recall_label_9": 0.0, "train/f1score_label_9": 0.0, "train/accuracy_label_10": 0.9938949942588806, "train/presicion_label_10": 0.0, "train/recall_label_10": 0.0, "train/f1score_label_10": 0.0, "train/accuracy_label_11": 0.9841269850730896, "train/presicion_label_11": 0.0, "train/recall_label_11": 0.0, "train/f1score_label_11": 0.0, "train/accuracy_label_12": 0.9951159954071045, "train/presicion_label_12": 0.0, "train/recall_label_12": 0.0, "train/f1score_label_12": 0.0, "train/accuracy_label_13": 0.9938949942588806, "train/presicion_label_13": 0.0, "train/recall_label_13": 0.0, "train/f1score_label_13": 0.0, "train/accuracy_label_14": 0.9963369965553284, "train/presicion_label_14": 0.0, "train/recall_label_14": 0.0, "train/f1score_label_14": 0.0, "train/accuracy_label_15": 0.9511599540710449, "train/presicion_label_15": 0.0, "train/recall_label_15": 0.0, "train/f1score_label_15": 0.0, "train/loss": 0.6872167587280273, "_wandb": {"runtime": 194}}