{"val_loss": 0.6885666251182556, "val/multilabelaccuracy": 0.9396341443061829, "val/multilabelprecision": 0.08839691430330276, "val/multilabelrecall": 0.08808876574039459, "val/multilabelf1score": 0.08360446244478226, "val/multilabelmatthewscorrcoef": 0.5742229223251343, "epoch": 3, "trainer/global_step": 103, "_timestamp": 1701929875.128683, "_runtime": 201.95934319496155, "_step": 9, "train_loss": 0.6893073916435242, "train/multilabelaccuracy": 0.9313949942588806, "train/multilabelprecision": 0.09530286490917206, "train/multilabelrecall": 0.08480840921401978, "train/multilabelf1score": 0.0782933160662651, "train/multilabelmatthewscorrcoef": 0.5265238881111145, "train/accuracy_label_0": 0.6446886658668518, "train/presicion_label_0": 0.6437346339225769, "train/recall_label_0": 0.9980952143669128, "train/f1score_label_0": 0.7826736569404602, "train/accuracy_label_1": 0.692307710647583, "train/presicion_label_1": 0.5199999809265137, "train/recall_label_1": 0.203125, "train/f1score_label_1": 0.2921348214149475, "train/accuracy_label_2": 0.920634925365448, "train/presicion_label_2": 0.0, "train/recall_label_2": 0.0, "train/f1score_label_2": 0.0, "train/accuracy_label_3": 0.9584859609603882, "train/presicion_label_3": 0.0, "train/recall_label_3": 0.0, "train/f1score_label_3": 0.0, "train/accuracy_label_4": 0.9169719219207764, "train/presicion_label_4": 0.0, "train/recall_label_4": 0.0, "train/f1score_label_4": 0.0, "train/accuracy_label_5": 0.9633699655532837, "train/presicion_label_5": 0.25, "train/recall_label_5": 0.0357142873108387, "train/f1score_label_5": 0.0625, "train/accuracy_label_6": 0.9438339471817017, "train/presicion_label_6": 0.1111111119389534, "train/recall_label_6": 0.11999999731779099, "train/f1score_label_6": 0.11538461595773697, "train/accuracy_label_7": 0.9975579977035522, "train/presicion_label_7": 0.0, "train/recall_label_7": 0.0, "train/f1score_label_7": 0.0, "train/accuracy_label_8": 0.9755799770355225, "train/presicion_label_8": 0.0, "train/recall_label_8": 0.0, "train/f1score_label_8": 0.0, "train/accuracy_label_9": 0.9914529919624329, "train/presicion_label_9": 0.0, "train/recall_label_9": 0.0, "train/f1score_label_9": 0.0, "train/accuracy_label_10": 0.9890109896659851, "train/presicion_label_10": 0.0, "train/recall_label_10": 0.0, "train/f1score_label_10": 0.0, "train/accuracy_label_11": 0.9768009781837463, "train/presicion_label_11": 0.0, "train/recall_label_11": 0.0, "train/f1score_label_11": 0.0, "train/accuracy_label_12": 0.9890109896659851, "train/presicion_label_12": 0.0, "train/recall_label_12": 0.0, "train/f1score_label_12": 0.0, "train/accuracy_label_13": 0.9987789988517761, "train/presicion_label_13": 0.0, "train/recall_label_13": 0.0, "train/f1score_label_13": 0.0, "train/accuracy_label_14": 0.9914529919624329, "train/presicion_label_14": 0.0, "train/recall_label_14": 0.0, "train/f1score_label_14": 0.0, "train/accuracy_label_15": 0.9523809552192688, "train/presicion_label_15": 0.0, "train/recall_label_15": 0.0, "train/f1score_label_15": 0.0, "train/loss": 0.6897865533828735, "_wandb": {"runtime": 207}}