{"val_loss": 0.6895419955253601, "val/multilabelaccuracy": 0.9396341443061829, "val/multilabelprecision": 0.07440075278282166, "val/multilabelrecall": 0.0792410671710968, "val/multilabelf1score": 0.07235036790370941, "val/multilabelmatthewscorrcoef": 0.5755999684333801, "epoch": 4, "trainer/global_step": 104, "_timestamp": 1702436212.948292, "_runtime": 197.40187406539917, "_step": 11, "train_loss": 0.6907190680503845, "train/multilabelaccuracy": 0.933226466178894, "train/multilabelprecision": 0.08332046121358871, "train/multilabelrecall": 0.08338120579719543, "train/multilabelf1score": 0.07517914474010468, "train/multilabelmatthewscorrcoef": 0.5442027449607849, "train/accuracy_label_0": 0.6410256624221802, "train/presicion_label_0": 0.6410256624221802, "train/recall_label_0": 1.0, "train/f1score_label_0": 0.78125, "train/accuracy_label_1": 0.6752136945724487, "train/presicion_label_1": 0.46987950801849365, "train/recall_label_1": 0.3046875, "train/f1score_label_1": 0.36966824531555176, "train/accuracy_label_2": 0.9120879173278809, "train/presicion_label_2": 0.0, "train/recall_label_2": 0.0, "train/f1score_label_2": 0.0, "train/accuracy_label_3": 0.9633699655532837, "train/presicion_label_3": 0.0, "train/recall_label_3": 0.0, "train/f1score_label_3": 0.0, "train/accuracy_label_4": 0.910866916179657, "train/presicion_label_4": 0.2222222238779068, "train/recall_label_4": 0.029411764815449715, "train/f1score_label_4": 0.051948051899671555, "train/accuracy_label_5": 0.9548229575157166, "train/presicion_label_5": 0.0, "train/recall_label_5": 0.0, "train/f1score_label_5": 0.0, "train/accuracy_label_6": 0.9645909667015076, "train/presicion_label_6": 0.0, "train/recall_label_6": 0.0, "train/f1score_label_6": 0.0, "train/accuracy_label_7": 1.0, "train/presicion_label_7": 0.0, "train/recall_label_7": 0.0, "train/f1score_label_7": 0.0, "train/accuracy_label_8": 0.9829059839248657, "train/presicion_label_8": 0.0, "train/recall_label_8": 0.0, "train/f1score_label_8": 0.0, "train/accuracy_label_9": 0.9938949942588806, "train/presicion_label_9": 0.0, "train/recall_label_9": 0.0, "train/f1score_label_9": 0.0, "train/accuracy_label_10": 0.9987789988517761, "train/presicion_label_10": 0.0, "train/recall_label_10": 0.0, "train/f1score_label_10": 0.0, "train/accuracy_label_11": 0.9877899885177612, "train/presicion_label_11": 0.0, "train/recall_label_11": 0.0, "train/f1score_label_11": 0.0, "train/accuracy_label_12": 1.0, "train/presicion_label_12": 0.0, "train/recall_label_12": 0.0, "train/f1score_label_12": 0.0, "train/accuracy_label_13": 0.9951159954071045, "train/presicion_label_13": 0.0, "train/recall_label_13": 0.0, "train/f1score_label_13": 0.0, "train/accuracy_label_14": 0.9987789988517761, "train/presicion_label_14": 0.0, "train/recall_label_14": 0.0, "train/f1score_label_14": 0.0, "train/accuracy_label_15": 0.9523809552192688, "train/presicion_label_15": 0.0, "train/recall_label_15": 0.0, "train/f1score_label_15": 0.0, "train/loss": 0.6907171010971069, "test/confusion_matrix_0_table": {"_type": "table-file", "sha256": "651c021aead6e2de7386d6f9c070eb29ffb463c46cda3b65c6effd76c109f81a", "size": 14272, "artifact_path": "wandb-client-artifact://770qbfvj94g44pqdv17v187736qju9hvnlmdrf0kgqehlkbixuopurxxkm43lf34qnqwwsqxgoduu11dzuz2x2u9w2im8ljxm45niw0v9omvsrawsy5rxqp8h3rrratd:latest/test/confusion_matrix_0_table.table.json", "_latest_artifact_path": "wandb-client-artifact://770qbfvj94g44pqdv17v187736qju9hvnlmdrf0kgqehlkbixuopurxxkm43lf34qnqwwsqxgoduu11dzuz2x2u9w2im8ljxm45niw0v9omvsrawsy5rxqp8h3rrratd:latest/test/confusion_matrix_0_table.table.json", "path": "media/table/test/confusion_matrix_0_table_10_651c021aead6e2de7386.table.json", "ncols": 3, "nrows": 256}, "test/confusion_matrix_1_table": {"_type": "table-file", "sha256": "c035498cc74b99d58568861a9a439a2c0e9170f967202e1c50cdc89bd67570b7", "size": 14272, "artifact_path": "wandb-client-artifact://8fbfqyduu59yvj4nm4hviutm3ngqfyb4pwgxwat7w5lqm5lzvbmnian2c4lhgqhileagxx251l7zhpmvkt2o7laqle3jmlwhbb85uqv5uy70cx0jqmthbiuhctclopdf:latest/test/confusion_matrix_1_table.table.json", "_latest_artifact_path": "wandb-client-artifact://8fbfqyduu59yvj4nm4hviutm3ngqfyb4pwgxwat7w5lqm5lzvbmnian2c4lhgqhileagxx251l7zhpmvkt2o7laqle3jmlwhbb85uqv5uy70cx0jqmthbiuhctclopdf:latest/test/confusion_matrix_1_table.table.json", "path": "media/table/test/confusion_matrix_1_table_10_c035498cc74b99d58568.table.json", "ncols": 3, "nrows": 256}, "test/confusion_matrix_2_table": {"_type": "table-file", "sha256": "129c02b6d21bebc6bd3333b15cc9e1b04f8703d2c3d1065ee09edf55934ffd99", "size": 14273, "artifact_path": "wandb-client-artifact://fax2yxsek402ezd071p4uo2kwb4lmxipch4b0hp6eor2kzchzd7jm8dlfvv4n8w6p9gy3nabhioutpqby68z4i25eyctr69x6wltghuni0thz9oqk6us1x2djhnadka3:latest/test/confusion_matrix_2_table.table.json", "_latest_artifact_path": "wandb-client-artifact://fax2yxsek402ezd071p4uo2kwb4lmxipch4b0hp6eor2kzchzd7jm8dlfvv4n8w6p9gy3nabhioutpqby68z4i25eyctr69x6wltghuni0thz9oqk6us1x2djhnadka3:latest/test/confusion_matrix_2_table.table.json", "path": "media/table/test/confusion_matrix_2_table_10_129c02b6d21bebc6bd33.table.json", "ncols": 3, "nrows": 256}, "test/confusion_matrix_3_table": {"_type": "table-file", "sha256": "b61803c8efcbf89790ab9dc53a06bf4471d67495a87741f69e76456f2f0056c9", "size": 14272, "artifact_path": "wandb-client-artifact://8v6n3luj5ct72xxapm5a6zvxgh615xa42nooq1wx9dyc31v0vf9axnux8oxvqye8g1g0h2555smbi3en7h5efjmlwlt2kgfi4fxwzsbnmlfkyrb1euuwpdwfj58gv4ym:latest/test/confusion_matrix_3_table.table.json", "_latest_artifact_path": "wandb-client-artifact://8v6n3luj5ct72xxapm5a6zvxgh615xa42nooq1wx9dyc31v0vf9axnux8oxvqye8g1g0h2555smbi3en7h5efjmlwlt2kgfi4fxwzsbnmlfkyrb1euuwpdwfj58gv4ym:latest/test/confusion_matrix_3_table.table.json", "path": "media/table/test/confusion_matrix_3_table_10_b61803c8efcbf89790ab.table.json", "ncols": 3, "nrows": 256}, "test/confusion_matrix_4_table": {"_type": "table-file", "sha256": "3f2fca7ed904d1e267f921c2bf301550c73a07378eef76d378e9b61cdbcc1b8b", "size": 14273, "artifact_path": "wandb-client-artifact://2stjjvkjh76vkx5hsh8t5itqy40b4bmv3ginez9r8lceomqt3q22uwpfch20nu9jndjeld4zgbzg3gl39xvzweh9d6rhltzofi3j3p2vd3mtderbogmcjrdjy6u295ih:latest/test/confusion_matrix_4_table.table.json", "_latest_artifact_path": "wandb-client-artifact://2stjjvkjh76vkx5hsh8t5itqy40b4bmv3ginez9r8lceomqt3q22uwpfch20nu9jndjeld4zgbzg3gl39xvzweh9d6rhltzofi3j3p2vd3mtderbogmcjrdjy6u295ih:latest/test/confusion_matrix_4_table.table.json", "path": "media/table/test/confusion_matrix_4_table_10_3f2fca7ed904d1e267f9.table.json", "ncols": 3, "nrows": 256}, "test/confusion_matrix_5_table": {"_type": "table-file", "sha256": "0bb30612170049e4756e125bc2454a0bea6da6c19d7bdb6b9a088a724ef588bc", "size": 14272, "artifact_path": "wandb-client-artifact://n0btziscpxd984u2nnsapz4wtj230sigtfv1fltwymzdcy724bm6r8cyqzqnp2fmuwo0li71c28n27fwlfr1nvzjd6wybocr467vexp3fxdln4uy9m4s5qemtod11frd:latest/test/confusion_matrix_5_table.table.json", "_latest_artifact_path": "wandb-client-artifact://n0btziscpxd984u2nnsapz4wtj230sigtfv1fltwymzdcy724bm6r8cyqzqnp2fmuwo0li71c28n27fwlfr1nvzjd6wybocr467vexp3fxdln4uy9m4s5qemtod11frd:latest/test/confusion_matrix_5_table.table.json", "path": "media/table/test/confusion_matrix_5_table_10_0bb30612170049e4756e.table.json", "ncols": 3, "nrows": 256}, "test/confusion_matrix_6_table": {"_type": "table-file", "sha256": "56362edaec100a8272963e5beccb56d2dc59c2d3bcfe3cd64a8bc31bf00596e4", "size": 14272, "artifact_path": "wandb-client-artifact://80neqckngz5c35ganomai15qnyzsqbavd8cx7ep6f9uj71o2xerfvsqdkcytpo3wmtfdsm7hjvxt3nhn8ggrfzxu86go1cguqyq6ipfl01aqqhda75pbqcxanadawpej:latest/test/confusion_matrix_6_table.table.json", "_latest_artifact_path": "wandb-client-artifact://80neqckngz5c35ganomai15qnyzsqbavd8cx7ep6f9uj71o2xerfvsqdkcytpo3wmtfdsm7hjvxt3nhn8ggrfzxu86go1cguqyq6ipfl01aqqhda75pbqcxanadawpej:latest/test/confusion_matrix_6_table.table.json", "path": "media/table/test/confusion_matrix_6_table_10_56362edaec100a827296.table.json", "ncols": 3, "nrows": 256},