{"train/loss": 0.6879117488861084, "epoch": 4, "trainer/global_step": 2184, "_timestamp": 1702527337.769323, "_runtime": 3375.1631650924683, "_step": 51, "val_loss": 0.6869206428527832, "val/multilabelaccuracy": 0.9425938129425049, "val/multilabelprecision": 0.08175870776176453, "val/multilabelrecall": 0.07068920880556107, "val/multilabelf1score": 0.07454268634319305, "val/multilabelmatthewscorrcoef": 0.5470689535140991, "val/accuracy_label_\u3042\u3044\u3065\u3061": 0.6561355590820312, "val/presicion_label_\u3042\u3044\u3065\u3061": 0.718300461769104, "val/recall_label_\u3042\u3044\u3065\u3061": 0.7648735046386719, "val/f1score_label_\u3042\u3044\u3065\u3061": 0.7408557534217834, "val/accuracy_label_\u611f\u5fc3": 0.7355769276618958, "val/presicion_label_\u611f\u5fc3": 0.5898389220237732, "val/recall_label_\u611f\u5fc3": 0.3661538362503052, "val/f1score_label_\u611f\u5fc3": 0.4518272280693054, "val/accuracy_label_\u8a55\u4fa1": 0.9555860757827759, "val/presicion_label_\u8a55\u4fa1": 0.0, "val/recall_label_\u8a55\u4fa1": 0.0, "val/f1score_label_\u8a55\u4fa1": 0.0, "val/accuracy_label_\u7e70\u308a\u8fd4\u3057\u5fdc\u7b54": 0.9175823926925659, "val/presicion_label_\u7e70\u308a\u8fd4\u3057\u5fdc\u7b54": 0.0, "val/recall_label_\u7e70\u308a\u8fd4\u3057\u5fdc\u7b54": 0.0, "val/f1score_label_\u7e70\u308a\u8fd4\u3057\u5fdc\u7b54": 0.0, "val/accuracy_label_\u540c\u610f": 0.9553571343421936, "val/presicion_label_\u540c\u610f": 0.0, "val/recall_label_\u540c\u610f": 0.0, "val/f1score_label_\u540c\u610f": 0.0, "val/accuracy_label_\u7d0d\u5f97": 0.9686355590820312, "val/presicion_label_\u7d0d\u5f97": 0.0, "val/recall_label_\u7d0d\u5f97": 0.0, "val/f1score_label_\u7d0d\u5f97": 0.0, "val/accuracy_label_\u9a5a\u304d": 0.9732142686843872, "val/presicion_label_\u9a5a\u304d": 0.0, "val/recall_label_\u9a5a\u304d": 0.0, "val/f1score_label_\u9a5a\u304d": 0.0, "val/accuracy_label_\u8a00\u3044\u63db\u3048": 1.0, "val/presicion_label_\u8a00\u3044\u63db\u3048": 0.0, "val/recall_label_\u8a00\u3044\u63db\u3048": 0.0, "val/f1score_label_\u8a00\u3044\u63db\u3048": 0.0, "val/accuracy_label_\u610f\u898b": 0.9913003444671631, "val/presicion_label_\u610f\u898b": 0.0, "val/recall_label_\u610f\u898b": 0.0, "val/f1score_label_\u610f\u898b": 0.0, "val/accuracy_label_\u8003\u3048\u3066\u3044\u308b\u6700\u4e2d": 0.997710645198822, "val/presicion_label_\u8003\u3048\u3066\u3044\u308b\u6700\u4e2d": 0.0, "val/recall_label_\u8003\u3048\u3066\u3044\u308b\u6700\u4e2d": 0.0, "val/f1score_label_\u8003\u3048\u3066\u3044\u308b\u6700\u4e2d": 0.0, "val/accuracy_label_\u4e0d\u540c\u610f": 0.9926739931106567, "val/presicion_label_\u4e0d\u540c\u610f": 0.0, "val/recall_label_\u4e0d\u540c\u610f": 0.0, "val/f1score_label_\u4e0d\u540c\u610f": 0.0, "val/accuracy_label_\u88dc\u5b8c": 0.9919871687889099, "val/presicion_label_\u88dc\u5b8c": 0.0, "val/recall_label_\u88dc\u5b8c": 0.0, "val/f1score_label_\u88dc\u5b8c": 0.0, "val/accuracy_label_\u3042\u3044\u3055\u3064": 0.997710645198822, "val/presicion_label_\u3042\u3044\u3055\u3064": 0.0, "val/recall_label_\u3042\u3044\u3055\u3064": 0.0, "val/f1score_label_\u3042\u3044\u3055\u3064": 0.0, "val/accuracy_label_\u60f3\u8d77": 0.9988552927970886, "val/presicion_label_\u60f3\u8d77": 0.0, "val/recall_label_\u60f3\u8d77": 0.0, "val/f1score_label_\u60f3\u8d77": 0.0, "val/accuracy_label_\u9a5a\u304d\u3068\u3044\u3076\u304b\u308a": 0.9990842342376709, "val/presicion_label_\u9a5a\u304d\u3068\u3044\u3076\u304b\u308a": 0.0, "val/recall_label_\u9a5a\u304d\u3068\u3044\u3076\u304b\u308a": 0.0, "val/f1score_label_\u9a5a\u304d\u3068\u3044\u3076\u304b\u308a": 0.0, "val/accuracy_label_\u305d\u306e\u4ed6": 0.9500916004180908, "val/presicion_label_\u305d\u306e\u4ed6": 0.0, "val/recall_label_\u305d\u306e\u4ed6": 0.0, "val/f1score_label_\u305d\u306e\u4ed6": 0.0, "train_loss": 0.6864505410194397, "train/multilabelaccuracy": 0.9435990452766418, "train/multilabelprecision": 0.12566252052783966, "train/multilabelrecall": 0.07881158590316772, "train/multilabelf1score": 0.08382165431976318, "train/multilabelmatthewscorrcoef": 0.5643624067306519, "train/accuracy_label_\u3042\u3044\u3065\u3061": 0.6632326245307922, "train/presicion_label_\u3042\u3044\u3065\u3061": 0.7044205069541931, "train/recall_label_\u3042\u3044\u3065\u3061": 0.8268364071846008, "train/f1score_label_\u3042\u3044\u3065\u3061": 0.7607352137565613, "train/accuracy_label_\u611f\u5fc3": 0.7484546899795532, "train/presicion_label_\u611f\u5fc3": 0.6295680999755859, "train/recall_label_\u611f\u5fc3": 0.3661835789680481, "train/f1score_label_\u611f\u5fc3": 0.46304214000701904, "train/accuracy_label_\u8a55\u4fa1": 0.9591346383094788, "train/presicion_label_\u8a55\u4fa1": 0.0, "train/recall_label_\u8a55\u4fa1": 0.0, "train/f1score_label_\u8a55\u4fa1": 0.0, "train/accuracy_label_\u7e70\u308a\u8fd4\u3057\u5fdc\u7b54": 0.9227335453033447, "train/presicion_label_\u7e70\u308a\u8fd4\u3057\u5fdc\u7b54": 0.125, "train/recall_label_\u7e70\u308a\u8fd4\u3057\u5fdc\u7b54": 0.004566209856420755, "train/f1score_label_\u7e70\u308a\u8fd4\u3057\u5fdc\u7b54": 0.008810572326183319, "train/accuracy_label_\u540c\u610f": 0.9488323926925659, "train/presicion_label_\u540c\u610f": 0.1318681389093399, "train/recall_label_\u540c\u610f": 0.014510277658700943, "train/f1score_label_\u540c\u610f": 0.026143791154026985, "train/accuracy_label_\u7d0d\u5f97": 0.9713827967643738, "train/presicion_label_\u7d0d\u5f97": 0.0, "train/recall_label_\u7d0d\u5f97": 0.0, "train/f1score_label_\u7d0d\u5f97": 0.0, "train/accuracy_label_\u9a5a\u304d": 0.9736149311065674, "train/presicion_label_\u9a5a\u304d": 0.08974359184503555, "train/recall_label_\u9a5a\u304d": 0.017632242292165756, "train/f1score_label_\u9a5a\u304d": 0.0294736847281456, "train/accuracy_label_\u8a00\u3044\u63db\u3048": 0.9995421171188354, "train/presicion_label_\u8a00\u3044\u63db\u3048": 0.0, "train/recall_label_\u8a00\u3044\u63db\u3048": 0.0, "train/f1score_label_\u8a00\u3044\u63db\u3048": 0.0, "train/accuracy_label_\u610f\u898b": 0.9898695349693298, "train/presicion_label_\u610f\u898b": 0.0, "train/recall_label_\u610f\u898b": 0.0, "train/f1score_label_\u610f\u898b": 0.0, "train/accuracy_label_\u8003\u3048\u3066\u3044\u308b\u6700\u4e2d": 0.9943910241127014, "train/presicion_label_\u8003\u3048\u3066\u3044\u308b\u6700\u4e2d": 0.0, "train/recall_label_\u8003\u3048\u3066\u3044\u308b\u6700\u4e2d": 0.0, "train/f1score_label_\u8003\u3048\u3066\u3044\u308b\u6700\u4e2d": 0.0, "train/accuracy_label_\u4e0d\u540c\u610f": 0.9942765831947327, "train/presicion_label_\u4e0d\u540c\u610f": 0.25, "train/recall_label_\u4e0d\u540c\u610f": 0.010204081423580647, "train/f1score_label_\u4e0d\u540c\u610f": 0.019607843831181526, "train/accuracy_label_\u88dc\u5b8c": 0.9867216348648071, "train/presicion_label_\u88dc\u5b8c": 0.07999999821186066, "train/recall_label_\u88dc\u5b8c": 0.021052632480859756, "train/f1score_label_\u88dc\u5b8c": 0.03333333507180214, "train/accuracy_label_\u3042\u3044\u3055\u3064": 0.9969093203544617, "train/presicion_label_\u3042\u3044\u3055\u3064": 0.0, "train/recall_label_\u3042\u3044\u3055\u3064": 0.0, "train/f1score_label_\u3042\u3044\u3055\u3064": 0.0, "train/accuracy_label_\u60f3\u8d77": 0.9961652755737305, "train/presicion_label_\u60f3\u8d77": 0.0, "train/recall_label_\u60f3\u8d77": 0.0, "train/f1score_label_\u60f3\u8d77": 0.0, "train/accuracy_label_\u9a5a\u304d\u3068\u3044\u3076\u304b\u308a": 0.9991414546966553, "train/presicion_label_\u9a5a\u304d\u3068\u3044\u3076\u304b\u308a": 0.0, "train/recall_label_\u9a5a\u304d\u3068\u3044\u3076\u304b\u308a": 0.0, "train/f1score_label_\u9a5a\u304d\u3068\u3044\u3076\u304b\u308a": 0.0, "train/accuracy_label_\u305d\u306e\u4ed6": 0.9531822204589844, "train/presicion_label_\u305d\u306e\u4ed6": 0.0, "train/recall_label_\u305d\u306e\u4ed6": 0.0, "train/f1score_label_\u305d\u306e\u4ed6": 0.0, "test_loss": 0.6869713664054871, "_wandb": {"runtime": 3375}}