{"val_loss": 0.6481449007987976, "val/multilabelaccuracy": 0.8256130814552307, "val/multilabelprecision": 0.14525923132896423, "val/multilabelrecall": 0.1726677417755127, "val/multilabelf1score": 0.15678779780864716, "val/multilabelmatthewscorrcoef": 0.525119960308075, "val/accuracy_label_\u3042\u3044\u3065\u3061": 0.9482288956642151, "val/presicion_label_\u3042\u3044\u3065\u3061": 0.9495798349380493, "val/recall_label_\u3042\u3044\u3065\u3061": 0.9970588088035583, "val/f1score_label_\u3042\u3044\u3065\u3061": 0.9727402925491333, "val/accuracy_label_\u611f\u5fc3": 0.891008198261261, "val/presicion_label_\u611f\u5fc3": 0.887005627155304, "val/recall_label_\u611f\u5fc3": 1.0, "val/f1score_label_\u611f\u5fc3": 0.940119743347168, "val/accuracy_label_\u8a55\u4fa1": 0.6376021504402161, "val/presicion_label_\u8a55\u4fa1": 0.4875621795654297, "val/recall_label_\u8a55\u4fa1": 0.765625, "val/f1score_label_\u8a55\u4fa1": 0.5957446694374084, "val/accuracy_label_\u7e70\u308a\u8fd4\u3057\u5fdc\u7b54": 0.42506811022758484, "val/presicion_label_\u7e70\u308a\u8fd4\u3057\u5fdc\u7b54": 0.0, "val/recall_label_\u7e70\u308a\u8fd4\u3057\u5fdc\u7b54": 0.0, "val/f1score_label_\u7e70\u308a\u8fd4\u3057\u5fdc\u7b54": 0.0, "val/accuracy_label_\u540c\u610f": 0.6376021504402161, "val/presicion_label_\u540c\u610f": 0.0, "val/recall_label_\u540c\u610f": 0.0, "val/f1score_label_\u540c\u610f": 0.0, "val/accuracy_label_\u7d0d\u5f97": 0.6948229074478149, "val/presicion_label_\u7d0d\u5f97": 0.0, "val/recall_label_\u7d0d\u5f97": 0.0, "val/f1score_label_\u7d0d\u5f97": 0.0, "val/accuracy_label_\u9a5a\u304d": 0.7874659299850464, "val/presicion_label_\u9a5a\u304d": 0.0, "val/recall_label_\u9a5a\u304d": 0.0, "val/f1score_label_\u9a5a\u304d": 0.0, "val/accuracy_label_\u8a00\u3044\u63db\u3048": 0.9972752332687378, "val/presicion_label_\u8a00\u3044\u63db\u3048": 0.0, "val/recall_label_\u8a00\u3044\u63db\u3048": 0.0, "val/f1score_label_\u8a00\u3044\u63db\u3048": 0.0, "val/accuracy_label_\u610f\u898b": 0.8719345927238464, "val/presicion_label_\u610f\u898b": 0.0, "val/recall_label_\u610f\u898b": 0.0, "val/f1score_label_\u610f\u898b": 0.0, "val/accuracy_label_\u8003\u3048\u3066\u3044\u308b\u6700\u4e2d": 0.9346048831939697, "val/presicion_label_\u8003\u3048\u3066\u3044\u308b\u6700\u4e2d": 0.0, "val/recall_label_\u8003\u3048\u3066\u3044\u308b\u6700\u4e2d": 0.0, "val/f1score_label_\u8003\u3048\u3066\u3044\u308b\u6700\u4e2d": 0.0, "val/accuracy_label_\u4e0d\u540c\u610f": 0.9564032554626465, "val/presicion_label_\u4e0d\u540c\u610f": 0.0, "val/recall_label_\u4e0d\u540c\u610f": 0.0, "val/f1score_label_\u4e0d\u540c\u610f": 0.0, "val/accuracy_label_\u88dc\u5b8c": 0.8228882551193237, "val/presicion_label_\u88dc\u5b8c": 0.0, "val/recall_label_\u88dc\u5b8c": 0.0, "val/f1score_label_\u88dc\u5b8c": 0.0, "val/accuracy_label_\u3042\u3044\u3055\u3064": 0.9700272679328918, "val/presicion_label_\u3042\u3044\u3055\u3064": 0.0, "val/recall_label_\u3042\u3044\u3055\u3064": 0.0, "val/f1score_label_\u3042\u3044\u3055\u3064": 0.0, "val/accuracy_label_\u60f3\u8d77": 0.9809264540672302, "val/presicion_label_\u60f3\u8d77": 0.0, "val/recall_label_\u60f3\u8d77": 0.0, "val/f1score_label_\u60f3\u8d77": 0.0, "val/accuracy_label_\u9a5a\u304d\u3068\u3044\u3076\u304b\u308a": 0.9945504069328308, "val/presicion_label_\u9a5a\u304d\u3068\u3044\u3076\u304b\u308a": 0.0, "val/recall_label_\u9a5a\u304d\u3068\u3044\u3076\u304b\u308a": 0.0, "val/f1score_label_\u9a5a\u304d\u3068\u3044\u3076\u304b\u308a": 0.0, "val/accuracy_label_\u305d\u306e\u4ed6": 0.6594005227088928, "val/presicion_label_\u305d\u306e\u4ed6": 0.0, "val/recall_label_\u305d\u306e\u4ed6": 0.0, "val/f1score_label_\u305d\u306e\u4ed6": 0.0, "epoch": 4, "trainer/global_step": 184, "_timestamp": 1704807617.9124577, "_runtime": 110.03004169464111, "_step": 11, "train_loss": 0.6493488550186157, "train/multilabelaccuracy": 0.8133958578109741, "train/multilabelprecision": 0.26528677344322205, "train/multilabelrecall": 0.19178004562854767, "train/multilabelf1score": 0.17748677730560303, "train/multilabelmatthewscorrcoef": 0.4940715432167053, "train/accuracy_label_\u3042\u3044\u3065\u3061": 0.9569965600967407, "train/presicion_label_\u3042\u3044\u3065\u3061": 0.9570339322090149, "train/recall_label_\u3042\u3044\u3065\u3061": 0.9992763996124268, "train/f1score_label_\u3042\u3044\u3065\u3061": 0.9776991009712219, "train/accuracy_label_\u611f\u5fc3": 0.849829375743866, "train/presicion_label_\u611f\u5fc3": 0.8551136255264282, "train/recall_label_\u611f\u5fc3": 0.9868852496147156, "train/f1score_label_\u611f\u5fc3": 0.9162861704826355, "train/accuracy_label_\u8a55\u4fa1": 0.6402730345726013, "train/presicion_label_\u8a55\u4fa1": 0.5029035806655884, "train/recall_label_\u8a55\u4fa1": 0.8139097690582275, "train/f1score_label_\u8a55\u4fa1": 0.6216798424720764, "train/accuracy_label_\u7e70\u308a\u8fd4\u3057\u5fdc\u7b54": 0.41843003034591675, "train/presicion_label_\u7e70\u308a\u8fd4\u3057\u5fdc\u7b54": 0.5833333134651184, "train/recall_label_\u7e70\u308a\u8fd4\u3057\u5fdc\u7b54": 0.008196720853447914, "train/f1score_label_\u7e70\u308a\u8fd4\u3057\u5fdc\u7b54": 0.016166280955076218, "train/accuracy_label_\u540c\u610f": 0.6771330833435059, "train/presicion_label_\u540c\u610f": 0.0, "train/recall_label_\u540c\u610f": 0.0, "train/f1score_label_\u540c\u610f": 0.0, "train/accuracy_label_\u7d0d\u5f97": 0.7058020234107971, "train/presicion_label_\u7d0d\u5f97": 0.6666666865348816, "train/recall_label_\u7d0d\u5f97": 0.004629629664123058, "train/f1score_label_\u7d0d\u5f97": 0.009195402264595032, "train/accuracy_label_\u9a5a\u304d": 0.7583617568016052, "train/presicion_label_\u9a5a\u304d": 0.27659574151039124, "train/recall_label_\u9a5a\u304d": 0.0833333358168602, "train/f1score_label_\u9a5a\u304d": 0.12807881832122803, "train/accuracy_label_\u8a00\u3044\u63db\u3048": 0.9665529131889343, "train/presicion_label_\u8a00\u3044\u63db\u3048": 0.0, "train/recall_label_\u8a00\u3044\u63db\u3048": 0.0, "train/f1score_label_\u8a00\u3044\u63db\u3048": 0.0, "train/accuracy_label_\u610f\u898b": 0.8607508540153503, "train/presicion_label_\u610f\u898b": 0.0, "train/recall_label_\u610f\u898b": 0.0, "train/f1score_label_\u610f\u898b": 0.0, "train/accuracy_label_\u8003\u3048\u3066\u3044\u308b\u6700\u4e2d": 0.9058020710945129, "train/presicion_label_\u8003\u3048\u3066\u3044\u308b\u6700\u4e2d": 0.06666667014360428, "train/recall_label_\u8003\u3048\u3066\u3044\u308b\u6700\u4e2d": 0.00800000037997961, "train/f1score_label_\u8003\u3048\u3066\u3044\u308b\u6700\u4e2d": 0.014285714365541935, "train/accuracy_label_\u4e0d\u540c\u610f": 0.9242320656776428, "train/presicion_label_\u4e0d\u540c\u610f": 0.15000000596046448, "train/recall_label_\u4e0d\u540c\u610f": 0.07228915393352509, "train/f1score_label_\u4e0d\u540c\u610f": 0.09756097197532654, "train/accuracy_label_\u88dc\u5b8c": 0.8075085282325745, "train/presicion_label_\u88dc\u5b8c": 0.1666666716337204, "train/recall_label_\u88dc\u5b8c": 0.015037594363093376, "train/f1score_label_\u88dc\u5b8c": 0.027586206793785095, "train/accuracy_label_\u3042\u3044\u3055\u3064": 0.9590443968772888, "train/presicion_label_\u3042\u3044\u3055\u3064": 0.0, "train/recall_label_\u3042\u3044\u3055\u3064": 0.0, "train/f1score_label_\u3042\u3044\u3055\u3064": 0.0, "train/accuracy_label_\u60f3\u8d77": 0.9802047610282898, "train/presicion_label_\u60f3\u8d77": 0.0, "train/recall_label_\u60f3\u8d77": 0.0, "train/f1score_label_\u60f3\u8d77": 0.0, "train/accuracy_label_\u9a5a\u304d\u3068\u3044\u3076\u304b\u308a": 0.9576791524887085, "train/presicion_label_\u9a5a\u304d\u3068\u3044\u3076\u304b\u308a": 0.019607843831181526, "train/recall_label_\u9a5a\u304d\u3068\u3044\u3076\u304b\u308a": 0.07692307978868484, "train/f1score_label_\u9a5a\u304d\u3068\u3044\u3076\u304b\u308a": 0.03125, "train/accuracy_label_\u305d\u306e\u4ed6": 0.6457337737083435, "train/presicion_label_\u305d\u306e\u4ed6": 0.0, "train/recall_label_\u305d\u306e\u4ed6": 0.0, "train/f1score_label_\u305d\u306e\u4ed6": 0.0, "train/loss": 0.6466016173362732,