{"val_loss": 0.0862213745713234, "val/multilabelaccuracy": 0.8475296497344971, "val/multilabelprecision": 0.08411309123039246, "val/multilabelrecall": 0.0734628438949585, "val/multilabelf1score": 0.06383845955133438, "val/multilabelmatthewscorrcoef": 0.2759396731853485, "val/accuracy_label_\u3042\u3044\u3065\u3061": 0.06886573880910873, "val/presicion_label_\u3042\u3044\u3065\u3061": 0.0, "val/recall_label_\u3042\u3044\u3065\u3061": 0.0, "val/f1score_label_\u3042\u3044\u3065\u3061": 0.0, "val/accuracy_label_\u611f\u5fc3": 0.6263502836227417, "val/presicion_label_\u611f\u5fc3": 0.62593674659729, "val/recall_label_\u611f\u5fc3": 0.9555131793022156, "val/f1score_label_\u611f\u5fc3": 0.7563828229904175, "val/accuracy_label_\u8a55\u4fa1": 0.871624231338501, "val/presicion_label_\u8a55\u4fa1": 0.14189189672470093, "val/recall_label_\u8a55\u4fa1": 0.017142856493592262, "val/f1score_label_\u8a55\u4fa1": 0.03058994933962822, "val/accuracy_label_\u7e70\u308a\u8fd4\u3057\u5fdc\u7b54": 0.7332175970077515, "val/presicion_label_\u7e70\u308a\u8fd4\u3057\u5fdc\u7b54": 0.2742857038974762, "val/recall_label_\u7e70\u308a\u8fd4\u3057\u5fdc\u7b54": 0.03680981695652008, "val/f1score_label_\u7e70\u308a\u8fd4\u3057\u5fdc\u7b54": 0.0649087205529213, "val/accuracy_label_\u540c\u610f": 0.8740354776382446, "val/presicion_label_\u540c\u610f": 0.05309734493494034, "val/recall_label_\u540c\u610f": 0.004979253280907869, "val/f1score_label_\u540c\u610f": 0.009104704484343529, "val/accuracy_label_\u7d0d\u5f97": 0.8860918283462524, "val/presicion_label_\u7d0d\u5f97": 0.08366534113883972, "val/recall_label_\u7d0d\u5f97": 0.021604938432574272, "val/f1score_label_\u7d0d\u5f97": 0.034341782331466675, "val/accuracy_label_\u9a5a\u304d": 0.918499231338501, "val/presicion_label_\u9a5a\u304d": 0.014423076994717121, "val/recall_label_\u9a5a\u304d": 0.00466562993824482, "val/f1score_label_\u9a5a\u304d": 0.007050528656691313, "val/accuracy_label_\u8a00\u3044\u63db\u3048": 0.9733796119689941, "val/presicion_label_\u8a00\u3044\u63db\u3048": 0.0, "val/recall_label_\u8a00\u3044\u63db\u3048": 0.0, "val/f1score_label_\u8a00\u3044\u63db\u3048": 0.0, "val/accuracy_label_\u610f\u898b": 0.9665316343307495, "val/presicion_label_\u610f\u898b": 0.0, "val/recall_label_\u610f\u898b": 0.0, "val/f1score_label_\u610f\u898b": 0.0, "val/accuracy_label_\u8003\u3048\u3066\u3044\u308b\u6700\u4e2d": 0.9368248581886292, "val/presicion_label_\u8003\u3048\u3066\u3044\u308b\u6700\u4e2d": 0.019480518996715546, "val/recall_label_\u8003\u3048\u3066\u3044\u308b\u6700\u4e2d": 0.04265403002500534, "val/f1score_label_\u8003\u3048\u3066\u3044\u308b\u6700\u4e2d": 0.026745913550257683, "val/accuracy_label_\u4e0d\u540c\u610f": 0.9852430820465088, "val/presicion_label_\u4e0d\u540c\u610f": 0.0, "val/recall_label_\u4e0d\u540c\u610f": 0.0, "val/f1score_label_\u4e0d\u540c\u610f": 0.0, "val/accuracy_label_\u88dc\u5b8c": 0.9356674551963806, "val/presicion_label_\u88dc\u5b8c": 0.02958579920232296, "val/recall_label_\u88dc\u5b8c": 0.009842519648373127, "val/f1score_label_\u88dc\u5b8c": 0.014771048910915852, "val/accuracy_label_\u3042\u3044\u3055\u3064": 0.9934413433074951, "val/presicion_label_\u3042\u3044\u3055\u3064": 0.0, "val/recall_label_\u3042\u3044\u3055\u3064": 0.0, "val/f1score_label_\u3042\u3044\u3055\u3064": 0.0, "val/accuracy_label_\u60f3\u8d77": 0.9960455298423767, "val/presicion_label_\u60f3\u8d77": 0.0, "val/recall_label_\u60f3\u8d77": 0.0, "val/f1score_label_\u60f3\u8d77": 0.0, "val/accuracy_label_\u9a5a\u304d\u3068\u3044\u3076\u304b\u308a": 0.9804205298423767, "val/presicion_label_\u9a5a\u304d\u3068\u3044\u3076\u304b\u308a": 0.0058139534667134285, "val/recall_label_\u9a5a\u304d\u3068\u3044\u3076\u304b\u308a": 0.03030303120613098, "val/f1score_label_\u9a5a\u304d\u3068\u3044\u3076\u304b\u308a": 0.009756097570061684, "val/accuracy_label_\u305d\u306e\u4ed6": 0.8142361044883728, "val/presicion_label_\u305d\u306e\u4ed6": 0.09762901067733765, "val/recall_label_\u305d\u306e\u4ed6": 0.051890287548303604, "val/f1score_label_\u305d\u306e\u4ed6": 0.0677637979388237, "epoch": 3, "trainer/global_step": 91, "_timestamp": 1714443872.9315705, "_runtime": 89.03961849212646, "_step": 8, "train_loss": 0.08611831814050674, "train/multilabelaccuracy": 0.8571249842643738, "train/multilabelprecision": 0.11907773464918137, "train/multilabelrecall": 0.07782845944166183, "train/multilabelf1score": 0.07152748852968216, "train/multilabelmatthewscorrcoef": 0.3187359869480133, "train/accuracy_label_\u3042\u3044\u3065\u3061": 0.07199999690055847, "train/presicion_label_\u3042\u3044\u3065\u3061": 0.0, "train/recall_label_\u3042\u3044\u3065\u3061": 0.0, "train/f1score_label_\u3042\u3044\u3065\u3061": 0.0, "train/accuracy_label_\u611f\u5fc3": 0.6579999923706055, "train/presicion_label_\u611f\u5fc3": 0.6518846750259399, "train/recall_label_\u611f\u5fc3": 0.9545454382896423, "train/f1score_label_\u611f\u5fc3": 0.7747035622596741, "train/accuracy_label_\u8a55\u4fa1": 0.8769999742507935, "train/presicion_label_\u8a55\u4fa1": 0.20000000298023224, "train/recall_label_\u8a55\u4fa1": 0.017094017937779427, "train/f1score_label_\u8a55\u4fa1": 0.031496062874794006, "train/accuracy_label_\u7e70\u308a\u8fd4\u3057\u5fdc\u7b54": 0.7329999804496765, "train/presicion_label_\u7e70\u308a\u8fd4\u3057\u5fdc\u7b54": 0.4166666567325592, "train/recall_label_\u7e70\u308a\u8fd4\u3057\u5fdc\u7b54": 0.01886792480945587, "train/f1score_label_\u7e70\u308a\u8fd4\u3057\u5fdc\u7b54": 0.036101084202528, "train/accuracy_label_\u540c\u610f": 0.878000020980835, "train/presicion_label_\u540c\u610f": 0.0, "train/recall_label_\u540c\u610f": 0.0, "train/f1score_label_\u540c\u610f": 0.0, "train/accuracy_label_\u7d0d\u5f97": 0.9210000038146973, "train/presicion_label_\u7d0d\u5f97": 0.0, "train/recall_label_\u7d0d\u5f97": 0.0, "train/f1score_label_\u7d0d\u5f97": 0.0, "train/accuracy_label_\u9a5a\u304d": 0.9340000152587891, "train/presicion_label_\u9a5a\u304d": 0.25, "train/recall_label_\u9a5a\u304d": 0.015625, "train/f1score_label_\u9a5a\u304d": 0.029411764815449715, "train/accuracy_label_\u8a00\u3044\u63db\u3048": 0.996999979019165, "train/presicion_label_\u8a00\u3044\u63db\u3048": 0.0, "train/recall_label_\u8a00\u3044\u63db\u3048": 0.0, "train/f1score_label_\u8a00\u3044\u63db\u3048": 0.0, "train/accuracy_label_\u610f\u898b": 0.9589999914169312, "train/presicion_label_\u610f\u898b": 0.0, "train/recall_label_\u610f\u898b": 0.0, "train/f1score_label_\u610f\u898b": 0.0, "train/accuracy_label_\u8003\u3048\u3066\u3044\u308b\u6700\u4e2d": 0.9490000009536743, "train/presicion_label_\u8003\u3048\u3066\u3044\u308b\u6700\u4e2d": 0.05882352963089943, "train/recall_label_\u8003\u3048\u3066\u3044\u308b\u6700\u4e2d": 0.095238097012043, "train/f1score_label_\u8003\u3048\u3066\u3044\u308b\u6700\u4e2d": 0.072727270424366, "train/accuracy_label_\u4e0d\u540c\u610f": 0.9800000190734863, "train/presicion_label_\u4e0d\u540c\u610f": 0.0, "train/recall_label_\u4e0d\u540c\u610f": 0.0, "train/f1score_label_\u4e0d\u540c\u610f": 0.0, "train/accuracy_label_\u88dc\u5b8c": 0.9330000281333923, "train/presicion_label_\u88dc\u5b8c": 0.0, "train/recall_label_\u88dc\u5b8c": 0.0, "train/f1score_label_\u88dc\u5b8c": 0.0, "train/accuracy_label_\u3042\u3044\u3055\u3064": 0.9940000176429749, "train/presicion_label_\u3042\u3044\u3055\u3064": 0.0, "train/recall_label_\u3042\u3044\u3055\u3064": 0.0, "train/f1score_label_\u3042\u3044\u3055\u3064": 0.0, "train/accuracy_label_\u60f3\u8d77": 0.996999979019165, "train/presicion_label_\u60f3\u8d77": 0.0, "train/recall_label_\u60f3\u8d77": 0.0, "train/f1score_label_\u60f3\u8d77": 0.0, "train/accuracy_label_\u9a5a\u304d\u3068\u3044\u3076\u304b\u308a": 0.9919999837875366, "train/presicion_label_\u9a5a\u304d\u3068\u3044\u3076\u304b\u308a": 0.0, "train/recall_label_\u9a5a\u304d\u3068\u3044\u3076\u304b\u308a": 0.0, "train/f1score_label_\u9a5a\u304d\u3068\u3044\u3076\u304b\u308a": 0.0, "train/accuracy_label_\u305d\u306e\u4ed6": 0.8399999737739563,