{"train/loss": 0.041310764849185944, "epoch": 3, "trainer/global_step": 2223, "_timestamp": 1714030320.0518165, "_runtime": 452.59821248054504, "_step": 51, "val_loss": 0.04113537818193436, "val/multilabelaccuracy": 0.9194309115409851, "val/multilabelprecision": 0.17240341007709503, "val/multilabelrecall": 0.1124882847070694, "val/multilabelf1score": 0.12391109019517899, "val/multilabelmatthewscorrcoef": 0.6541699171066284, "val/accuracy_label_\u3042\u3044\u3065\u3061": 0.9373540878295898, "val/presicion_label_\u3042\u3044\u3065\u3061": 0.9615384340286255, "val/recall_label_\u3042\u3044\u3065\u3061": 0.9715837836265564, "val/f1score_label_\u3042\u3044\u3065\u3061": 0.9665350317955017, "val/accuracy_label_\u611f\u5fc3": 0.6813229322433472, "val/presicion_label_\u611f\u5fc3": 0.7944223284721375, "val/recall_label_\u611f\u5fc3": 0.6399229764938354, "val/f1score_label_\u611f\u5fc3": 0.7088517546653748, "val/accuracy_label_\u8a55\u4fa1": 0.8774319291114807, "val/presicion_label_\u8a55\u4fa1": 0.125, "val/recall_label_\u8a55\u4fa1": 0.0066006602719426155, "val/f1score_label_\u8a55\u4fa1": 0.012539184652268887, "val/accuracy_label_\u7e70\u308a\u8fd4\u3057\u5fdc\u7b54": 0.7552528977394104, "val/presicion_label_\u7e70\u308a\u8fd4\u3057\u5fdc\u7b54": 0.5549132823944092, "val/recall_label_\u7e70\u308a\u8fd4\u3057\u5fdc\u7b54": 0.14814814925193787, "val/f1score_label_\u7e70\u308a\u8fd4\u3057\u5fdc\u7b54": 0.23386114835739136, "val/accuracy_label_\u540c\u610f": 0.8797665238380432, "val/presicion_label_\u540c\u610f": 0.32258063554763794, "val/recall_label_\u540c\u610f": 0.033557046204805374, "val/f1score_label_\u540c\u610f": 0.060790274292230606, "val/accuracy_label_\u7d0d\u5f97": 0.9062256813049316, "val/presicion_label_\u7d0d\u5f97": 0.0, "val/recall_label_\u7d0d\u5f97": 0.0, "val/f1score_label_\u7d0d\u5f97": 0.0, "val/accuracy_label_\u9a5a\u304d": 0.9373540878295898, "val/presicion_label_\u9a5a\u304d": 0.0, "val/recall_label_\u9a5a\u304d": 0.0, "val/f1score_label_\u9a5a\u304d": 0.0, "val/accuracy_label_\u8a00\u3044\u63db\u3048": 1.0, "val/presicion_label_\u8a00\u3044\u63db\u3048": 0.0, "val/recall_label_\u8a00\u3044\u63db\u3048": 0.0, "val/f1score_label_\u8a00\u3044\u63db\u3048": 0.0, "val/accuracy_label_\u610f\u898b": 0.9665369391441345, "val/presicion_label_\u610f\u898b": 0.0, "val/recall_label_\u610f\u898b": 0.0, "val/f1score_label_\u610f\u898b": 0.0, "val/accuracy_label_\u8003\u3048\u3066\u3044\u308b\u6700\u4e2d": 0.9789883494377136, "val/presicion_label_\u8003\u3048\u3066\u3044\u308b\u6700\u4e2d": 0.0, "val/recall_label_\u8003\u3048\u3066\u3044\u308b\u6700\u4e2d": 0.0, "val/f1score_label_\u8003\u3048\u3066\u3044\u308b\u6700\u4e2d": 0.0, "val/accuracy_label_\u4e0d\u540c\u610f": 0.9859921932220459, "val/presicion_label_\u4e0d\u540c\u610f": 0.0, "val/recall_label_\u4e0d\u540c\u610f": 0.0, "val/f1score_label_\u4e0d\u540c\u610f": 0.0, "val/accuracy_label_\u88dc\u5b8c": 0.9509727358818054, "val/presicion_label_\u88dc\u5b8c": 0.0, "val/recall_label_\u88dc\u5b8c": 0.0, "val/f1score_label_\u88dc\u5b8c": 0.0, "val/accuracy_label_\u3042\u3044\u3055\u3064": 0.992996096611023, "val/presicion_label_\u3042\u3044\u3055\u3064": 0.0, "val/recall_label_\u3042\u3044\u3055\u3064": 0.0, "val/f1score_label_\u3042\u3044\u3055\u3064": 0.0, "val/accuracy_label_\u60f3\u8d77": 0.994163453578949, "val/presicion_label_\u60f3\u8d77": 0.0, "val/recall_label_\u60f3\u8d77": 0.0, "val/f1score_label_\u60f3\u8d77": 0.0, "val/accuracy_label_\u9a5a\u304d\u3068\u3044\u3076\u304b\u308a": 0.9968871474266052, "val/presicion_label_\u9a5a\u304d\u3068\u3044\u3076\u304b\u308a": 0.0, "val/recall_label_\u9a5a\u304d\u3068\u3044\u3076\u304b\u308a": 0.0, "val/f1score_label_\u9a5a\u304d\u3068\u3044\u3076\u304b\u308a": 0.0, "val/accuracy_label_\u305d\u306e\u4ed6": 0.8696498274803162, "val/presicion_label_\u305d\u306e\u4ed6": 0.0, "val/recall_label_\u305d\u306e\u4ed6": 0.0, "val/f1score_label_\u305d\u306e\u4ed6": 0.0, "train_loss": 0.04104766249656677, "train/multilabelaccuracy": 0.9197071194648743, "train/multilabelprecision": 0.19699713587760925, "train/multilabelrecall": 0.12967556715011597, "train/multilabelf1score": 0.13731564581394196, "train/multilabelmatthewscorrcoef": 0.6581876277923584, "train/accuracy_label_\u3042\u3044\u3065\u3061": 0.941720187664032, "train/presicion_label_\u3042\u3044\u3065\u3061": 0.9579134583473206, "train/recall_label_\u3042\u3044\u3065\u3061": 0.9806710481643677, "train/f1score_label_\u3042\u3044\u3065\u3061": 0.9691587090492249, "train/accuracy_label_\u611f\u5fc3": 0.7027145624160767, "train/presicion_label_\u611f\u5fc3": 0.743376612663269, "train/recall_label_\u611f\u5fc3": 0.7731092572212219, "train/f1score_label_\u611f\u5fc3": 0.7579514384269714, "train/accuracy_label_\u8a55\u4fa1": 0.8785269260406494, "train/presicion_label_\u8a55\u4fa1": 0.1818181872367859, "train/recall_label_\u8a55\u4fa1": 0.01429772935807705, "train/f1score_label_\u8a55\u4fa1": 0.02651072107255459, "train/accuracy_label_\u7e70\u308a\u8fd4\u3057\u5fdc\u7b54": 0.7421677112579346, "train/presicion_label_\u7e70\u308a\u8fd4\u3057\u5fdc\u7b54": 0.5034815073013306, "train/recall_label_\u7e70\u308a\u8fd4\u3057\u5fdc\u7b54": 0.17692452669143677, "train/f1score_label_\u7e70\u308a\u8fd4\u3057\u5fdc\u7b54": 0.261838436126709, "train/accuracy_label_\u540c\u610f": 0.8662191033363342, "train/presicion_label_\u540c\u610f": 0.28706997632980347, "train/recall_label_\u540c\u610f": 0.10121288150548935, "train/f1score_label_\u540c\u610f": 0.14965985715389252, "train/accuracy_label_\u7d0d\u5f97": 0.9126288890838623, "train/presicion_label_\u7d0d\u5f97": 0.0, "train/recall_label_\u7d0d\u5f97": 0.0, "train/f1score_label_\u7d0d\u5f97": 0.0, "train/accuracy_label_\u9a5a\u304d": 0.9377797245979309, "train/presicion_label_\u9a5a\u304d": 0.095238097012043, "train/recall_label_\u9a5a\u304d": 0.0015847861068323255, "train/f1score_label_\u9a5a\u304d": 0.0031176928896456957, "train/accuracy_label_\u8a00\u3044\u63db\u3048": 0.9980054497718811, "train/presicion_label_\u8a00\u3044\u63db\u3048": 0.0, "train/recall_label_\u8a00\u3044\u63db\u3048": 0.0, "train/f1score_label_\u8a00\u3044\u63db\u3048": 0.0, "train/accuracy_label_\u610f\u898b": 0.9673088192939758, "train/presicion_label_\u610f\u898b": 0.09090909361839294, "train/recall_label_\u610f\u898b": 0.0015082956524565816, "train/f1score_label_\u610f\u898b": 0.002967359032481909, "train/accuracy_label_\u8003\u3048\u3066\u3044\u308b\u6700\u4e2d": 0.981416642665863, "train/presicion_label_\u8003\u3048\u3066\u3044\u308b\u6700\u4e2d": 0.0625, "train/recall_label_\u8003\u3048\u3066\u3044\u308b\u6700\u4e2d": 0.0027173913549631834, "train/f1score_label_\u8003\u3048\u3066\u3044\u308b\u6700\u4e2d": 0.0052083334885537624, "train/accuracy_label_\u4e0d\u540c\u610f": 0.984627366065979, "train/presicion_label_\u4e0d\u540c\u610f": 0.0, "train/recall_label_\u4e0d\u540c\u610f": 0.0, "train/f1score_label_\u4e0d\u540c\u610f": 0.0, "train/accuracy_label_\u88dc\u5b8c": 0.9486281275749207, "train/presicion_label_\u88dc\u5b8c": 0.02158273383975029, "train/recall_label_\u88dc\u5b8c": 0.003250270849093795, "train/f1score_label_\u88dc\u5b8c": 0.005649717524647713, "train/accuracy_label_\u3042\u3044\u3055\u3064": 0.9903191328048706, "train/presicion_label_\u3042\u3044\u3055\u3064": 0.0, "train/recall_label_\u3042\u3044\u3055\u3064": 0.0, "train/f1score_label_\u3042\u3044\u3055\u3064": 0.0, "train/accuracy_label_\u60f3\u8d77": 0.9912920594215393, "train/presicion_label_\u60f3\u8d77": 0.008064515888690948, "train/recall_label_\u60f3\u8d77": 0.017543859779834747, "train/f1score_label_\u60f3\u8d77": 0.01104972418397665, "train/accuracy_label_\u9a5a\u304d\u3068\u3044\u3076\u304b\u308a": 0.994989275932312, "train/presicion_label_\u9a5a\u304d\u3068\u3044\u3076\u304b\u308a": 0.0, "train/recall_label_\u9a5a\u304d\u3068\u3044\u3076\u304b\u308a": 0.0, "train/f1score_label_\u9a5a\u304d\u3068\u3044\u3076\u304b\u308a": 0.0, "train/accuracy_label_\u305d\u306e\u4ed6": 0.8769702315330505,