{"train/loss": 0.08548109233379364, "epoch": 3, "trainer/global_step": 251, "_timestamp": 1714443154.0143068, "_runtime": 91.43344187736511, "_step": 12, "val_loss": 0.08616437762975693, "val/multilabelaccuracy": 0.856468915939331, "val/multilabelprecision": 0.09989035874605179, "val/multilabelrecall": 0.07009972631931305, "val/multilabelf1score": 0.06075122579932213, "val/multilabelmatthewscorrcoef": 0.29435068368911743, "val/accuracy_label_\u3042\u3044\u3065\u3061": 0.06887159496545792, "val/presicion_label_\u3042\u3044\u3065\u3061": 0.0, "val/recall_label_\u3042\u3044\u3065\u3061": 0.0, "val/f1score_label_\u3042\u3044\u3065\u3061": 0.0, "val/accuracy_label_\u611f\u5fc3": 0.658365786075592, "val/presicion_label_\u611f\u5fc3": 0.6650485396385193, "val/recall_label_\u611f\u5fc3": 0.8793324828147888, "val/f1score_label_\u611f\u5fc3": 0.7573245167732239, "val/accuracy_label_\u8a55\u4fa1": 0.8727626204490662, "val/presicion_label_\u8a55\u4fa1": 0.0714285746216774, "val/recall_label_\u8a55\u4fa1": 0.0066006602719426155, "val/f1score_label_\u8a55\u4fa1": 0.012084592133760452, "val/accuracy_label_\u7e70\u308a\u8fd4\u3057\u5fdc\u7b54": 0.7470816969871521, "val/presicion_label_\u7e70\u308a\u8fd4\u3057\u5fdc\u7b54": 0.375, "val/recall_label_\u7e70\u308a\u8fd4\u3057\u5fdc\u7b54": 0.004629629664123058, "val/f1score_label_\u7e70\u308a\u8fd4\u3057\u5fdc\u7b54": 0.009146341122686863, "val/accuracy_label_\u540c\u610f": 0.8821011781692505, "val/presicion_label_\u540c\u610f": 0.0, "val/recall_label_\u540c\u610f": 0.0, "val/f1score_label_\u540c\u610f": 0.0, "val/accuracy_label_\u7d0d\u5f97": 0.89143967628479, "val/presicion_label_\u7d0d\u5f97": 0.14814814925193787, "val/recall_label_\u7d0d\u5f97": 0.033195022493600845, "val/f1score_label_\u7d0d\u5f97": 0.05423728749155998, "val/accuracy_label_\u9a5a\u304d": 0.9287937879562378, "val/presicion_label_\u9a5a\u304d": 0.0, "val/recall_label_\u9a5a\u304d": 0.0, "val/f1score_label_\u9a5a\u304d": 0.0, "val/accuracy_label_\u8a00\u3044\u63db\u3048": 0.9891050457954407, "val/presicion_label_\u8a00\u3044\u63db\u3048": 0.0, "val/recall_label_\u8a00\u3044\u63db\u3048": 0.0, "val/f1score_label_\u8a00\u3044\u63db\u3048": 0.0, "val/accuracy_label_\u610f\u898b": 0.952918291091919, "val/presicion_label_\u610f\u898b": 0.0, "val/recall_label_\u610f\u898b": 0.0, "val/f1score_label_\u610f\u898b": 0.0, "val/accuracy_label_\u8003\u3048\u3066\u3044\u308b\u6700\u4e2d": 0.9696497917175293, "val/presicion_label_\u8003\u3048\u3066\u3044\u308b\u6700\u4e2d": 0.0357142873108387, "val/recall_label_\u8003\u3048\u3066\u3044\u308b\u6700\u4e2d": 0.01923076994717121, "val/f1score_label_\u8003\u3048\u3066\u3044\u308b\u6700\u4e2d": 0.02500000037252903, "val/accuracy_label_\u4e0d\u540c\u610f": 0.9828794002532959, "val/presicion_label_\u4e0d\u540c\u610f": 0.0, "val/recall_label_\u4e0d\u540c\u610f": 0.0, "val/f1score_label_\u4e0d\u540c\u610f": 0.0, "val/accuracy_label_\u88dc\u5b8c": 0.9319066405296326, "val/presicion_label_\u88dc\u5b8c": 0.09836065769195557, "val/recall_label_\u88dc\u5b8c": 0.0476190485060215, "val/f1score_label_\u88dc\u5b8c": 0.06417112052440643, "val/accuracy_label_\u3042\u3044\u3055\u3064": 0.9910506010055542, "val/presicion_label_\u3042\u3044\u3055\u3064": 0.0, "val/recall_label_\u3042\u3044\u3055\u3064": 0.0, "val/f1score_label_\u3042\u3044\u3055\u3064": 0.0, "val/accuracy_label_\u60f3\u8d77": 0.9887159466743469, "val/presicion_label_\u60f3\u8d77": 0.0, "val/recall_label_\u60f3\u8d77": 0.0, "val/f1score_label_\u60f3\u8d77": 0.0, "val/accuracy_label_\u9a5a\u304d\u3068\u3044\u3076\u304b\u308a": 0.9805447459220886, "val/presicion_label_\u9a5a\u304d\u3068\u3044\u3076\u304b\u308a": 0.022727273404598236, "val/recall_label_\u9a5a\u304d\u3068\u3044\u3076\u304b\u308a": 0.125, "val/f1score_label_\u9a5a\u304d\u3068\u3044\u3076\u304b\u308a": 0.03846153989434242, "val/accuracy_label_\u305d\u306e\u4ed6": 0.8673151731491089, "val/presicion_label_\u305d\u306e\u4ed6": 0.1818181872367859, "val/recall_label_\u305d\u306e\u4ed6": 0.005988024175167084, "val/f1score_label_\u305d\u306e\u4ed6": 0.011594203300774097, "train_loss": 0.0858217105269432, "train/multilabelaccuracy": 0.859000027179718, "train/multilabelprecision": 0.13740529119968414, "train/multilabelrecall": 0.0644076019525528, "train/multilabelf1score": 0.0604245699942112, "train/multilabelmatthewscorrcoef": 0.31896400451660156, "train/accuracy_label_\u3042\u3044\u3065\u3061": 0.07199999690055847, "train/presicion_label_\u3042\u3044\u3065\u3061": 0.0, "train/recall_label_\u3042\u3044\u3065\u3061": 0.0, "train/f1score_label_\u3042\u3044\u3065\u3061": 0.0, "train/accuracy_label_\u611f\u5fc3": 0.6990000009536743, "train/presicion_label_\u611f\u5fc3": 0.6909090876579285, "train/recall_label_\u611f\u5fc3": 0.9253246784210205, "train/f1score_label_\u611f\u5fc3": 0.791117250919342, "train/accuracy_label_\u8a55\u4fa1": 0.875, "train/presicion_label_\u8a55\u4fa1": 0.1666666716337204, "train/recall_label_\u8a55\u4fa1": 0.017094017937779427, "train/f1score_label_\u8a55\u4fa1": 0.03100775182247162, "train/accuracy_label_\u7e70\u308a\u8fd4\u3057\u5fdc\u7b54": 0.7369999885559082, "train/presicion_label_\u7e70\u308a\u8fd4\u3057\u5fdc\u7b54": 1.0, "train/recall_label_\u7e70\u308a\u8fd4\u3057\u5fdc\u7b54": 0.007547169923782349, "train/f1score_label_\u7e70\u308a\u8fd4\u3057\u5fdc\u7b54": 0.01498127356171608, "train/accuracy_label_\u540c\u610f": 0.875, "train/presicion_label_\u540c\u610f": 0.0, "train/recall_label_\u540c\u610f": 0.0, "train/f1score_label_\u540c\u610f": 0.0, "train/accuracy_label_\u7d0d\u5f97": 0.9169999957084656, "train/presicion_label_\u7d0d\u5f97": 0.20000000298023224, "train/recall_label_\u7d0d\u5f97": 0.04054053872823715, "train/f1score_label_\u7d0d\u5f97": 0.06741572916507721, "train/accuracy_label_\u9a5a\u304d": 0.9179999828338623, "train/presicion_label_\u9a5a\u304d": 0.05000000074505806, "train/recall_label_\u9a5a\u304d": 0.015625, "train/f1score_label_\u9a5a\u304d": 0.02380952425301075, "train/accuracy_label_\u8a00\u3044\u63db\u3048": 0.9900000095367432, "train/presicion_label_\u8a00\u3044\u63db\u3048": 0.0, "train/recall_label_\u8a00\u3044\u63db\u3048": 0.0, "train/f1score_label_\u8a00\u3044\u63db\u3048": 0.0, "train/accuracy_label_\u610f\u898b": 0.949999988079071, "train/presicion_label_\u610f\u898b": 0.09090909361839294, "train/recall_label_\u610f\u898b": 0.024390242993831635, "train/f1score_label_\u610f\u898b": 0.03846153989434242, "train/accuracy_label_\u8003\u3048\u3066\u3044\u308b\u6700\u4e2d": 0.9769999980926514, "train/presicion_label_\u8003\u3048\u3066\u3044\u308b\u6700\u4e2d": 0.0, "train/recall_label_\u8003\u3048\u3066\u3044\u308b\u6700\u4e2d": 0.0, "train/f1score_label_\u8003\u3048\u3066\u3044\u308b\u6700\u4e2d": 0.0, "train/accuracy_label_\u4e0d\u540c\u610f": 0.9789999723434448, "train/presicion_label_\u4e0d\u540c\u610f": 0.0, "train/recall_label_\u4e0d\u540c\u610f": 0.0, "train/f1score_label_\u4e0d\u540c\u610f": 0.0, "train/accuracy_label_\u88dc\u5b8c": 0.9300000071525574, "train/presicion_label_\u88dc\u5b8c": 0.0, "train/recall_label_\u88dc\u5b8c": 0.0, "train/f1score_label_\u88dc\u5b8c": 0.0, "train/accuracy_label_\u3042\u3044\u3055\u3064": 0.9819999933242798, "train/presicion_label_\u3042\u3044\u3055\u3064": 0.0, "train/recall_label_\u3042\u3044\u3055\u3064": 0.0, "train/f1score_label_\u3042\u3044\u3055\u3064": 0.0, "train/accuracy_label_\u60f3\u8d77": 0.9950000047683716, "train/presicion_label_\u60f3\u8d77": 0.0, "train/recall_label_\u60f3\u8d77": 0.0, "train/f1score_label_\u60f3\u8d77": 0.0, "train/accuracy_label_\u9a5a\u304d\u3068\u3044\u3076\u304b\u308a": 0.9919999837875366, "train/presicion_label_\u9a5a\u304d\u3068\u3044\u3076\u304b\u308a": 0.0, "train/recall_label_\u9a5a\u304d\u3068\u3044\u3076\u304b\u308a": 0.0, "train/f1score_label_\u9a5a\u304d\u3068\u3044\u3076\u304b\u308a": 0.0, "train/accuracy_label_\u305d\u306e\u4ed6": 0.8560000061988831, "train/presicion_label_\u305d\u306e\u4ed6": 0.0, "train/recall_label_\u305d\u306e\u4ed6": 0.0,