{"train/loss": 0.6812571883201599, "epoch": 4, "trainer/global_step": 2184, "_timestamp": 1701844679.2317398, "_runtime": 3314.9891288280487, "_step": 51, "val_loss": 0.686885416507721, "val/multilabelaccuracy": 0.943352222442627, "val/multilabelprecision": 0.6754037141799927, "val/multilabelrecall": 0.5287651419639587, "val/multilabelf1score": 0.5931559205055237, "val/multilabelmatthewscorrcoef": 0.5680726170539856, "train_loss": 0.6865065693855286, "train/multilabelaccuracy": 0.9434309005737305, "train/multilabelprecision": 0.671224057674408, "train/multilabelrecall": 0.5283602476119995, "train/multilabelf1score": 0.5912850499153137, "train/multilabelmatthewscorrcoef": 0.5660020709037781, "train/accuracy_label_0": 0.6616300344467163, "train/presicion_label_0": 0.6926863789558411, "train/recall_label_0": 0.8581278324127197, "train/f1score_label_0": 0.7665824294090271, "train/accuracy_label_1": 0.7472527623176575, "train/presicion_label_1": 0.6439135670661926, "train/recall_label_1": 0.32811594009399414, "train/f1score_label_1": 0.43471580743789673, "train/accuracy_label_2": 0.955414354801178, "train/presicion_label_2": 0.1782178282737732, "train/recall_label_2": 0.02521008439362049, "train/f1score_label_2": 0.0441717803478241, "train/accuracy_label_3": 0.9225618243217468, "train/presicion_label_3": 0.11764705926179886, "train/recall_label_3": 0.004566209856420755, "train/f1score_label_3": 0.008791209198534489, "train/accuracy_label_4": 0.9519802927970886, "train/presicion_label_4": 0.25, "train/recall_label_4": 0.0072551388293504715, "train/f1score_label_4": 0.014101057313382626, "train/accuracy_label_5": 0.972126841545105, "train/presicion_label_5": 0.0, "train/recall_label_5": 0.0, "train/f1score_label_5": 0.0, "train/accuracy_label_6": 0.9751602411270142, "train/presicion_label_6": 0.04878048598766327, "train/recall_label_6": 0.005037783179432154, "train/f1score_label_6": 0.00913241971284151, "train/accuracy_label_7": 0.9978250861167908, "train/presicion_label_7": 0.0, "train/recall_label_7": 0.0, "train/f1score_label_7": 0.0, "train/accuracy_label_8": 0.9892399311065674, "train/presicion_label_8": 0.0, "train/recall_label_8": 0.0, "train/f1score_label_8": 0.0, "train/accuracy_label_9": 0.9921016693115234, "train/presicion_label_9": 0.0, "train/recall_label_9": 0.0, "train/f1score_label_9": 0.0, "train/accuracy_label_10": 0.9941620826721191, "train/presicion_label_10": 0.0, "train/recall_label_10": 0.0, "train/f1score_label_10": 0.0, "train/accuracy_label_11": 0.9890682101249695, "train/presicion_label_11": 0.0, "train/recall_label_11": 0.0, "train/f1score_label_11": 0.0, "train/accuracy_label_12": 0.9958218932151794, "train/presicion_label_12": 0.0, "train/recall_label_12": 0.0, "train/f1score_label_12": 0.0, "train/accuracy_label_13": 0.9981684684753418, "train/presicion_label_13": 0.0, "train/recall_label_13": 0.0, "train/f1score_label_13": 0.0, "train/accuracy_label_14": 0.9993131756782532, "train/presicion_label_14": 0.0, "train/recall_label_14": 0.0, "train/f1score_label_14": 0.0, "train/accuracy_label_15": 0.9530677795410156, "train/presicion_label_15": 0.05263157933950424, "train/recall_label_15": 0.0012453299714252353, "train/f1score_label_15": 0.002433090005069971, "test_loss": 0.686852216720581, "test/multilabelaccuracy": 0.9442120790481567, "test/multilabelprecision": 0.6665800213813782, "test/multilabelrecall": 0.5430870056152344, "test/multilabelf1score": 0.5985299348831177, "test/multilabelmatthewscorrcoef": 0.5723380446434021, "_wandb": {"runtime": 3315}}