{"val_loss": 0.6176124215126038, "val/binaryaccuracy": 0.9230769276618958, "val/binaryprecision": 0.9230769276618958, "val/binaryrecall": 1.0, "val/binaryf1score": 0.9599999785423279, "val/binarymatthewscorrcoef": 0.8807047605514526, "epoch": 1, "trainer/global_step": 5, "_timestamp": 1691754005.93466, "_runtime": 339.34079003334045, "_step": 3, "train_loss": 0.648500382900238, "train/binaryaccuracy": 0.8684210777282715, "train/binaryprecision": 0.9166666865348816, "train/binaryrecall": 0.9428571462631226, "train/binaryf1score": 0.9295774698257446, "train/binarymatthewscorrcoef": -0.0690065547823906, "_wandb": {"runtime": 339}}