{"train/loss": 0.6847596168518066, "epoch": 4, "trainer/global_step": 1860, "_timestamp": 1705468395.538816, "_runtime": 863.566104888916, "_step": 45, "val_loss": 0.679919421672821, "val/multilabelaccuracy": 0.884056031703949, "val/multilabelprecision": 0.08750855177640915, "val/multilabelrecall": 0.105996273458004, "val/multilabelf1score": 0.09586923569440842, "val/multilabelmatthewscorrcoef": 0.49692970514297485, "val/accuracy_label_\u3042\u3044\u3065\u3061": 0.6649609208106995, "val/presicion_label_\u3042\u3044\u3065\u3061": 0.7000684142112732, "val/recall_label_\u3042\u3044\u3065\u3061": 0.847970187664032, "val/f1score_label_\u3042\u3044\u3065\u3061": 0.7669538855552673, "val/accuracy_label_\u611f\u5fc3": 0.7007810473442078, "val/presicion_label_\u611f\u5fc3": 0.0, "val/recall_label_\u611f\u5fc3": 0.0, "val/f1score_label_\u611f\u5fc3": 0.0, "val/accuracy_label_\u8a55\u4fa1": 0.957177460193634, "val/presicion_label_\u8a55\u4fa1": 0.0, "val/recall_label_\u8a55\u4fa1": 0.0, "val/f1score_label_\u8a55\u4fa1": 0.0, "val/accuracy_label_\u7e70\u308a\u8fd4\u3057\u5fdc\u7b54": 0.9240506291389465, "val/presicion_label_\u7e70\u308a\u8fd4\u3057\u5fdc\u7b54": 0.0, "val/recall_label_\u7e70\u308a\u8fd4\u3057\u5fdc\u7b54": 0.0, "val/f1score_label_\u7e70\u308a\u8fd4\u3057\u5fdc\u7b54": 0.0, "val/accuracy_label_\u540c\u610f": 0.9539455771446228, "val/presicion_label_\u540c\u610f": 0.0, "val/recall_label_\u540c\u610f": 0.0, "val/f1score_label_\u540c\u610f": 0.0, "val/accuracy_label_\u7d0d\u5f97": 0.9711823463439941, "val/presicion_label_\u7d0d\u5f97": 0.0, "val/recall_label_\u7d0d\u5f97": 0.0, "val/f1score_label_\u7d0d\u5f97": 0.0, "val/accuracy_label_\u9a5a\u304d": 0.9709129929542542, "val/presicion_label_\u9a5a\u304d": 0.0, "val/recall_label_\u9a5a\u304d": 0.0, "val/f1score_label_\u9a5a\u304d": 0.0, "val/accuracy_label_\u305d\u306e\u4ed6": 0.9294371008872986, "val/presicion_label_\u305d\u306e\u4ed6": 0.0, "val/recall_label_\u305d\u306e\u4ed6": 0.0, "val/f1score_label_\u305d\u306e\u4ed6": 0.0, "train_loss": 0.6804700493812561, "train/multilabelaccuracy": 0.8837457895278931, "train/multilabelprecision": 0.08760206401348114, "train/multilabelrecall": 0.10570939630270004, "train/multilabelf1score": 0.09580767899751663, "train/multilabelmatthewscorrcoef": 0.49564144015312195, "train/accuracy_label_\u3042\u3044\u3065\u3061": 0.6653872132301331, "train/presicion_label_\u3042\u3044\u3065\u3061": 0.7008165121078491, "train/recall_label_\u3042\u3044\u3065\u3061": 0.8456751704216003, "train/f1score_label_\u3042\u3044\u3065\u3061": 0.7664614319801331, "train/accuracy_label_\u611f\u5fc3": 0.7020202279090881, "train/presicion_label_\u611f\u5fc3": 0.0, "train/recall_label_\u611f\u5fc3": 0.0, "train/f1score_label_\u611f\u5fc3": 0.0, "train/accuracy_label_\u8a55\u4fa1": 0.9573063850402832, "train/presicion_label_\u8a55\u4fa1": 0.0, "train/recall_label_\u8a55\u4fa1": 0.0, "train/f1score_label_\u8a55\u4fa1": 0.0, "train/accuracy_label_\u7e70\u308a\u8fd4\u3057\u5fdc\u7b54": 0.9239730834960938, "train/presicion_label_\u7e70\u308a\u8fd4\u3057\u5fdc\u7b54": 0.0, "train/recall_label_\u7e70\u308a\u8fd4\u3057\u5fdc\u7b54": 0.0, "train/f1score_label_\u7e70\u308a\u8fd4\u3057\u5fdc\u7b54": 0.0, "train/accuracy_label_\u540c\u610f": 0.9511784315109253, "train/presicion_label_\u540c\u610f": 0.0, "train/recall_label_\u540c\u610f": 0.0, "train/f1score_label_\u540c\u610f": 0.0, "train/accuracy_label_\u7d0d\u5f97": 0.9729292988777161, "train/presicion_label_\u7d0d\u5f97": 0.0, "train/recall_label_\u7d0d\u5f97": 0.0, "train/f1score_label_\u7d0d\u5f97": 0.0, "train/accuracy_label_\u9a5a\u304d": 0.9769697189331055, "train/presicion_label_\u9a5a\u304d": 0.0, "train/recall_label_\u9a5a\u304d": 0.0, "train/f1score_label_\u9a5a\u304d": 0.0, "train/accuracy_label_\u305d\u306e\u4ed6": 0.9202020168304443, "train/presicion_label_\u305d\u306e\u4ed6": 0.0, "train/recall_label_\u305d\u306e\u4ed6": 0.0, "train/f1score_label_\u305d\u306e\u4ed6": 0.0, "test_loss": 0.6818869113922119, "test/multilabelaccuracy": 0.8852005004882812, "test/multilabelprecision": 0.08443908393383026, "test/multilabelrecall": 0.1088646948337555, "test/multilabelf1score": 0.09510869532823563, "test/multilabelmatthewscorrcoef": 0.4940646290779114, "test/accuracy_label_\u3042\u3044\u3065\u3061": 0.6545148491859436, "test/presicion_label_\u3042\u3044\u3065\u3061": 0.6755126714706421, "test/recall_label_\u3042\u3044\u3065\u3061": 0.870917558670044, "test/f1score_label_\u3042\u3044\u3065\u3061": 0.760869562625885, "test/accuracy_label_\u611f\u5fc3": 0.7035894393920898, "test/presicion_label_\u611f\u5fc3": 0.0, "test/recall_label_\u611f\u5fc3": 0.0, "test/f1score_label_\u611f\u5fc3": 0.0, "test/accuracy_label_\u8a55\u4fa1": 0.9659281969070435, "test/presicion_label_\u8a55\u4fa1": 0.0, "test/recall_label_\u8a55\u4fa1": 0.0, "test/f1score_label_\u8a55\u4fa1": 0.0, "test/accuracy_label_\u7e70\u308a\u8fd4\u3057\u5fdc\u7b54": 0.9151710867881775, "test/presicion_label_\u7e70\u308a\u8fd4\u3057\u5fdc\u7b54": 0.0, "test/recall_label_\u7e70\u308a\u8fd4\u3057\u5fdc\u7b54": 0.0, "test/f1score_label_\u7e70\u308a\u8fd4\u3057\u5fdc\u7b54": 0.0, "test/accuracy_label_\u540c\u610f": 0.9589175581932068, "test/presicion_label_\u540c\u610f": 0.0, "test/recall_label_\u540c\u610f": 0.0, "test/f1score_label_\u540c\u610f": 0.0, "test/accuracy_label_\u7d0d\u5f97": 0.9662086367607117, "test/presicion_label_\u7d0d\u5f97": 0.0, "test/recall_label_\u7d0d\u5f97": 0.0, "test/f1score_label_\u7d0d\u5f97": 0.0, "test/accuracy_label_\u9a5a\u304d": 0.9823331236839294, "test/presicion_label_\u9a5a\u304d": 0.0, "test/recall_label_\u9a5a\u304d": 0.0, "test/f1score_label_\u9a5a\u304d": 0.0, "test/accuracy_label_\u305d\u306e\u4ed6": 0.9349411129951477, "test/presicion_label_\u305d\u306e\u4ed6": 0.0, "test/recall_label_\u305d\u306e\u4ed6": 0.0, "test/f1score_label_\u305d\u306e\u4ed6": 0.0, "_wandb": {"runtime": 863}}