{"val_loss": 0.16743819415569305, "val/multilabelaccuracy": 0.8405963182449341, "val/multilabelprecision": 0.10287900269031525, "val/multilabelrecall": 0.12188243865966797, "val/multilabelf1score": 0.10355124622583389, "val/multilabelmatthewscorrcoef": 0.3461150527000427, "val/accuracy_label_\u3042\u3044\u3065\u3061": 0.85550457239151, "val/presicion_label_\u3042\u3044\u3065\u3061": 0.8963855504989624, "val/recall_label_\u3042\u3044\u3065\u3061": 0.9489796161651611, "val/f1score_label_\u3042\u3044\u3065\u3061": 0.921933114528656, "val/accuracy_label_\u611f\u5fc3": 0.3096330165863037, "val/presicion_label_\u611f\u5fc3": 0.0, "val/recall_label_\u611f\u5fc3": 0.0, "val/f1score_label_\u611f\u5fc3": 0.0, "val/accuracy_label_\u8a55\u4fa1": 0.7362385392189026, "val/presicion_label_\u8a55\u4fa1": 0.21875, "val/recall_label_\u8a55\u4fa1": 0.17721518874168396, "val/f1score_label_\u8a55\u4fa1": 0.1958041936159134, "val/accuracy_label_\u7e70\u308a\u8fd4\u3057\u5fdc\u7b54": 0.6238532066345215, "val/presicion_label_\u7e70\u308a\u8fd4\u3057\u5fdc\u7b54": 0.2261904776096344, "val/recall_label_\u7e70\u308a\u8fd4\u3057\u5fdc\u7b54": 0.16101695597171783, "val/f1score_label_\u7e70\u308a\u8fd4\u3057\u5fdc\u7b54": 0.1881188154220581, "val/accuracy_label_\u540c\u610f": 0.8142201900482178, "val/presicion_label_\u540c\u610f": 0.09756097197532654, "val/recall_label_\u540c\u610f": 0.0833333358168602, "val/f1score_label_\u540c\u610f": 0.08988764137029648, "val/accuracy_label_\u7d0d\u5f97": 0.9128440618515015, "val/presicion_label_\u7d0d\u5f97": 0.0, "val/recall_label_\u7d0d\u5f97": 0.0, "val/f1score_label_\u7d0d\u5f97": 0.0, "val/accuracy_label_\u9a5a\u304d": 0.8623853325843811, "val/presicion_label_\u9a5a\u304d": 0.05000000074505806, "val/recall_label_\u9a5a\u304d": 0.02380952425301075, "val/f1score_label_\u9a5a\u304d": 0.032258063554763794, "val/accuracy_label_\u8a00\u3044\u63db\u3048": 1.0, "val/presicion_label_\u8a00\u3044\u63db\u3048": 0.0, "val/recall_label_\u8a00\u3044\u63db\u3048": 0.0, "val/f1score_label_\u8a00\u3044\u63db\u3048": 0.0, "val/accuracy_label_\u610f\u898b": 0.9472476840019226, "val/presicion_label_\u610f\u898b": 0.0, "val/recall_label_\u610f\u898b": 0.0, "val/f1score_label_\u610f\u898b": 0.0, "val/accuracy_label_\u8003\u3048\u3066\u3044\u308b\u6700\u4e2d": 0.9013761281967163, "val/presicion_label_\u8003\u3048\u3066\u3044\u308b\u6700\u4e2d": 0.024390242993831635, "val/recall_label_\u8003\u3048\u3066\u3044\u308b\u6700\u4e2d": 0.25, "val/f1score_label_\u8003\u3048\u3066\u3044\u308b\u6700\u4e2d": 0.04444444552063942, "val/accuracy_label_\u4e0d\u540c\u610f": 0.8211008906364441, "val/presicion_label_\u4e0d\u540c\u610f": 0.032786883413791656, "val/recall_label_\u4e0d\u540c\u610f": 0.095238097012043, "val/f1score_label_\u4e0d\u540c\u610f": 0.04878048598766327, "val/accuracy_label_\u88dc\u5b8c": 0.8830274939537048, "val/presicion_label_\u88dc\u5b8c": 0.10000000149011612, "val/recall_label_\u88dc\u5b8c": 0.21052631735801697, "val/f1score_label_\u88dc\u5b8c": 0.1355932205915451, "val/accuracy_label_\u3042\u3044\u3055\u3064": 0.9793577790260315, "val/presicion_label_\u3042\u3044\u3055\u3064": 0.0, "val/recall_label_\u3042\u3044\u3055\u3064": 0.0, "val/f1score_label_\u3042\u3044\u3055\u3064": 0.0, "val/accuracy_label_\u60f3\u8d77": 0.9816513657569885, "val/presicion_label_\u60f3\u8d77": 0.0, "val/recall_label_\u60f3\u8d77": 0.0, "val/f1score_label_\u60f3\u8d77": 0.0, "val/accuracy_label_\u9a5a\u304d\u3068\u3044\u3076\u304b\u308a": 0.9793577790260315, "val/presicion_label_\u9a5a\u304d\u3068\u3044\u3076\u304b\u308a": 0.0, "val/recall_label_\u9a5a\u304d\u3068\u3044\u3076\u304b\u308a": 0.0, "val/f1score_label_\u9a5a\u304d\u3068\u3044\u3076\u304b\u308a": 0.0, "val/accuracy_label_\u305d\u306e\u4ed6": 0.8417431116104126, "val/presicion_label_\u305d\u306e\u4ed6": 0.0, "val/recall_label_\u305d\u306e\u4ed6": 0.0, "val/f1score_label_\u305d\u306e\u4ed6": 0.0, "epoch": 3, "trainer/global_step": 223, "_timestamp": 1714447260.5402827, "_runtime": 483.03707361221313, "_step": 100, "train_loss": 0.16727344691753387, "train/multilabelaccuracy": 0.8918125033378601, "train/multilabelprecision": 0.11273990571498871, "train/multilabelrecall": 0.07852815091609955, "train/multilabelf1score": 0.08422758430242538, "train/multilabelmatthewscorrcoef": 0.516380786895752, "train/accuracy_label_\u3042\u3044\u3065\u3061": 0.9290000200271606, "train/presicion_label_\u3042\u3044\u3065\u3061": 0.9332659244537354, "train/recall_label_\u3042\u3044\u3065\u3061": 0.9946120977401733, "train/f1score_label_\u3042\u3044\u3065\u3061": 0.9629629850387573, "train/accuracy_label_\u611f\u5fc3": 0.3840000033378601, "train/presicion_label_\u611f\u5fc3": 0.0, "train/recall_label_\u611f\u5fc3": 0.0, "train/f1score_label_\u611f\u5fc3": 0.0, "train/accuracy_label_\u8a55\u4fa1": 0.8700000047683716, "train/presicion_label_\u8a55\u4fa1": 0.190476194024086, "train/recall_label_\u8a55\u4fa1": 0.03418803587555885, "train/f1score_label_\u8a55\u4fa1": 0.05797101557254791, "train/accuracy_label_\u7e70\u308a\u8fd4\u3057\u5fdc\u7b54": 0.7080000042915344, "train/presicion_label_\u7e70\u308a\u8fd4\u3057\u5fdc\u7b54": 0.38842976093292236, "train/recall_label_\u7e70\u308a\u8fd4\u3057\u5fdc\u7b54": 0.1773584932088852, "train/f1score_label_\u7e70\u308a\u8fd4\u3057\u5fdc\u7b54": 0.24352331459522247, "train/accuracy_label_\u540c\u610f": 0.8700000047683716, "train/presicion_label_\u540c\u610f": 0.1666666716337204, "train/recall_label_\u540c\u610f": 0.016393441706895828, "train/f1score_label_\u540c\u610f": 0.02985074557363987, "train/accuracy_label_\u7d0d\u5f97": 0.9179999828338623, "train/presicion_label_\u7d0d\u5f97": 0.0, "train/recall_label_\u7d0d\u5f97": 0.0, "train/f1score_label_\u7d0d\u5f97": 0.0, "train/accuracy_label_\u9a5a\u304d": 0.9350000023841858, "train/presicion_label_\u9a5a\u304d": 0.0, "train/recall_label_\u9a5a\u304d": 0.0, "train/f1score_label_\u9a5a\u304d": 0.0, "train/accuracy_label_\u8a00\u3044\u63db\u3048": 1.0, "train/presicion_label_\u8a00\u3044\u63db\u3048": 0.0, "train/recall_label_\u8a00\u3044\u63db\u3048": 0.0, "train/f1score_label_\u8a00\u3044\u63db\u3048": 0.0, "train/accuracy_label_\u610f\u898b": 0.9490000009536743, "train/presicion_label_\u610f\u898b": 0.0, "train/recall_label_\u610f\u898b": 0.0, "train/f1score_label_\u610f\u898b": 0.0, "train/accuracy_label_\u8003\u3048\u3066\u3044\u308b\u6700\u4e2d": 0.9739999771118164, "train/presicion_label_\u8003\u3048\u3066\u3044\u308b\u6700\u4e2d": 0.0, "train/recall_label_\u8003\u3048\u3066\u3044\u308b\u6700\u4e2d": 0.0, "train/f1score_label_\u8003\u3048\u3066\u3044\u308b\u6700\u4e2d": 0.0, "train/accuracy_label_\u4e0d\u540c\u610f": 0.972000002861023, "train/presicion_label_\u4e0d\u540c\u610f": 0.0, "train/recall_label_\u4e0d\u540c\u610f": 0.0, "train/f1score_label_\u4e0d\u540c\u610f": 0.0, "train/accuracy_label_\u88dc\u5b8c": 0.9290000200271606, "train/presicion_label_\u88dc\u5b8c": 0.125, "train/recall_label_\u88dc\u5b8c": 0.033898305147886276, "train/f1score_label_\u88dc\u5b8c": 0.0533333346247673, "train/accuracy_label_\u3042\u3044\u3055\u3064": 0.9909999966621399, "train/presicion_label_\u3042\u3044\u3055\u3064": 0.0, "train/recall_label_\u3042\u3044\u3055\u3064": 0.0, "train/f1score_label_\u3042\u3044\u3055\u3064": 0.0, "train/accuracy_label_\u60f3\u8d77": 0.9959999918937683, "train/presicion_label_\u60f3\u8d77": 0.0, "train/recall_label_\u60f3\u8d77": 0.0, "train/f1score_label_\u60f3\u8d77": 0.0, "train/accuracy_label_\u9a5a\u304d\u3068\u3044\u3076\u304b\u308a": 0.9829999804496765, "train/presicion_label_\u9a5a\u304d\u3068\u3044\u3076\u304b\u308a": 0.0, "train/recall_label_\u9a5a\u304d\u3068\u3044\u3076\u304b\u308a": 0.0, "train/f1score_label_\u9a5a\u304d\u3068\u3044\u3076\u304b\u308a": 0.0, "train/accuracy_label_\u305d\u306e\u4ed6": 0.8610000014305115, "train/presicion_label_\u305d\u306e\u4ed6": 0.0, "train/recall_label_\u305d\u306e\u4ed6": 0.0, "train/f1score_label_\u305d\u306e\u4ed6": 0.0, "train/loss": 0.16672131419181824, "_wandb": {"runtime": 482}}