{"val_loss": 0.1662440001964569, "val/multilabelaccuracy": 0.8325421810150146, "val/multilabelprecision": 0.1411367654800415, "val/multilabelrecall": 0.19755908846855164, "val/multilabelf1score": 0.1526648998260498, "val/multilabelmatthewscorrcoef": 0.4548141360282898, "val/accuracy_label_\u3042\u3044\u3065\u3061": 0.8691983222961426, "val/presicion_label_\u3042\u3044\u3065\u3061": 0.9028697609901428, "val/recall_label_\u3042\u3044\u3065\u3061": 0.9578454494476318, "val/f1score_label_\u3042\u3044\u3065\u3061": 0.9295454621315002, "val/accuracy_label_\u611f\u5fc3": 0.7172995805740356, "val/presicion_label_\u611f\u5fc3": 0.7093275785446167, "val/recall_label_\u611f\u5fc3": 1.0, "val/f1score_label_\u611f\u5fc3": 0.8299492597579956, "val/accuracy_label_\u8a55\u4fa1": 0.8101266026496887, "val/presicion_label_\u8a55\u4fa1": 0.0, "val/recall_label_\u8a55\u4fa1": 0.0, "val/f1score_label_\u8a55\u4fa1": 0.0, "val/accuracy_label_\u7e70\u308a\u8fd4\u3057\u5fdc\u7b54": 0.6729958057403564, "val/presicion_label_\u7e70\u308a\u8fd4\u3057\u5fdc\u7b54": 0.24561403691768646, "val/recall_label_\u7e70\u308a\u8fd4\u3057\u5fdc\u7b54": 0.1111111119389534, "val/f1score_label_\u7e70\u308a\u8fd4\u3057\u5fdc\u7b54": 0.1530054658651352, "val/accuracy_label_\u540c\u610f": 0.8059071898460388, "val/presicion_label_\u540c\u610f": 0.19117647409439087, "val/recall_label_\u540c\u610f": 0.25999999046325684, "val/f1score_label_\u540c\u610f": 0.22033898532390594, "val/accuracy_label_\u7d0d\u5f97": 0.8396624326705933, "val/presicion_label_\u7d0d\u5f97": 0.0784313753247261, "val/recall_label_\u7d0d\u5f97": 0.12121212482452393, "val/f1score_label_\u7d0d\u5f97": 0.095238097012043, "val/accuracy_label_\u9a5a\u304d": 0.8966244459152222, "val/presicion_label_\u9a5a\u304d": 0.0, "val/recall_label_\u9a5a\u304d": 0.0, "val/f1score_label_\u9a5a\u304d": 0.0, "val/accuracy_label_\u8a00\u3044\u63db\u3048": 0.9620253443717957, "val/presicion_label_\u8a00\u3044\u63db\u3048": 0.0, "val/recall_label_\u8a00\u3044\u63db\u3048": 0.0, "val/f1score_label_\u8a00\u3044\u63db\u3048": 0.0, "val/accuracy_label_\u610f\u898b": 0.8037974834442139, "val/presicion_label_\u610f\u898b": 0.04938271641731262, "val/recall_label_\u610f\u898b": 0.20000000298023224, "val/f1score_label_\u610f\u898b": 0.07920791953802109, "val/accuracy_label_\u8003\u3048\u3066\u3044\u308b\u6700\u4e2d": 0.799578070640564, "val/presicion_label_\u8003\u3048\u3066\u3044\u308b\u6700\u4e2d": 0.010869565419852734, "val/recall_label_\u8003\u3048\u3066\u3044\u308b\u6700\u4e2d": 0.20000000298023224, "val/f1score_label_\u8003\u3048\u3066\u3044\u308b\u6700\u4e2d": 0.020618556067347527, "val/accuracy_label_\u4e0d\u540c\u610f": 0.8059071898460388, "val/presicion_label_\u4e0d\u540c\u610f": 0.013698630034923553, "val/recall_label_\u4e0d\u540c\u610f": 0.0476190485060215, "val/f1score_label_\u4e0d\u540c\u610f": 0.021276595070958138, "val/accuracy_label_\u88dc\u5b8c": 0.7953586578369141, "val/presicion_label_\u88dc\u5b8c": 0.05681818351149559, "val/recall_label_\u88dc\u5b8c": 0.2631579041481018, "val/f1score_label_\u88dc\u5b8c": 0.09345794469118118, "val/accuracy_label_\u3042\u3044\u3055\u3064": 0.8586497902870178, "val/presicion_label_\u3042\u3044\u3055\u3064": 0.0, "val/recall_label_\u3042\u3044\u3055\u3064": 0.0, "val/f1score_label_\u3042\u3044\u3055\u3064": 0.0, "val/accuracy_label_\u60f3\u8d77": 0.8438818454742432, "val/presicion_label_\u60f3\u8d77": 0.0, "val/recall_label_\u60f3\u8d77": 0.0, "val/f1score_label_\u60f3\u8d77": 0.0, "val/accuracy_label_\u9a5a\u304d\u3068\u3044\u3076\u304b\u308a": 1.0, "val/presicion_label_\u9a5a\u304d\u3068\u3044\u3076\u304b\u308a": 0.0, "val/recall_label_\u9a5a\u304d\u3068\u3044\u3076\u304b\u308a": 0.0, "val/f1score_label_\u9a5a\u304d\u3068\u3044\u3076\u304b\u308a": 0.0, "val/accuracy_label_\u305d\u306e\u4ed6": 0.8396624326705933, "val/presicion_label_\u305d\u306e\u4ed6": 0.0, "val/recall_label_\u305d\u306e\u4ed6": 0.0, "val/f1score_label_\u305d\u306e\u4ed6": 0.0, "epoch": 3, "trainer/global_step": 111, "_timestamp": 1714626200.5928411, "_runtime": 506.7555510997772, "_step": 107, "train_loss": 0.16691260039806366, "train/multilabelaccuracy": 0.9031250476837158, "train/multilabelprecision": 0.15893930196762085, "train/multilabelrecall": 0.15180376172065735, "train/multilabelf1score": 0.13705696165561676, "train/multilabelmatthewscorrcoef": 0.6132418513298035, "train/accuracy_label_\u3042\u3044\u3065\u3061": 0.9279999732971191, "train/presicion_label_\u3042\u3044\u3065\u3061": 0.9279999732971191, "train/recall_label_\u3042\u3044\u3065\u3061": 1.0, "train/f1score_label_\u3042\u3044\u3065\u3061": 0.9626556038856506, "train/accuracy_label_\u611f\u5fc3": 0.6330000162124634, "train/presicion_label_\u611f\u5fc3": 0.630094051361084, "train/recall_label_\u611f\u5fc3": 0.9788960814476013, "train/f1score_label_\u611f\u5fc3": 0.7666878700256348, "train/accuracy_label_\u8a55\u4fa1": 0.8830000162124634, "train/presicion_label_\u8a55\u4fa1": 0.0, "train/recall_label_\u8a55\u4fa1": 0.0, "train/f1score_label_\u8a55\u4fa1": 0.0, "train/accuracy_label_\u7e70\u308a\u8fd4\u3057\u5fdc\u7b54": 0.7319999933242798, "train/presicion_label_\u7e70\u308a\u8fd4\u3057\u5fdc\u7b54": 0.20000000298023224, "train/recall_label_\u7e70\u308a\u8fd4\u3057\u5fdc\u7b54": 0.0037735849618911743, "train/f1score_label_\u7e70\u308a\u8fd4\u3057\u5fdc\u7b54": 0.007407407276332378, "train/accuracy_label_\u540c\u610f": 0.8550000190734863, "train/presicion_label_\u540c\u610f": 0.2982456088066101, "train/recall_label_\u540c\u610f": 0.13934426009655, "train/f1score_label_\u540c\u610f": 0.18994413316249847, "train/accuracy_label_\u7d0d\u5f97": 0.9240000247955322, "train/presicion_label_\u7d0d\u5f97": 0.25, "train/recall_label_\u7d0d\u5f97": 0.013513513840734959, "train/f1score_label_\u7d0d\u5f97": 0.025641025975346565, "train/accuracy_label_\u9a5a\u304d": 0.9359999895095825, "train/presicion_label_\u9a5a\u304d": 0.0, "train/recall_label_\u9a5a\u304d": 0.0, "train/f1score_label_\u9a5a\u304d": 0.0, "train/accuracy_label_\u8a00\u3044\u63db\u3048": 0.9990000128746033, "train/presicion_label_\u8a00\u3044\u63db\u3048": 0.0, "train/recall_label_\u8a00\u3044\u63db\u3048": 0.0, "train/f1score_label_\u8a00\u3044\u63db\u3048": 0.0, "train/accuracy_label_\u610f\u898b": 0.9409999847412109, "train/presicion_label_\u610f\u898b": 0.09090909361839294, "train/recall_label_\u610f\u898b": 0.04878048598766327, "train/f1score_label_\u610f\u898b": 0.0634920671582222, "train/accuracy_label_\u8003\u3048\u3066\u3044\u308b\u6700\u4e2d": 0.9340000152587891, "train/presicion_label_\u8003\u3048\u3066\u3044\u308b\u6700\u4e2d": 0.05882352963089943, "train/recall_label_\u8003\u3048\u3066\u3044\u308b\u6700\u4e2d": 0.1428571492433548, "train/f1score_label_\u8003\u3048\u3066\u3044\u308b\u6700\u4e2d": 0.0833333358168602, "train/accuracy_label_\u4e0d\u540c\u610f": 0.9710000157356262, "train/presicion_label_\u4e0d\u540c\u610f": 0.0, "train/recall_label_\u4e0d\u540c\u610f": 0.0, "train/f1score_label_\u4e0d\u540c\u610f": 0.0, "train/accuracy_label_\u88dc\u5b8c": 0.8840000033378601, "train/presicion_label_\u88dc\u5b8c": 0.08695652335882187, "train/recall_label_\u88dc\u5b8c": 0.10169491171836853, "train/f1score_label_\u88dc\u5b8c": 0.09375, "train/accuracy_label_\u3042\u3044\u3055\u3064": 0.9900000095367432, "train/presicion_label_\u3042\u3044\u3055\u3064": 0.0, "train/recall_label_\u3042\u3044\u3055\u3064": 0.0, "train/f1score_label_\u3042\u3044\u3055\u3064": 0.0, "train/accuracy_label_\u60f3\u8d77": 0.9789999723434448, "train/presicion_label_\u60f3\u8d77": 0.0, "train/recall_label_\u60f3\u8d77": 0.0, "train/f1score_label_\u60f3\u8d77": 0.0, "train/accuracy_label_\u9a5a\u304d\u3068\u3044\u3076\u304b\u308a": 1.0, "train/presicion_label_\u9a5a\u304d\u3068\u3044\u3076\u304b\u308a": 0.0, "train/recall_label_\u9a5a\u304d\u3068\u3044\u3076\u304b\u308a": 0.0, "train/f1score_label_\u9a5a\u304d\u3068\u3044\u3076\u304b\u308a": 0.0, "train/accuracy_label_\u305d\u306e\u4ed6": 0.8610000014305115,